window_index,start_frame_index,end_frame_index,sample_count,checksum_failure_ratio,invalid_decoded_ratio,duration_ms,rpm_mean,rpm_std,rpm_min,rpm_max,rpm_range,rpm_median,rpm_first,rpm_last,rpm_delta,rpm_slope,rpm_mean_absolute_diff,rpm_max_absolute_diff,rpm_constant_signal,tps_voltage_mean,tps_voltage_std,tps_voltage_min,tps_voltage_max,tps_voltage_range,tps_voltage_median,tps_voltage_first,tps_voltage_last,tps_voltage_delta,tps_voltage_slope,tps_voltage_mean_absolute_diff,tps_voltage_max_absolute_diff,tps_voltage_constant_signal,tps_raw_mean,tps_raw_std,tps_raw_min,tps_raw_max,tps_raw_range,tps_raw_median,tps_raw_first,tps_raw_last,tps_raw_delta,tps_raw_slope,tps_raw_mean_absolute_diff,tps_raw_max_absolute_diff,tps_raw_constant_signal,battery_voltage_mean,battery_voltage_std,battery_voltage_min,battery_voltage_max,battery_voltage_range,battery_voltage_median,battery_voltage_first,battery_voltage_last,battery_voltage_delta,battery_voltage_slope,battery_voltage_mean_absolute_diff,battery_voltage_max_absolute_diff,battery_voltage_constant_signal,iat_c_mean,iat_c_std,iat_c_min,iat_c_max,iat_c_range,iat_c_median,iat_c_first,iat_c_last,iat_c_delta,iat_c_slope,iat_c_mean_absolute_diff,iat_c_max_absolute_diff,iat_c_constant_signal,ect_c_mean,ect_c_std,ect_c_min,ect_c_max,ect_c_range,ect_c_median,ect_c_first,ect_c_last,ect_c_delta,ect_c_slope,ect_c_mean_absolute_diff,ect_c_max_absolute_diff,ect_c_constant_signal,corr_rpm_tps_voltage,corr_rpm_tps_raw,rpm_per_tps_voltage
0,0,49,50,0,0,12250,2761.8400000000001,1566.7054778738727,20,5772,5752,2009,20,4153,4133,84.34693877551021,329.0408163265306,1500,0,0.88710937499999998,0.65880374117392915,0.48828125,2.9296875,2.44140625,0.48828125,0.48828125,0.48828125,0,0,0.22082270408163265,1.30859375,0,15.720000000000001,26.188577662790319,0,97,97,0,0,0,0,0,8.6530612244897966,52,0,14.422000000000001,0.46142821760269487,11.5,14.800000000000001,3.3000000000000007,14.5,11.5,14.5,3,0.061224489795918366,0.21224489795918336,2,0,46,0,46,46,0,46,46,46,0,0,0,0,1,89.959999999999994,0.72000000000000008,89,92,3,90,89,90,1,0.020408163265306121,0.26530612244897961,2,0,0.75451144062612718,0.75209102075580547,3113.3026860413916
1,10,59,50,0,0,12249,3277.6199999999999,1437.4817131358575,1303,5772,4469,3792,3140,3760,620,12.653061224489797,265.71428571428572,1248,0,0.89765625000000004,0.64727116492046821,0.48828125,2.9296875,2.44140625,0.5859375,0.48828125,0.546875,0.05859375,0.0011957908163265306,0.20448022959183673,1.30859375,0,16.039999999999999,25.783684763819153,0,97,97,3.5,0,1,1,0.020408163265306121,8.0204081632653068,52,0,14.51,0.12999999999999984,14.199999999999999,14.800000000000001,0.60000000000000142,14.5,14.6,14.5,-0.099999999999999645,-0.0020408163265306051,0.15306122448979567,0.5,0,46,0,46,46,0,46,46,46,0,0,0,0,1,90.159999999999997,0.54258639865002145,90,92,2,90,90,90,0,0,0.24489795918367346,2,0,0.66266088429042802,0.65794664904408551,3651.3086161879892
2,20,69,50,0,0,12250,3660.9000000000001,1199.9500697945728,1303,5772,4469,3864.5,1349,3356,2007,40.95918367346939,261.28571428571428,1248,0,0.919921875,0.63818191259581547,0.48828125,2.9296875,2.44140625,0.654296875,0.48828125,0.48828125,0,0,0.23517219387755103,1.30859375,0,16.859999999999999,25.46763436206826,0,97,97,6.5,0,0,0,0,9.2653061224489797,52,0,14.523999999999999,0.13199999999999984,14.199999999999999,14.800000000000001,0.60000000000000142,14.5,14.4,14.5,0.099999999999999645,0.0020408163265306051,0.15306122448979567,0.5,0,46,0,46,46,0,46,46,46,0,0,0,0,1,90.159999999999997,0.54258639865002145,90,92,2,90,90,90,0,0,0.24489795918367346,2,0,0.6046278725170342,0.60094935623757606,3979.5770700636945
3,30,79,50,0,0,12250,4003.1599999999999,682.01974634170233,3071,5772,2701,3864.5,3933,3487,-446,-9.1020408163265305,230.48979591836735,1248,0,0.91796875,0.63183518281446427,0.48828125,2.9296875,2.44140625,0.673828125,0.60546875,0.859375,0.25390625,0.0051817602040816323,0.22600446428571427,1.30859375,0,16.719999999999999,25.265027211542836,0,97,97,7,4,14,10,0.20408163265306123,8.9387755102040813,52,0,14.540000000000003,0.1199999999999999,14.199999999999999,14.800000000000001,0.60000000000000142,14.5,14.800000000000001,14.5,-0.30000000000000071,-0.0061224489795918512,0.14489795918367321,0.5,0,46,0,46,46,0,46,46,46,0,0,0,0,1,90.159999999999997,0.54258639865002145,90,92,2,90,90,90,0,0,0.24489795918367346,2,0,0.7887609825837778,0.78874642357337654,4360.8891914893611
4,40,89,50,0,0,12249,3984.1999999999998,621.15209087630058,3225,5772,2547,3889.5,5581,4054,-1527,-31.163265306122447,158.30612244897958,474,0,0.83515625000000004,0.55771292003312511,0.48828125,2.9296875,2.44140625,0.68359375,2.6171875,0.83984375,-1.77734375,-0.036272321428571432,0.15983737244897958,1.30859375,0,13.4,22.321290285285929,0,97,97,7,85,14,-71,-1.4489795918367347,6.2653061224489797,52,0,14.539999999999997,0.11661903789690584,14.4,14.800000000000001,0.40000000000000036,14.5,14.4,14.800000000000001,0.40000000000000036,0.0081632653061224567,0.13877551020408133,0.40000000000000036,0,46,0,46,46,0,46,46,46,0,0,0,0,1,90.120000000000005,0.4749736834815167,90,92,2,90,90,90,0,0,0.16326530612244897,2,0,0.84067210641420798,0.84097154928250106,4770.6043030869969
5,50,99,50,0,0,12253,3822.4000000000001,303.14069340819293,3225,4363,1138,3889.5,3948,4363,415,8.4693877551020407,118.38775510204081,357,0,0.69921875,0.15113704782932111,0.48828125,0.9765625,0.48828125,0.693359375,0.48828125,0.95703125,0.46875,0.0095663265306122451,0.095663265306122444,0.41015625,0,7.8600000000000003,5.9498235267947228,0,19,19,7.5,0,18,18,0.36734693877551022,3.8367346938775508,17,0,14.529999999999999,0.10816653826391948,14.4,14.800000000000001,0.40000000000000036,14.5,14.5,14.5,0,0,0.12653061224489764,0.40000000000000036,0,46,0,46,46,0,46,46,46,0,0,0,0,1,90,0,90,90,0,90,90,90,0,0,0,0,1,0.52301838018458013,0.50847133528952093,5466.6726256983238
6,60,109,50,0,0,12249,3893.0999999999999,401.19836739448476,3225,4990,1765,3894.5,3679,3867,188,3.8367346938775508,130.48979591836735,529,0,0.75078124999999996,0.24366860620202493,0.48828125,1.54296875,1.0546875,0.76171875,0.546875,0.703125,0.15625,0.0031887755102040817,0.11957908163265306,0.78125,0,9.9600000000000009,9.6725591236239037,0,42,42,10.5,2,8,6,0.12244897959183673,4.7755102040816331,30,0,14.529999999999999,0.10049875621120866,14.4,14.800000000000001,0.40000000000000036,14.5,14.6,14.5,-0.099999999999999645,-0.0020408163265306051,0.11224489795918335,0.40000000000000036,0,46,0,46,46,0,46,46,46,0,0,0,0,1,90,0,90,90,0,90,90,90,0,0,0,0,1,0.67839031970363983,0.67580629566015782,5185.3985431841829
7,70,119,50,0,0,12250,4036.48,434.0295492244739,3225,4990,1765,4049,3282,4744,1462,29.836734693877553,135.9591836734694,529,0,0.82773437500000002,0.25884293366178768,0.48828125,1.54296875,1.0546875,0.83984375,0.48828125,1.11328125,0.625,0.012755102040816327,0.12356505102040816,0.78125,0,13,10.313098467482989,0,42,42,13,0,24,24,0.48979591836734693,4.9387755102040813,30,0,14.510000000000002,0.098488578017960807,14.4,14.800000000000001,0.40000000000000036,14.5,14.5,14.5,0,0,0.11020408163265275,0.40000000000000036,0,46,0,46,46,0,46,46,46,0,0,0,0,1,90,0,90,90,0,90,90,90,0,0,0,0,1,0.68932136274987277,0.68829079164075468,4876.5402548371876
8,80,129,50,0,0,12250,4163.7200000000003,361.69152823918893,3432,4990,1558,4151,3686,3476,-210,-4.2857142857142856,133.63265306122449,529,0,0.81679687499999998,0.27459826168835377,0.48828125,1.54296875,1.0546875,0.83984375,0.76171875,0.48828125,-0.2734375,-0.005580357142857143,0.11639030612244898,0.78125,0,12.640000000000001,10.851285638116803,0,42,42,13,10,0,-10,-0.20408163265306123,4.6530612244897958,30,0,14.507999999999999,0.093466571564383163,14.4,14.800000000000001,0.40000000000000036,14.5,14.6,14.5,-0.099999999999999645,-0.0020408163265306051,0.10408163265306093,0.40000000000000036,0,46,0,46,46,0,46,46,46,0,0,0,0,1,90,0,90,90,0,90,90,90,0,0,0,0,1,0.65188479088168039,0.64960952183177123,5097.6198947871835
9,90,139,50,0,0,12250,4045.6799999999998,512.6070011226924,2982,4990,2008,4151,4115,3194,-921,-18.795918367346939,141.16326530612244,529,0,0.77226562499999996,0.29375441527599311,0.48828125,1.54296875,1.0546875,0.72265625,0.83984375,0.546875,-0.29296875,-0.0059789540816326528,0.11360012755102041,0.78125,0,10.859999999999999,11.591393358867604,0,42,42,8.5,13,2,-11,-0.22448979591836735,4.5102040816326534,30,0,14.495999999999999,0.071999999999999745,14.4,14.699999999999999,0.29999999999999893,14.5,14.5,14.6,0.099999999999999645,0.0020408163265306051,0.075510204081632379,0.19999999999999929,0,46,0,46,46,0,46,46,46,0,0,0,0,1,90,0,90,90,0,90,90,90,0,0,0,0,1,0.67939812109044484,0.67979992959783175,5238.7156297420333
10,100,149,50,0,0,12250,3725.02,778.13421695746047,1983,4990,3007,3879,4468,1983,-2485,-50.714285714285715,150.46938775510205,529,0,0.71328124999999998,0.30086342221700035,0.48828125,1.54296875,1.0546875,0.546875,1.25,0.546875,-0.703125,-0.014349489795918368,0.092474489795918366,0.78125,0,8.6199999999999992,11.88930611936626,0,42,42,2,30,2,-28,-0.5714285714285714,3.6326530612244898,30,0,14.502000000000001,0.076131465242696858,14.4,14.699999999999999,0.29999999999999893,14.5,14.6,14.5,-0.099999999999999645,-0.0020408163265306051,0.079591836734693597,0.19999999999999929,0,46,0,46,46,0,46,46,46,0,0,0,0,1,90,0,90,90,0,90,90,90,0,0,0,0,1,0.62732774826318705,0.62985491810705374,5222.3719605695514
11,110,159,50,0,0,12250,3169.3200000000002,1064.7274663499575,1493,4744,3251,3212.5,4169,1519,-2650,-54.081632653061227,122.12244897959184,397,0,0.64960937500000004,0.2251372872176067,0.48828125,1.2890625,0.80078125,0.546875,1.015625,0.625,-0.390625,-0.0079719387755102043,0.055803571428571432,0.60546875,0,6.0800000000000001,8.854016037934425,0,31,31,2,21,5,-16,-0.32653061224489793,2.1632653061224492,24,0,14.497999999999999,0.078714674616617436,14.4,14.699999999999999,0.29999999999999893,14.5,14.4,14.6,0.19999999999999929,0.0040816326530612101,0.081632653061224206,0.19999999999999929,0,46,0,46,46,0,46,46,46,0,0,0,0,1,90,0,90,90,0,90,90,90,0,0,0,0,1,0.55852327032436144,0.56311553721234542,4878.808899579074
12,120,169,50,0,0,12249,3050.6399999999999,985.55277403089883,1493,4744,3251,3171,4740,4499,-241,-4.9183673469387754,155.77551020408163,1472,0,0.68789062499999998,0.26996370424804911,0.48828125,1.34765625,0.859375,0.546875,0.95703125,1.2890625,0.33203125,0.0067761479591836732,0.045041454081632654,0.46875,0,7.5800000000000001,10.579395067772071,0,34,34,2,18,31,13,0.26530612244897961,1.7755102040816326,18,0,14.51,0.080622577482985208,14.4,14.699999999999999,0.29999999999999893,14.5,14.699999999999999,14.5,-0.19999999999999929,-0.0040816326530612101,0.081632653061224206,0.29999999999999893,0,46,0,46,46,0,46,46,46,0,0,0,0,1,90,0,90,90,0,90,90,90,0,0,0,0,1,0.46443181476956907,0.46985319081663363,4434.774787052811
13,130,179,50,0,0,12252,3265.8800000000001,1253.743636314857,1493,5535,4042,3171,3339,5535,2196,44.816326530612244,148.16326530612244,1472,0,0.93593749999999998,0.52200480234560587,0.48828125,2.109375,1.62109375,0.556640625,0.48828125,2.109375,1.62109375,0.033083545918367346,0.056202168367346941,0.41015625,0,17.399999999999999,20.715211801958482,0,64,64,2,0,64,64,1.3061224489795917,2.204081632653061,16,0,14.514000000000001,0.084876380695691478,14.4,14.699999999999999,0.29999999999999893,14.5,14.5,14.5,0,0,0.097959183673469036,0.29999999999999893,0,46,0,46,46,0,46,46,46,0,0,0,0,1,90,0,90,90,0,90,90,90,0,0,0,0,1,0.86586775663852866,0.86610445017772963,3489.4210350584308
14,140,189,50,0,0,12252,3832.48,1680.9262713159078,1493,6423,4930,3968.5,3118,6423,3305,67.448979591836732,139.32653061224491,1472,0,1.2875000000000001,0.72349866439601151,0.546875,2.71484375,2.16796875,1.171875,0.546875,2.63671875,2.08984375,0.042649872448979595,0.073740433673469385,0.41015625,0,31.440000000000001,28.825794004675739,2,89,87,26.5,2,86,84,1.7142857142857142,2.9387755102040818,16,0,14.513999999999999,0.087200917426366265,14.4,14.699999999999999,0.29999999999999893,14.5,14.5,14.6,0.099999999999999645,0.0020408163265306051,0.10408163265306085,0.29999999999999893,0,46,0,46,46,0,46,46,46,0,0,0,0,1,90,0,90,90,0,90,90,90,0,0,0,0,1,0.95110113219251557,0.95088034130074484,2976.6834951456308
15,150,199,50,0,0,12250,4596.5600000000004,1805.5174899180565,1493,6787,5294,5193,1768,5992,4224,86.204081632653057,150.69387755102042,1472,0,1.5855468749999999,0.7838111340105014,0.48828125,2.96875,2.48046875,1.5625,0.546875,1.07421875,0.52734375,0.010762117346938776,0.15824298469387754,1.50390625,0,43.32,31.289256942279724,0,98,98,42.5,2,23,21,0.42857142857142855,6.2653061224489797,60,0,14.517999999999999,0.088746830929334844,14.4,14.699999999999999,0.29999999999999893,14.5,14.4,14.5,0.099999999999999645,0.0020408163265306051,0.10816326530612207,0.29999999999999893,0,46,0,46,46,0,46,46,46,0,0,0,0,1,90,0,90,90,0,90,90,90,0,0,0,0,1,0.8460156008142411,0.84561744924481441,2899.0375954668643
16,160,209,50,0,0,12249,5455.8999999999996,1003.8867117359408,2000,6787,4787,5636,2000,5372,3372,68.816326530612244,156.36734693877551,1472,0,1.64140625,0.73187698481263741,0.48828125,2.96875,2.48046875,1.5625,1.03515625,0.5078125,-0.52734375,-0.010762117346938776,0.16860650510204081,1.50390625,0,45.560000000000002,29.201479414577612,0,98,98,42.5,21,0,-21,-0.42857142857142855,6.6734693877551017,60,0,14.527999999999999,0.10007996802557417,14.4,14.800000000000001,0.40000000000000036,14.5,14.699999999999999,14.6,-0.099999999999999645,-0.0020408163265306051,0.1285714285714282,0.40000000000000036,0,46,0,46,46,0,46,46,46,0,0,0,0,1,90,0,90,90,0,90,90,90,0,0,0,0,1,0.4821459674968005,0.48541726396325879,3323.9181342217989
17,170,219,50,0,0,12249,5710.9399999999996,590.25860129268767,4700,6787,2087,5636,4700,5236,536,10.938775510204081,116.40816326530613,837,0,1.5277343750000001,0.83595840000158095,0.48828125,2.96875,2.48046875,1.5625,1.26953125,1.0546875,-0.21484375,-0.0043845663265306119,0.16940369897959184,1.50390625,0,41.079999999999998,33.312964443291442,0,98,98,42.5,31,22,-9,-0.18367346938775511,6.6734693877551017,60,0,14.528000000000002,0.098061205377049848,14.4,14.800000000000001,0.40000000000000036,14.5,14.699999999999999,14.6,-0.099999999999999645,-0.0020408163265306051,0.1285714285714282,0.40000000000000036,0,46,0,46,46,0,46,46,46,0,0,0,0,1,90,0,90,90,0,90,90,90,0,0,0,0,1,0.60868888351714512,0.60977185291594949,3738.1760163641006
18,180,229,50,0,0,12250,5835.3599999999997,516.93364216309237,4818,6787,1969,5894,5654,6117,463,9.4489795918367339,114.91836734693878,837,0,1.4722656249999999,0.81993936826264968,0.48828125,2.96875,2.48046875,1.38671875,2.109375,1.7578125,-0.3515625,-0.0071747448979591838,0.17219387755102042,1.50390625,0,38.880000000000003,32.691062998929851,0,98,98,35.5,65,50,-15,-0.30612244897959184,6.7551020408163263,60,0,14.532,0.094741754258615959,14.4,14.800000000000001,0.40000000000000036,14.5,14.4,14.5,0.099999999999999645,0.0020408163265306051,0.11224489795918342,0.40000000000000036,0,46,0,46,46,0,46,46,46,0,0,0,0,1,90,0,90,90,0,90,90,90,0,0,0,0,1,0.79170250978724399,0.79205372308410049,3963.5239055452375
19,190,239,50,0,0,12250,5733.2200000000003,544.17593809355446,4818,6787,1969,5690,6429,5153,-1276,-26.040816326530614,128.77551020408163,837,0,1.18359375,0.74829925980623724,0.48828125,2.96875,2.48046875,1.07421875,2.265625,0.78125,-1.484375,-0.030293367346938774,0.16980229591836735,1.50390625,0,27.379999999999999,29.770381253856996,0,98,98,23,71,11,-60,-1.2244897959183674,6.6530612244897958,60,0,14.527999999999999,0.091738759529437608,14.4,14.800000000000001,0.40000000000000036,14.5,14.5,14.4,-0.099999999999999645,-0.0020408163265306051,0.099999999999999784,0.40000000000000036,0,46,0,46,46,0,46,46,46,0,0,0,0,1,90,0,90,90,0,90,90,90,0,0,0,0,1,0.83417107550428826,0.83445463458206559,4843.9086468646865
20,200,249,50,0,0,12250,5556.8800000000001,394.05053686043874,4818,6270,1452,5550,6096,5654,-442,-9.0204081632653068,100.04081632653062,628,0,0.98359375000000004,0.45397885606910426,0.48828125,1.85546875,1.3671875,0.947265625,1.07421875,1.30859375,0.234375,0.0047831632653061226,0.11798469387755102,1.07421875,0,19.379999999999999,17.945350372728864,0,54,54,18,23,32,9,0.18367346938775511,4.6326530612244898,42,0,14.527999999999999,0.10007996802557437,14.4,14.800000000000001,0.40000000000000036,14.5,14.699999999999999,14.5,-0.19999999999999929,-0.0040816326530612101,0.11020408163265288,0.40000000000000036,0,46,0,46,46,0,46,46,46,0,0,0,0,1,90,0,90,90,0,90,90,90,0,0,0,0,1,0.73057075813001293,0.73116835659807766,5649.568228752978
21,210,259,50,0,0,12250,5557.1999999999998,379.39968371099104,4818,6270,1452,5574.5,5325,5654,329,6.7142857142857144,106.67346938775511,628,0,1.0843750000000001,0.47496273496914998,0.48828125,1.85546875,1.3671875,1.083984375,0.546875,1.19140625,0.64453125,0.013153698979591837,0.1446906887755102,1.07421875,0,23.379999999999999,18.796691198186984,0,54,54,23,2,28,26,0.53061224489795922,5.7142857142857144,42,0,14.531999999999998,0.10283968105745944,14.300000000000001,14.800000000000001,0.5,14.5,14.5,14.300000000000001,-0.19999999999999929,-0.0040816326530612101,0.1142857142857141,0.40000000000000036,0,46,0,46,46,0,46,46,46,0,0,0,0,1,90,0,90,90,0,90,90,90,0,0,0,0,1,0.84152215287343457,0.841214154947727,5124.7953890489907
22,220,269,50,0,0,12252,5722.2600000000002,314.97325664252833,5061,6270,1209,5729.5,5341,5947,606,12.36734693877551,118.16326530612245,628,0,1.2015625000000001,0.42488868602001217,0.48828125,1.85546875,1.3671875,1.25,1.23046875,1.26953125,0.0390625,0.00079719387755102043,0.16501913265306123,1.07421875,0,28,16.800000000000001,0,54,54,30,29,30,1,0.020408163265306121,6.5510204081632653,42,0,14.532,0.11034491379306972,14.300000000000001,14.800000000000001,0.5,14.5,14.5,14.4,-0.099999999999999645,-0.0020408163265306051,0.12857142857142839,0.40000000000000036,0,46,0,46,46,0,46,46,46,0,0,0,0,1,90,0,90,90,0,90,90,90,0,0,0,0,1,0.7627914911968221,0.76171621887102026,4762.3490247074124
23,230,279,50,0,0,12249,5623.6000000000004,390.84395863310976,4770,6270,1500,5617,6205,4770,-1435,-29.285714285714285,127.85714285714286,628,0,1.008984375,0.45338775382917618,0.48828125,1.85546875,1.3671875,0.927734375,1.85546875,0.48828125,-1.3671875,-0.027901785714285716,0.16581632653061223,1.07421875,0,20.399999999999999,17.859451279364659,0,54,54,17.5,54,0,-54,-1.1020408163265305,6.6122448979591839,42,0,14.527999999999999,0.10961751684835765,14.300000000000001,14.800000000000001,0.5,14.5,14.4,14.5,0.099999999999999645,0.0020408163265306051,0.13673469387755074,0.40000000000000036,0,46,0,46,46,0,46,46,46,0,0,0,0,1,90,0,90,90,0,90,90,90,0,0,0,0,1,0.80426478578910776,0.80413925785114049,5573.5253581107245
24,240,289,50,0,0,12249,5468.6000000000004,476.23565595196669,4611,6140,1529,5567,5244,4611,-633,-12.918367346938776,120.71428571428571,598,0,0.96562499999999996,0.40265006543562426,0.48828125,1.85546875,1.3671875,0.8984375,0.87890625,0.5859375,-0.29296875,-0.0059789540816326528,0.15505420918367346,0.9375,0,18.640000000000001,15.911957767666429,0,54,54,16,15,3,-12,-0.24489795918367346,6.204081632653061,37,0,14.538,0.11294246322796385,14.300000000000001,14.800000000000001,0.5,14.5,14.4,14.5,0.099999999999999645,0.0020408163265306051,0.15714285714285681,0.40000000000000036,0,46,0,46,46,0,46,46,46,0,0,0,0,1,90,0,90,90,0,90,90,90,0,0,0,0,1,0.74543624346848203,0.74778231922613125,5663.2750809061499
25,250,299,50,0,0,12250,5191.1599999999999,712.55583247911181,3933,6140,2207,5205,5721,4139,-1582,-32.285714285714285,127.22448979591837,598,0,0.88124999999999998,0.41907418071901364,0.48828125,1.85546875,1.3671875,0.693359375,1.3671875,0.8203125,-0.546875,-0.011160714285714286,0.13871173469387754,0.9375,0,15.300000000000001,16.58101323803826,0,54,54,7.5,35,13,-22,-0.44897959183673469,5.5102040816326534,37,0,14.536000000000001,0.10725670142233518,14.300000000000001,14.800000000000001,0.5,14.5,14.800000000000001,14.6,-0.20000000000000107,-0.0040816326530612465,0.13469387755102002,0.40000000000000036,0,46,0,46,46,0,46,46,46,0,0,0,0,1,89.959999999999994,0.19595917942265423,89,90,1,90,90,89,-1,-0.020408163265306121,0.061224489795918366,1,0,0.69955287784587628,0.70231602650238489,5890.6780141843974
26,260,309,50,0,0,12249,4850.6599999999999,719.48980840592867,3836,6140,2304,4769.5,5953,3836,-2117,-43.204081632653065,125.16326530612245,598,0,0.74960937500000002,0.31075906665737951,0.48828125,1.54296875,1.0546875,0.6640625,1.40625,0.48828125,-0.91796875,-0.01873405612244898,0.11120854591836735,0.9375,0,10.08,12.227575393347612,0,42,42,7,36,0,-36,-0.73469387755102045,4.408163265306122,37,0,14.527999999999999,0.098061205377049848,14.4,14.800000000000001,0.40000000000000036,14.5,14.6,14.6,0,0,0.12244897959183637,0.40000000000000036,0,46,0,46,46,0,46,46,46,0,0,0,0,1,89.760000000000005,0.42708313008125243,89,90,1,90,90,89,-1,-0.020408163265306121,0.061224489795918366,1,0,0.6162710708689717,0.61927086567003287,6470.9169359041161
27,270,319,50,0,0,12249,4360.96,661.97332151681155,3196,6028,2832,4326.5,6028,3496,-2532,-51.673469387755105,116.28571428571429,598,0,0.6171875,0.17539019000502851,0.48828125,1.42578125,0.9375,0.546875,1.42578125,0.703125,-0.72265625,-0.014748086734693877,0.080117984693877556,0.9375,0,4.9000000000000004,6.8622153857191046,0,37,37,2,37,8,-29,-0.59183673469387754,3.1224489795918369,37,0,14.526,0.091235957823656025,14.300000000000001,14.699999999999999,0.39999999999999858,14.5,14.5,14.5,0,0,0.10612244897959146,0.29999999999999893,0,46,0,46,46,0,46,46,46,0,0,0,0,1,89.560000000000002,0.49638694583963427,89,90,1,90,90,89,-1,-0.020408163265306121,0.061224489795918366,1,0,0.26512953032627468,0.26868644750010362,7065.8592405063291
28,280,329,50,0,0,12250,3939.7600000000002,600.49851157184389,2724,4948,2224,3991,4681,2724,-1957,-39.938775510204081,107.61224489795919,348,0,0.60898437500000002,0.13000772306536496,0.48828125,0.8984375,0.41015625,0.546875,0.48828125,0.48828125,0,0,0.066167091836734693,0.37109375,0,4.5199999999999996,5.0605928506450706,0,16,16,2,0,0,0,0,2.5306122448979593,15,0,14.52,0.089442719099991283,14.300000000000001,14.699999999999999,0.39999999999999858,14.5,14.5,14.4,-0.099999999999999645,-0.0020408163265306051,0.091836734693877223,0.29999999999999893,0,46,0,46,46,0,46,46,46,0,0,0,0,1,89.359999999999999,0.47999999999999998,89,90,1,89,90,89,-1,-0.020408163265306121,0.061224489795918366,1,0,0.52757596682593733,0.52415547820507624,6469.3942270686339
29,290,339,50,0,0,12249,3439.2800000000002,725.44232134608751,1865,4486,2621,3517.5,4486,2427,-2059,-42.020408163265309,114.34693877551021,364,0,0.58125000000000004,0.11617794305772934,0.48828125,0.87890625,0.390625,0.546875,0.546875,0.5859375,0.0390625,0.00079719387755102043,0.046237244897959183,0.3515625,0,3.4399999999999999,4.5040426285726918,0,15,15,2,2,3,1,0.020408163265306121,1.7346938775510203,14,0,14.513999999999999,0.087200917426366265,14.300000000000001,14.699999999999999,0.39999999999999858,14.5,14.5,14.4,-0.099999999999999645,-0.0020408163265306051,0.091836734693877223,0.29999999999999893,0,46,0,46,46,0,46,46,46,0,0,0,0,1,89.159999999999997,0.36660605559646725,89,90,1,89,90,89,-1,-0.020408163265306121,0.061224489795918366,1,0,0.42017648244617772,0.43271310125979767,5917.0408602150537
30,300,349,50,0,0,12249,3070.1799999999998,757.36774924735209,1692,4382,2690,3152,4322,2893,-1429,-29.163265306122447,153.61224489795919,935,0,0.58906250000000004,0.13300537465644011,0.48828125,0.9765625,0.48828125,0.5078125,0.83984375,0.9765625,0.13671875,0.0027901785714285715,0.067362882653061229,0.3515625,0,3.7200000000000002,5.1460275941739759,0,19,19,0,14,19,5,0.10204081632653061,2.5510204081632653,14,0,14.506000000000002,0.085813751811699437,14.300000000000001,14.699999999999999,0.39999999999999858,14.5,14.6,14.5,-0.099999999999999645,-0.0020408163265306051,0.091836734693877223,0.29999999999999893,0,46,0,46,46,0,46,46,46,0,0,0,0,1,89,0,89,89,0,89,89,89,0,0,0,0,1,0.19135548662388885,0.21399980448046052,5211.9766578249328
31,310,359,50,0,0,12252,3027.3800000000001,734.89990855898191,1692,4805,3113,3057,3750,2842,-908,-18.530612244897959,204.0408163265306,935,0,0.63164062499999996,0.22154361531384312,0.48828125,1.6015625,1.11328125,0.5078125,0.48828125,0.48828125,0,0,0.08529974489795919,0.64453125,0,5.4199999999999999,8.7409152838818898,0,44,44,0,0,0,0,0,3.2653061224489797,26,0,14.508000000000003,0.082073138114732463,14.300000000000001,14.699999999999999,0.39999999999999858,14.5,14.6,14.6,0,0,0.08571428571428541,0.29999999999999893,0,46,0,46,46,0,46,46,46,0,0,0,0,1,89.159999999999997,0.36660605559646725,89,90,1,89,89,90,1,0.020408163265306121,0.020408163265306121,1,0,0.45119164002253737,0.46455491416414352,4792.8836116264692
32,320,369,50,0,0,12250,2800.1199999999999,816.52259344123479,1404,4805,3401,2556.5,3531,3609,78,1.5918367346938775,260.24489795918367,935,0,0.65585937500000002,0.22820959743474448,0.48828125,1.6015625,1.11328125,0.556640625,0.68359375,0.87890625,0.1953125,0.0039859693877551021,0.098054846938775517,0.64453125,0,6.3399999999999999,9.0035770669217907,0,44,44,2,8,15,7,0.14285714285714285,3.8163265306122449,26,0,14.505999999999998,0.098812954616284809,14.4,14.9,0.5,14.5,14.6,14.5,-0.099999999999999645,-0.0020408163265306051,0.10408163265306093,0.5,0,46,0,46,46,0,46,46,46,0,0,0,0,1,89.359999999999999,0.48000000000000004,89,90,1,89,89,90,1,0.020408163265306121,0.020408163265306121,1,0,0.57675578190163135,0.58276907843921366,4269.3908278737345
33,330,379,50,0,0,12249,2840,837.69772591311244,1404,4805,3401,2556.5,2582,2839,257,5.2448979591836737,281.28571428571428,935,0,0.68125000000000002,0.22462262189197463,0.48828125,1.6015625,1.11328125,0.615234375,0.48828125,0.5078125,0.01953125,0.00039859693877551021,0.11041135204081633,0.64453125,0,7.3200000000000003,8.8734209862938442,0,44,44,4.5,0,0,0,0,4.3265306122448983,26,0,14.515999999999998,0.10836973747315236,14.4,14.9,0.5,14.5,14.6,14.4,-0.19999999999999929,-0.0040816326530612101,0.12244897959183644,0.5,0,46,0,46,46,0,46,46,46,0,0,0,0,1,89.560000000000002,0.49638694583963427,89,90,1,90,89,90,1,0.020408163265306121,0.020408163265306121,1,0,0.62106319874392357,0.62532047064628693,4168.8073394495414
34,340,389,50,0,0,12250,2807.52,919.45473493805002,1404,4805,3401,2840.5,2453,3317,864,17.632653061224488,325.46938775510205,1291,0,0.70039062500000004,0.22993881075071498,0.48828125,1.6015625,1.11328125,0.634765625,0.625,0.56640625,-0.05859375,-0.0011957908163265306,0.12236926020408163,0.64453125,0,8.0199999999999996,9.1487485482988333,0,44,44,5.5,5,3,-2,-0.040816326530612242,4.8163265306122449,26,0,14.515999999999998,0.10836973747315236,14.4,14.9,0.5,14.5,14.4,14.4,0,0,0.11836734693877524,0.5,0,46,0,46,46,0,46,46,46,0,0,0,0,1,89.760000000000005,0.42708313008125248,89,90,1,90,89,90,1,0.020408163265306121,0.020408163265306121,1,0,0.54967598629940551,0.55562378650090904,4008.5059676519795
35,350,399,50,0,0,12249,3086.6199999999999,970.9729942691506,1404,4805,3401,3374,3636,4526,890,18.163265306122447,316.9795918367347,1291,0,0.748046875,0.240234375,0.48828125,1.6015625,1.11328125,0.7421875,0.9765625,0.9765625,0,0,0.1171875,0.64453125,0,9.9199999999999999,9.5348623482460404,0,44,44,9,19,19,0,0,4.6530612244897958,26,0,14.522000000000002,0.10637668917577744,14.4,14.9,0.5,14.5,14.5,14.699999999999999,0.19999999999999929,0.0040816326530612101,0.11428571428571402,0.5,0,46,0,46,46,0,46,46,46,0,0,0,0,1,89.959999999999994,0.19595917942265423,89,90,1,90,89,90,1,0.020408163265306121,0.020408163265306121,1,0,0.62333367269106055,0.62592037815834201,4126.2387467362923
36,360,409,50,0,0,12250,3129.2399999999998,985.79183522689004,1404,4526,3122,3407,2464,4233,1769,36.102040816326529,266.38775510204084,1291,0,0.74453124999999998,0.19313789398704231,0.48828125,1.07421875,0.5859375,0.751953125,0.48828125,1.07421875,0.5859375,0.011957908163265306,0.088488520408163268,0.48828125,0,9.7200000000000006,7.6473263301627199,0,23,23,10,0,23,23,0.46938775510204084,3.5306122448979593,20,0,14.512,0.1107068200247842,14.300000000000001,14.9,0.59999999999999964,14.5,14.4,14.6,0.19999999999999929,0.0040816326530612101,0.12244897959183644,0.5,0,46,0,46,46,0,46,46,46,0,0,0,0,1,90,0,90,90,0,90,90,90,0,0,0,0,1,0.66733526056979553,0.66619787873424174,4202.9666316894018
37,370,419,50,0,0,12500,3634.7800000000002,1036.1404593972768,1410,5238,3828,3768.5,3625,5238,1613,32.918367346938773,219.9387755102041,1291,0,0.87656250000000002,0.27851425534375707,0.48828125,1.40625,0.91796875,0.849609375,0.8203125,1.2890625,0.46875,0.0095663265306122451,0.086096938775510209,0.48828125,0,14.960000000000001,11.131864174521715,0,36,36,14,13,32,19,0.38775510204081631,3.3673469387755102,20,0,14.518000000000002,0.093145048177559933,14.300000000000001,14.800000000000001,0.5,14.5,14.5,14.6,0.099999999999999645,0.0020408163265306051,0.10816326530612214,0.30000000000000071,0,46,0,46,46,0,46,46,46,0,0,0,0,1,90,0,90,90,0,90,90,90,0,0,0,0,1,0.76856653080636517,0.77038117663863803,4146.6295900178256
38,380,429,50,0,0,12499,3790.2399999999998,1047.641571531027,1410,5238,3828,4058.5,2393,3737,1344,27.428571428571427,199.75510204081633,1291,0,0.84453124999999996,0.30492678904892484,0.48828125,1.40625,0.91796875,0.849609375,0.5078125,0.48828125,-0.01953125,-0.00039859693877551021,0.086495535714285712,0.60546875,0,13.76,12.082317658462717,0,36,36,14,0,0,0,0,3.3877551020408165,25,0,14.505999999999998,0.081018516402116089,14.300000000000001,14.699999999999999,0.39999999999999858,14.5,14.5,14.6,0.099999999999999645,0.0020408163265306051,0.091836734693877223,0.29999999999999893,0,46,0,46,46,0,46,46,46,0,0,0,0,1,90,0,90,90,0,90,90,90,0,0,0,0,1,0.55551590046781429,0.56405217450561473,4487.9807585568915
39,390,439,50,0,0,12502,3994.1599999999999,708.06209784170767,2350,5238,2888,4058.5,2718,2370,-348,-7.1020408163265305,152.65306122448979,994,0,0.81523437499999996,0.31844467798889831,0.48828125,1.40625,0.91796875,0.83984375,0.48828125,0.48828125,0,0,0.066167091836734693,0.60546875,0,12.720000000000001,12.494862944426401,0,36,36,13.5,0,0,0,0,2.5714285714285716,25,0,14.51,0.078102496759066262,14.300000000000001,14.699999999999999,0.39999999999999858,14.5,14.5,14.5,0,0,0.093877551020407832,0.29999999999999893,0,46,0,46,46,0,46,46,46,0,0,0,0,1,90,0,90,90,0,90,90,90,0,0,0,0,1,0.67974346475121961,0.68003056008331042,4899.4008624820317
40,400,449,50,0,0,12501,3566.6199999999999,1188.1302098675885,1360,5238,3878,3943.5,4498,1371,-3127,-63.816326530612244,121.53061224489795,548,0,0.734375,0.33134119469919143,0.48828125,1.40625,0.91796875,0.48828125,0.9765625,0.48828125,-0.48828125,-0.0099649234693877549,0.045041454081632654,0.60546875,0,9.5999999999999996,13.006152390311287,0,36,36,0,19,0,-19,-0.38775510204081631,1.7346938775510203,25,0,14.502000000000002,0.092714615891993743,14.300000000000001,14.699999999999999,0.39999999999999858,14.5,14.5,14.699999999999999,0.19999999999999929,0.0040816326530612101,0.097959183673469036,0.39999999999999858,0,46,0,46,46,0,46,46,46,0,0,0,0,1,90,0,90,90,0,90,90,90,0,0,0,0,1,0.68166735302951509,0.67929374586465785,4856.6740425531916
41,410,459,50,0,0,12501,3015.4000000000001,1405.2397944834895,1344,5238,3894,3216,4358,1440,-2918,-59.551020408163268,105.22448979591837,548,0,0.65703124999999996,0.33170388273324825,0.48828125,1.40625,0.91796875,0.48828125,1.26953125,0.48828125,-0.78125,-0.015943877551020409,0.028698979591836735,0.60546875,0,6.6200000000000001,13.036702036941705,0,36,36,0,31,0,-31,-0.63265306122448983,1.0816326530612246,25,0,14.512,0.10322790320451125,14.300000000000001,14.800000000000001,0.5,14.5,14.5,14.6,0.099999999999999645,0.0020408163265306051,0.091836734693877292,0.39999999999999858,0,46,0,46,46,0,46,46,46,0,0,0,0,1,90,0,90,90,0,90,90,90,0,0,0,0,1,0.67308744933773368,0.67190822149208163,4589.4316290130801
42,420,469,50,0,0,12252,2332.7399999999998,1146.7013004265757,1344,5024,3680,1461.5,5024,1431,-3593,-73.326530612244895,86.387755102040813,548,0,0.4921875,0.02734375,0.48828125,0.68359375,0.1953125,0.48828125,0.68359375,0.48828125,-0.1953125,-0.0039859693877551021,0.0039859693877551021,0.1953125,0,0.14000000000000001,0.97999999999999976,0,7,7,0,7,0,-7,-0.14285714285714285,0.14285714285714285,7,0,14.512,0.11249888888340157,14.300000000000001,14.800000000000001,0.5,14.5,14.5,14.699999999999999,0.19999999999999929,0.0040816326530612101,0.10204081632653032,0.39999999999999858,0,46,0,46,46,0,46,46,46,0,0,0,0,1,90,0,90,90,0,90,90,90,0,0,0,0,1,0.33527974036716696,0.33527974036716673,4739.5352380952372
43,430,479,50,0,0,12250,1792.0599999999999,706.2027587031929,1344,3645,2301,1437,3645,1483,-2162,-44.122448979591837,64.65306122448979,292,0,0.48828125,0,0.48828125,0.48828125,0,0.48828125,0.48828125,0.48828125,0,0,0,0,1,0,0,0,0,0,0,0,0,0,0,0,0,1,14.534000000000001,0.12901162738296082,14.300000000000001,14.9,0.59999999999999964,14.5,14.4,14.6,0.19999999999999929,0.0040816326530612101,0.12653061224489764,0.5,0,46,0,46,46,0,46,46,46,0,0,0,0,1,90,0,90,90,0,90,90,90,0,0,0,0,1,0,0,3670.13888
44,440,489,50,0,0,12250,1453.04,124.298183413918,1344,2156,812,1433,2156,1421,-735,-15,41.571428571428569,292,0,0.48828125,0,0.48828125,0.48828125,0,0.48828125,0.48828125,0.48828125,0,0,0,0,1,0,0,0,0,0,0,0,0,0,0,0,0,1,14.527999999999999,0.13272528018429616,14.300000000000001,14.9,0.59999999999999964,14.5,14.4,14.5,0.099999999999999645,0.0020408163265306051,0.14081632653061188,0.5,0,46,0,46,46,0,46,46,46,0,0,0,0,1,90,0,90,90,0,90,90,90,0,0,0,0,1,0,0,2975.8259199999998
45,450,499,50,0,0,12250,1431.3199999999999,30.646004633557048,1344,1483,139,1434,1348,1419,71,1.4489795918367347,30.836734693877553,81,0,0.48828125,0,0.48828125,0.48828125,0,0.48828125,0.48828125,0.48828125,0,0,0,0,1,0,0,0,0,0,0,0,0,0,0,0,0,1,14.522,0.12851459061133849,14.300000000000001,14.9,0.59999999999999964,14.5,14.5,14.4,-0.099999999999999645,-0.0020408163265306051,0.14081632653061188,0.5,0,46,0,46,46,0,46,46,46,0,0,0,0,1,90.400000000000006,0.80000000000000004,90,92,2,90,90,92,2,0.040816326530612242,0.040816326530612242,2,0,0,0,2931.3433599999998
46,460,509,50,0,0,12250,1437.5799999999999,22.435766088992818,1384,1483,99,1436,1432,1448,16,0.32653061224489793,29.020408163265305,81,0,0.48828125,0,0.48828125,0.48828125,0,0.48828125,0.48828125,0.48828125,0,0,0,0,1,0,0,0,0,0,0,0,0,0,0,0,0,1,14.514000000000001,0.11833849753989581,14.300000000000001,14.9,0.59999999999999964,14.5,14.5,14.6,0.099999999999999645,0.0020408163265306051,0.15306122448979545,0.5,0,46,0,46,46,0,46,46,46,0,0,0,0,1,90.799999999999997,0.9797958971132712,90,92,2,90,90,92,2,0.040816326530612242,0.040816326530612242,2,0,0,0,2944.1638399999997
47,470,519,50,0,0,12250,1430.4000000000001,27.891217255616503,1360,1483,123,1431.5,1433,1408,-25,-0.51020408163265307,30.836734693877553,81,0,0.48828125,0,0.48828125,0.48828125,0,0.48828125,0.48828125,0.48828125,0,0,0,0,1,0,0,0,0,0,0,0,0,0,0,0,0,1,14.522,0.12213107712617596,14.300000000000001,14.9,0.59999999999999964,14.5,14.4,14.6,0.19999999999999929,0.0040816326530612101,0.15102040816326492,0.5,0,46,0,46,46,0,46,46,46,0,0,0,0,1,91.200000000000003,0.9797958971132712,90,92,2,92,90,92,2,0.040816326530612242,0.040816326530612242,2,0,0,0,2929.4592000000002
48,480,529,50,0,0,12249,1427.3,25.904632790294478,1360,1474,114,1425,1431,1386,-45,-0.91836734693877553,27.489795918367346,70,0,0.48828125,0,0.48828125,0.48828125,0,0.48828125,0.48828125,0.48828125,0,0,0,0,1,0,0,0,0,0,0,0,0,0,0,0,0,1,14.492000000000001,0.10740577265678015,14.300000000000001,14.800000000000001,0.5,14.5,14.4,14.4,0,0,0.13469387755102,0.30000000000000071,0,46,0,46,46,0,46,46,46,0,0,0,0,1,91.599999999999994,0.80000000000000004,90,92,2,92,90,92,2,0.040816326530612242,0.040816326530612242,2,0,0,0,2923.1104
49,490,539,50,0,0,12250,1423.4200000000001,24.593568264893978,1360,1474,114,1420,1451,1392,-59,-1.2040816326530612,25.897959183673468,70,0,0.48828125,0,0.48828125,0.48828125,0,0.48828125,0.48828125,0.48828125,0,0,0,0,1,0,0,0,0,0,0,0,0,0,0,0,0,1,14.506000000000002,0.11385956261992196,14.300000000000001,14.800000000000001,0.5,14.5,14.6,14.5,-0.099999999999999645,-0.0020408163265306051,0.13265306122448939,0.30000000000000071,0,46,0,46,46,0,46,46,46,0,0,0,0,1,92,0,92,92,0,92,92,92,0,0,0,0,1,0,0,2915.1641600000003
50,500,549,50,0,0,12252,1419.46,22.611687243547305,1360,1462,102,1423,1462,1435,-27,-0.55102040816326525,21.122448979591837,59,0,0.48828125,0,0.48828125,0.48828125,0,0.48828125,0.48828125,0.48828125,0,0,0,0,1,0,0,0,0,0,0,0,0,0,0,0,0,1,14.507999999999999,0.11106754701531826,14.300000000000001,14.800000000000001,0.5,14.5,14.6,14.4,-0.19999999999999929,-0.0040816326530612101,0.12653061224489759,0.30000000000000071,0,46,0,46,46,0,46,46,46,0,0,0,0,1,92.180000000000007,0.38418745424597095,92,93,1,92,92,93,1,0.020408163265306121,0.020408163265306121,1,0,0,0,2907.0540799999999
51,510,559,50,0,0,12253,1420.98,24.618277762670566,1360,1497,137,1426,1433,1452,19,0.38775510204081631,22.346938775510203,89,0,0.48828125,0,0.48828125,0.48828125,0,0.48828125,0.48828125,0.48828125,0,0,0,0,1,0,0,0,0,0,0,0,0,0,0,0,0,1,14.497999999999999,0.1104355015382279,14.300000000000001,14.800000000000001,0.5,14.5,14.4,14.5,0.099999999999999645,0.0020408163265306051,0.10816326530612214,0.30000000000000071,0,46,0,46,46,0,46,46,46,0,0,0,0,1,92.379999999999995,0.48538644398046393,92,93,1,92,92,93,1,0.020408163265306121,0.020408163265306121,1,0,0,0,2910.1670399999998
52,520,569,50,0,0,12251,1423.4200000000001,23.454713811939811,1354,1497,143,1427,1426,1436,10,0.20408163265306123,22.897959183673468,89,0,0.494140625,0.041015625,0.48828125,0.78125,0.29296875,0.48828125,0.48828125,0.78125,0.29296875,0.0059789540816326528,0.0059789540816326528,0.29296875,0,0.22,1.5399999999999998,0,11,11,0,0,11,11,0.22448979591836735,0.22448979591836735,11,0,14.497999999999999,0.1122319027727853,14.300000000000001,14.800000000000001,0.5,14.5,14.4,14.6,0.19999999999999929,0.0040816326530612101,0.11020408163265275,0.40000000000000036,0,46,0,46,46,0,46,46,46,0,0,0,0,1,92.579999999999998,0.49355850717012262,92,93,1,93,92,93,1,0.020408163265306121,0.020408163265306121,1,0,0.076621819884581457,0.076621819884581457,2880.5969960474308
53,530,579,50,0,0,12250,1978.3199999999999,1151.6182777292136,1354,5256,3902,1435.5,1394,5256,3862,78.816326530612244,117.10204081632654,1263,0,0.66445312499999998,0.3594278578654771,0.48828125,1.71875,1.23046875,0.48828125,0.48828125,1.71875,1.23046875,0.025111607142857144,0.064971301020408156,0.78125,0,6.9400000000000004,14.192124576679841,0,49,49,0,0,49,49,1,2.5918367346938775,31,0,14.507999999999999,0.12781236246936345,14.199999999999999,14.800000000000001,0.60000000000000142,14.5,14.4,14.5,0.099999999999999645,0.0020408163265306051,0.14489795918367318,0.60000000000000142,0,46,0,46,46,0,46,46,46,0,0,0,0,1,92.780000000000001,0.41424630354415964,92,93,1,93,92,93,1,0.020408163265306121,0.020408163265306121,1,0,0.94033191394631632,0.94102935841914448,2977.3657848324515
54,540,589,50,0,0,12250,2481.3400000000001,1371.452654815324,1354,5291,3937,1441,1402,2958,1556,31.755102040816325,193.51020408163265,1263,0,0.72617187500000002,0.41637198645383872,0.48828125,1.97265625,1.484375,0.48828125,0.48828125,0.48828125,0,0,0.15066964285714285,1.484375,0,9.3800000000000008,16.427890917582815,0,58,58,0,0,0,0,0,5.9591836734693882,58,0,14.492000000000001,0.13242356285797463,14.199999999999999,14.800000000000001,0.60000000000000142,14.5,14.6,14.5,-0.099999999999999645,-0.0020408163265306051,0.15714285714285686,0.60000000000000142,0,46,0,46,46,0,46,46,46,0,0,0,0,1,92.980000000000004,0.14000000000000001,92,93,1,93,92,93,1,0.020408163265306121,0.020408163265306121,1,0,0.7416788659384278,0.74375833585224238,3417.0147391070468
55,550,599,50,0,0,12249,2966.96,1350.609876463222,1354,5291,3937,3333.5,1411,3308,1897,38.714285714285715,240.30612244897958,1263,0,0.80156249999999996,0.44330275657204643,0.48828125,1.97265625,1.484375,0.48828125,0.48828125,0.52734375,0.0390625,0.00079719387755102043,0.20248724489795919,1.484375,0,12.32,17.531046745702323,0,58,58,0,0,1,1,0.020408163265306121,7.9795918367346941,58,0,14.5,0.13114877048603987,14.199999999999999,14.800000000000001,0.60000000000000142,14.5,14.4,14.5,0.099999999999999645,0.0020408163265306051,0.15714285714285686,0.60000000000000142,0,46,0,46,46,0,46,46,46,0,0,0,0,1,92.939999999999998,0.23748684174075835,92,93,1,93,93,92,-1,-0.020408163265306121,0.020408163265306121,1,0,0.64638876262103628,0.64654482064039009,3701.4705653021447
56,560,609,50,0,0,12250,3611.4400000000001,1264.2780257522475,1354,5530,4176,3928,1418,5530,4112,83.91836734693878,280.20408163265307,1263,0,1.0394531250000001,0.56999522960072058,0.48828125,2.4609375,1.97265625,0.888671875,0.48828125,1.9921875,1.50390625,0.030691964285714284,0.25868941326530615,1.484375,0,21.699999999999999,22.594910931446485,0,78,78,15.5,0,60,60,1.2244897959183674,10.204081632653061,58,0,14.518000000000002,0.12913558765886329,14.199999999999999,14.800000000000001,0.60000000000000142,14.5,14.300000000000001,14.699999999999999,0.39999999999999858,0.0081632653061224202,0.15102040816326506,0.60000000000000142,0,46,0,46,46,0,46,46,46,0,0,0,0,1,92.739999999999995,0.43863424398922618,92,93,1,93,93,92,-1,-0.020408163265306121,0.020408163265306121,1,0,0.68334786342251386,0.68421344842822485,3474.3654265313789
57,570,619,50,0,0,12251,4556.3400000000001,1017.7201110324979,2583,6536,3953,4386.5,2583,6536,3953,80.673469387755105,272.22448979591837,1263,0,1.4535156250000001,0.7693239132168358,0.48828125,3.0078125,2.51953125,1.337890625,1.23046875,2.94921875,1.71875,0.035076530612244895,0.27423469387755101,1.484375,0,38.159999999999997,30.617223910733646,0,100,100,33.5,29,98,69,1.4081632653061225,10.836734693877551,58,0,14.505999999999998,0.11901260437449457,14.199999999999999,14.800000000000001,0.60000000000000142,14.5,14.699999999999999,14.5,-0.19999999999999929,-0.0040816326530612101,0.15102040816326498,0.60000000000000142,0,46,0,46,46,0,46,46,46,0,0,0,0,1,92.540000000000006,0.49839743177508444,92,93,1,93,93,92,-1,-0.020408163265306121,0.020408163265306121,1,0,0.85320235217631402,0.85569855910335513,3134.703144316044
58,580,629,50,0,0,12250,5069.8199999999997,1279.1315130196738,2958,6901,3943,4806,5291,6901,1610,32.857142857142854,204.85714285714286,905,0,1.73125,0.91334239797433037,0.48828125,3.0078125,2.51953125,1.85546875,1.30859375,2.36328125,1.0546875,0.021524234693877552,0.2423469387755102,1.484375,0,49.259999999999998,36.391103308363704,0,100,100,53.5,33,74,41,0.83673469387755106,9.5306122448979593,58,0,14.507999999999999,0.10166612021711041,14.199999999999999,14.699999999999999,0.5,14.5,14.699999999999999,14.5,-0.19999999999999929,-0.0040816326530612101,0.12244897959183637,0.5,0,46,0,46,46,0,46,46,46,0,0,0,0,1,92.340000000000003,0.47370877129308048,92,93,1,92,93,92,-1,-0.020408163265306121,0.020408163265306121,1,0,0.91193891400489713,0.91354659333050336,2928.4158844765343
59,590,639,50,0,0,12253,5717.46,1321.499242678557,3308,7290,3982,6178.5,3540,7263,3723,75.979591836734699,120.46938775510205,740,0,2.09765625,0.80781967779693109,0.48828125,3.0078125,2.51953125,2.4609375,1.73828125,1.796875,0.05859375,0.0011957908163265306,0.16860650510204081,0.859375,0,63.840000000000003,32.277769439662336,0,100,100,78,49,52,3,0.061224489795918366,6.6326530612244898,34,0,14.521999999999998,0.083162491545166875,14.300000000000001,14.699999999999999,0.39999999999999858,14.5,14.5,14.5,0,0,0.093877551020407832,0.29999999999999893,0,46,0,46,46,0,46,46,46,0,0,0,0,1,92.140000000000001,0.34698703145794946,92,93,1,92,93,92,-1,-0.020408163265306121,0.020408163265306121,1,0,0.89923544343278905,0.90045740230275539,2725.6420111731845
60,600,649,50,0,0,12249,6126.9200000000001,929.13548721378618,3410,7290,3880,6238.5,3410,5597,2187,44.632653061224488,119.08163265306122,863,0,2.0347656249999999,0.88804012572213098,0.48828125,3.0078125,2.51953125,2.4609375,0.8203125,0.48828125,-0.33203125,-0.0067761479591836732,0.17338966836734693,1.30859375,0,61.340000000000003,35.446641589860107,0,100,100,78,12,0,-12,-0.24489795918367346,6.8163265306122449,52,0,14.533999999999999,0.090796475702529023,14.4,14.699999999999999,0.29999999999999893,14.5,14.6,14.4,-0.19999999999999929,-0.0040816326530612101,0.093877551020407832,0.29999999999999893,0,46,0,46,46,0,46,46,46,0,0,0,0,1,92,0,92,92,0,92,92,92,0,0,0,0,1,0.5541639404187072,0.55711359253440118,3011.1182952582071
61,610,659,50,0,0,12250,6253.6400000000003,686.96034121337743,5067,7290,2223,6238.5,5593,5089,-504,-10.285714285714286,85.836734693877546,863,0,1.8023437499999999,1.0586516935248935,0.48828125,3.0078125,2.51953125,2.4609375,1.9921875,0.7421875,-1.25,-0.025510204081632654,0.12834821428571427,1.30859375,0,52.140000000000001,42.187680666279817,0,100,100,78,60,9,-51,-1.0408163265306123,5,52,0,14.523999999999999,0.092865494129950862,14.4,14.699999999999999,0.29999999999999893,14.5,14.4,14.4,0,0,0.097959183673469036,0.29999999999999893,0,46,0,46,46,0,46,46,46,0,0,0,0,1,92,0,92,92,0,92,92,92,0,0,0,0,1,0.79218510140381881,0.79267801404288218,3469.726571304725
62,620,669,50,0,0,12249,6120.46,747.42598857679548,5067,7290,2223,5881.5,6573,5679,-894,-18.244897959183675,81.714285714285708,863,0,1.485546875,1.0075278940433314,0.48828125,2.94921875,2.4609375,0.95703125,2.8515625,1.30859375,-1.54296875,-0.031489158163265307,0.11280293367346939,1.30859375,0,39.460000000000001,40.186669431541596,0,98,98,18,94,32,-62,-1.2653061224489797,4.3673469387755102,52,0,14.526000000000002,0.091235957823656011,14.4,14.699999999999999,0.29999999999999893,14.5,14.5,14.699999999999999,0.19999999999999929,0.0040816326530612101,0.093877551020407832,0.29999999999999893,0,46,0,46,46,0,46,46,46,0,0,0,0,1,92,0,92,92,0,92,92,92,0,0,0,0,1,0.88396452847258011,0.88499772950643396,4120.004627925322
63,630,679,50,0,0,12250,5983.0200000000004,679.67125847721411,5067,7290,2223,5860.5,6985,6408,-577,-11.775510204081632,87.612244897959187,863,0,1.279296875,0.81930043594868363,0.48828125,2.79296875,2.3046875,0.95703125,2.55859375,1.953125,-0.60546875,-0.012356505102040817,0.1016422193877551,1.30859375,0,31.239999999999998,32.677551927890811,0,91,91,18,82,58,-24,-0.48979591836734693,3.9183673469387754,52,0,14.529999999999999,0.10049875621120864,14.300000000000001,14.800000000000001,0.5,14.5,14.5,14.6,0.099999999999999645,0.0020408163265306051,0.10816326530612214,0.5,0,46,0,46,46,0,46,46,46,0,0,0,0,1,91.840000000000003,0.54258639865002145,90,92,2,92,92,90,-2,-0.040816326530612242,0.040816326530612242,2,0,0.87007866214182317,0.87171640878264633,4676.8034198473288
64,640,689,50,0,0,12250,5705,356.58827799017735,5067,6452,1385,5685,6400,5484,-916,-18.693877551020407,99.877551020408163,605,0,0.92812499999999998,0.4813926584416951,0.48828125,1.953125,1.46484375,0.83984375,0.48828125,0.87890625,0.390625,0.0079719387755102043,0.10522959183673469,0.80078125,0,17.16,19.205582521756533,0,58,58,13.5,0,15,15,0.30612244897959184,4.1020408163265305,33,0,14.526,0.10547037498748139,14.300000000000001,14.800000000000001,0.5,14.5,14.699999999999999,14.4,-0.29999999999999893,-0.0061224489795918147,0.12040816326530576,0.5,0,46,0,46,46,0,46,46,46,0,0,0,0,1,91.439999999999998,0.89799777282574589,90,92,2,92,92,90,-2,-0.040816326530612242,0.040816326530612242,2,0,0.60638258577659343,0.60973772076977717,6146.8013468013469
65,650,699,50,0,0,12250,5591.6599999999999,369.18063925401071,5015,6452,1437,5503,5582,5521,-61,-1.2448979591836735,105.40816326530613,605,0,0.96367187499999996,0.47258538337540457,0.48828125,1.953125,1.46484375,0.888671875,0.48828125,1.171875,0.68359375,0.013950892857142858,0.11758609693877552,0.80078125,0,18.559999999999999,18.841613519016889,0,58,58,15.5,0,26,26,0.53061224489795922,4.6122448979591839,33,0,14.532000000000004,0.11034491379306947,14.300000000000001,14.800000000000001,0.5,14.5,14.5,14.699999999999999,0.19999999999999929,0.0040816326530612101,0.13877551020408121,0.5,0,46,0,46,46,0,46,46,46,0,0,0,0,1,91.040000000000006,0.9991996797437438,90,92,2,92,92,90,-2,-0.040816326530612242,0.040816326530612242,2,0,0.83010356012454456,0.83099835170799385,5802.4522091609242
66,660,709,50,0,0,12250,5654.6599999999999,350.19797886338523,5015,6452,1437,5601.5,5297,5096,-201,-4.1020408163265305,113.08163265306122,605,0,1.0863281250000001,0.45762998308241959,0.48828125,1.953125,1.46484375,0.9765625,0.95703125,0.48828125,-0.46875,-0.0095663265306122451,0.1363201530612245,0.80078125,0,23.420000000000002,18.269198121428317,0,58,58,19,18,0,-18,-0.36734693877551022,5.3877551020408161,33,0,14.536000000000001,0.11092339699089608,14.300000000000001,14.800000000000001,0.5,14.5,14.4,14.6,0.19999999999999929,0.0040816326530612101,0.14285714285714243,0.5,0,46,0,46,46,0,46,46,46,0,0,0,0,1,90.640000000000001,0.93295230317524813,90,92,2,90,92,90,-2,-0.040816326530612242,0.040816326530612242,2,0,0.82248727191144666,0.82153443576703478,5205.2965120460258
67,670,719,50,0,0,12253,5523.96,494.57832382748029,4518,6452,1934,5573,5784,5151,-633,-12.918367346938776,124.0204081632653,605,0,1.024609375,0.49543524824650709,0.48828125,1.953125,1.46484375,0.9765625,1.5234375,1.19140625,-0.33203125,-0.0067761479591836732,0.13352997448979592,0.80078125,0,21.039999999999999,19.727098114015657,0,58,58,19,41,28,-13,-0.26530612244897961,5.2857142857142856,33,0,14.541999999999998,0.11504781614615701,14.300000000000001,14.800000000000001,0.5,14.5,14.4,14.5,0.099999999999999645,0.0020408163265306051,0.14897959183673432,0.5,0,46,0,46,46,0,46,46,46,0,0,0,0,1,90.239999999999995,0.64992307237087688,90,92,2,90,92,90,-2,-0.040816326530612242,0.040816326530612242,2,0,0.77478056916937055,0.77160336244530803,5391.2838734273728
68,680,729,50,0,0,12253,5538.6999999999998,534.16597607859671,4518,6690,2172,5547,6452,6690,238,4.8571428571428568,141.79591836734693,605,0,1.21171875,0.83504223379812503,0.48828125,3.359375,2.87109375,0.9765625,1.89453125,3.2421875,1.34765625,0.027503188775510203,0.16940369897959184,0.91796875,0,28.460000000000001,33.2025360477178,0,114,114,19,56,109,53,1.0816326530612246,6.7551020408163263,36,0,14.542000000000003,0.10787029248129409,14.300000000000001,14.800000000000001,0.5,14.5,14.5,14.699999999999999,0.19999999999999929,0.0040816326530612101,0.13061224489795878,0.40000000000000036,0,46,0,46,46,0,46,46,46,0,0,0,0,1,90,0,90,90,0,90,90,90,0,0,0,0,1,0.78728936853232845,0.78458055788739789,4570.9451966473243
69,690,739,50,0,0,12250,5772.1999999999998,775.86743713085423,4518,7177,2659,5656,5658,7177,1519,31,112.42857142857143,425,0,1.6507812500000001,1.0674448353720674,0.48828125,3.359375,2.87109375,1.337890625,0.8984375,3.0078125,2.109375,0.043048469387755105,0.1211734693877551,0.91796875,0,46.039999999999999,42.475385813433171,0,114,114,33,16,100,84,1.7142857142857142,4.8163265306122449,36,0,14.542,0.10409610943738457,14.300000000000001,14.800000000000001,0.5,14.5,14.6,14.5,-0.099999999999999645,-0.0020408163265306051,0.12040816326530576,0.40000000000000036,0,46,0,46,46,0,46,46,46,0,0,0,0,1,90,0,90,90,0,90,90,90,0,0,0,0,1,0.92728301699044158,0.92717411131693406,3496.6474207288211
70,700,749,50,0,0,12249,5943.2399999999998,774.97296881891305,4518,7187,2669,5858,5565,5754,189,3.8571428571428572,136.75510204081633,794,0,1.67265625,1.0710162490196227,0.48828125,3.359375,2.87109375,1.4453125,1.23046875,0.48828125,-0.7421875,-0.015146683673469387,0.16741071428571427,1.5625,0,46.920000000000002,42.620577189897368,0,114,114,37.5,29,0,-29,-0.59183673469387754,6.6734693877551017,63,0,14.527999999999999,0.091738759529437497,14.4,14.800000000000001,0.40000000000000036,14.5,14.5,14.5,0,0,0.10612244897959153,0.40000000000000036,0,46,0,46,46,0,46,46,46,0,0,0,0,1,90,0,90,90,0,90,90,90,0,0,0,0,1,0.78215220996211987,0.78151920150540677,3553.1747781410554
71,710,759,50,0,0,12250,5914.7200000000003,783.70553245463316,4518,7187,2669,5847.5,5002,5223,221,4.5102040816326534,123.65306122448979,794,0,1.5445312499999999,1.1467810652096753,0.48828125,3.359375,2.87109375,0.9375,0.48828125,0.48828125,0,0,0.14030612244897958,1.5625,0,41.880000000000003,45.603350754083849,0,114,114,17.5,0,0,0,0,5.591836734693878,63,0,14.529999999999999,0.089999999999999789,14.4,14.800000000000001,0.40000000000000036,14.5,14.5,14.6,0.099999999999999645,0.0020408163265306051,0.10816326530612214,0.40000000000000036,0,46,0,46,46,0,46,46,46,0,0,0,0,1,90,0,90,90,0,90,90,90,0,0,0,0,1,0.78160544144457866,0.78118299421825221,3829.4595852301472
72,720,769,50,0,0,12250,5873.6599999999999,862.59618849146329,3843,7187,3344,5847.5,5459,3843,-1616,-32.979591836734691,122.73469387755102,794,0,1.5054687499999999,1.1710729025829529,0.48828125,3.359375,2.87109375,0.654296875,1.796875,0.5078125,-1.2890625,-0.026307397959183673,0.11399872448979592,1.5625,0,40.259999999999998,46.635527229784799,0,114,114,6,52,0,-52,-1.0612244897959184,4.5306122448979593,63,0,14.527999999999999,0.077562877718660994,14.4,14.699999999999999,0.29999999999999893,14.5,14.5,14.5,0,0,0.089795918367346614,0.29999999999999893,0,46,0,46,46,0,46,46,46,0,0,0,0,1,90,0,90,90,0,90,90,90,0,0,0,0,1,0.77158854720492698,0.77300924557691653,3901.548936170213
73,730,779,50,0,0,12250,5242.6400000000003,1405.0219038861992,2515,7187,4672,5468.5,6735,2515,-4220,-86.122448979591837,123.79591836734694,794,0,1.0796874999999999,1.0331424988120284,0.48828125,3.125,2.63671875,0.5078125,3.125,0.48828125,-2.63671875,-0.053810586734693876,0.074537627551020405,1.5625,0,23.239999999999998,41.218714196345331,0,105,105,0,105,0,-105,-2.1428571428571428,2.9591836734693877,63,0,14.517999999999999,0.065391130897087021,14.4,14.6,0.19999999999999929,14.5,14.6,14.4,-0.19999999999999929,-0.0040816326530612101,0.073469387755101784,0.19999999999999929,0,46,0,46,46,0,46,46,46,0,0,0,0,1,90,0,90,90,0,90,90,90,0,0,0,0,1,0.6747495337934204,0.67752513951271132,4855.7013024602029
74,740,789,50,0,0,12250,4224.6199999999999,1632.5718714960146,1380,7187,5807,4719,7187,1419,-5768,-117.71428571428571,138.53061224489795,794,0,0.56367187500000004,0.28249534400546428,0.48828125,2.40234375,1.9140625,0.48828125,2.40234375,0.48828125,-1.9140625,-0.0390625,0.05819515306122449,1.5625,0,2.7200000000000002,11.217914244635676,0,76,76,0,76,0,-76,-1.5510204081632653,2.2857142857142856,63,0,14.504000000000001,0.066211781428987163,14.4,14.6,0.19999999999999929,14.5,14.6,14.5,-0.099999999999999645,-0.0020408163265306051,0.067346938775509971,0.19999999999999929,0,46,0,46,46,0,46,46,46,0,0,0,0,1,90,0,90,90,0,90,90,90,0,0,0,0,1,0.37869552497159226,0.37957596078013545,7494.8213444213434
75,750,799,50,0,0,12249,3494.2399999999998,1464.8967958187361,1343,5709,4366,3512.5,5709,3846,-1863,-38.020408163265309,141.77551020408163,1704,0,0.54804687500000004,0.1484585716951555,0.48828125,1.1328125,0.64453125,0.48828125,0.48828125,0.87890625,0.390625,0.0079719387755102043,0.021524234693877552,0.64453125,0,2.0800000000000001,5.761388721480265,0,25,25,0,0,15,15,0.30612244897959184,0.79591836734693877,25,0,14.51,0.10630145812734638,14.300000000000001,15,0.69999999999999929,14.5,14.6,14.5,-0.099999999999999645,-0.0020408163265306051,0.095918367346938579,0.5,0,46,0,46,46,0,46,46,46,0,0,0,0,1,90,0,90,90,0,90,90,90,0,0,0,0,1,-0.07908311867308862,-0.082636544071664861,6375.8049893086236
76,760,809,50,0,0,12251,3056.8800000000001,1095.4549491421362,1343,5148,3805,3163.5,5148,2724,-2424,-49.469387755102041,180.16326530612244,1704,0,0.57304687499999996,0.15406727379140459,0.48828125,1.1328125,0.64453125,0.5078125,0.48828125,0.48828125,0,0,0.040656887755102039,0.64453125,0,3.02,6.0215944732271698,0,25,25,0,0,0,0,0,1.5510204081632653,25,0,14.514000000000001,0.11490865937778573,14.300000000000001,15,0.69999999999999929,14.5,14.6,14.5,-0.099999999999999645,-0.0020408163265306051,0.10408163265306107,0.5,0,46,0,46,46,0,46,46,46,0,0,0,0,1,90,0,90,90,0,90,90,90,0,0,0,0,1,0.09079980928393297,0.067695013004509391,5334.4327198364017
77,770,819,50,0,0,12250,2447.6999999999998,869.43391353224774,1343,3846,2503,2482,3617,1413,-2204,-44.979591836734691,177.83673469387756,1704,0,0.57070312499999998,0.1551863208838109,0.48828125,1.1328125,0.64453125,0.48828125,0.5078125,0.48828125,-0.01953125,-0.00039859693877551021,0.040258290816326529,0.64453125,0,3.02,6.0215944732271698,0,25,25,0,0,0,0,0,1.5510204081632653,25,0,14.518000000000002,0.12599999999999983,14.300000000000001,15,0.69999999999999929,14.5,14.4,14.699999999999999,0.29999999999999893,0.0061224489795918147,0.10408163265306107,0.5,0,46,0,46,46,0,46,46,46,0,0,0,0,1,90,0,90,90,0,90,90,90,0,0,0,0,1,0.46391279404347702,0.43669546002504278,4288.9199178644758
78,780,829,50,0,0,12250,2297.8800000000001,894.82359468221443,1343,3846,2503,2058,2449,3547,1098,22.408163265306122,214.08163265306123,1704,0,0.6015625,0.17720775347208992,0.48828125,1.1328125,0.64453125,0.48828125,0.48828125,0.5859375,0.09765625,0.0019929846938775511,0.075334821428571425,0.64453125,0,4.2599999999999998,6.7964990988007932,0,25,25,0,0,3,3,0.061224489795918366,2.9591836734693877,25,0,14.536,0.141081536708387,14.300000000000001,15,0.69999999999999929,14.5,14.5,14.699999999999999,0.19999999999999929,0.0040816326530612101,0.13877551020408144,0.5,0,46,0,46,46,0,46,46,46,0,0,0,0,1,90,0,90,90,0,90,90,90,0,0,0,0,1,0.51857328926595658,0.50550791722412736,3819.8524675324679
79,790,839,50,0,0,12249,2284.6399999999999,914.66983682638181,1343,3846,2503,1793,1372,1399,27,0.55102040816326525,235.20408163265307,1704,0,0.60312500000000002,0.17637227031020211,0.48828125,1.1328125,0.64453125,0.48828125,0.48828125,0.48828125,0,0,0.07732780612244898,0.64453125,0,4.2999999999999998,6.7742158217759787,0,25,25,0,0,0,0,0,3.0204081632653059,25,0,14.534000000000001,0.14368020044529425,14.300000000000001,15,0.69999999999999929,14.5,14.4,14.6,0.19999999999999929,0.0040816326530612101,0.14693877551020385,0.5,0,46,0,46,46,0,46,46,46,0,0,0,0,1,90,0,90,90,0,90,90,90,0,0,0,0,1,0.52362111367534392,0.50833459257856706,3788.0041450777198
80,800,849,50,0,0,12249,2066.8600000000001,817.0349321785452,1378,3640,2262,1480,3640,1424,-2216,-45.224489795918366,183.91836734693877,1147,0,0.548828125,0.12298485540180598,0.48828125,1.03515625,0.546875,0.48828125,0.48828125,0.48828125,0,0,0.048628826530612242,0.37109375,0,2.2200000000000002,4.6831186190400942,0,21,21,0,0,0,0,0,1.9183673469387754,15,0,14.52,0.11999999999999976,14.300000000000001,14.800000000000001,0.5,14.5,14.699999999999999,14.4,-0.29999999999999893,-0.0061224489795918147,0.11632653061224463,0.5,0,46,0,46,46,0,46,46,46,0,0,0,0,1,90,0,90,90,0,90,90,90,0,0,0,0,1,0.49640236820509864,0.4742660834284631,3765.9513167259788
81,810,859,50,0,0,12250,1682.78,559.88542720810301,1249,3547,2298,1437,2141,1329,-812,-16.571428571428573,134.28571428571428,1147,0,0.52382812499999998,0.11053307113462978,0.48828125,1.03515625,0.546875,0.48828125,0.48828125,0.48828125,0,0,0.037468112244897961,0.37109375,0,1.28,4.1667253329203255,0,21,21,0,0,0,0,0,1.4693877551020409,15,0,14.514000000000003,0.12330450113438646,14.300000000000001,14.800000000000001,0.5,14.5,14.4,14.699999999999999,0.29999999999999893,0.0061224489795918147,0.11632653061224456,0.5,0,46,0,46,46,0,46,46,46,0,0,0,0,1,90.120000000000005,0.4749736834815167,90,92,2,90,90,92,2,0.040816326530612242,0.040816326530612242,2,0,0.52351307570010353,0.48926532777098686,3212.4659209545116
82,820,869,50,0,0,12250,1694.8,589.36033120663967,1249,3547,2298,1426,1494,2901,1407,28.714285714285715,149.65306122448979,1147,0,0.54453125000000002,0.14302637158492837,0.48828125,1.11328125,0.625,0.48828125,0.48828125,1.11328125,0.625,0.012755102040816327,0.050223214285714288,0.37109375,0,2.0800000000000001,5.4546860587938513,0,24,24,0,0,24,24,0.48979591836734693,1.9591836734693877,15,0,14.5,0.1280624847486567,14.300000000000001,14.9,0.59999999999999964,14.5,14.699999999999999,14.4,-0.29999999999999893,-0.0061224489795918147,0.13673469387755069,0.5,0,46,0,46,46,0,46,46,46,0,0,0,0,1,90.519999999999996,0.87726848797845236,90,92,2,90,90,92,2,0.040816326530612242,0.040816326530612242,2,0,0.59265086246113019,0.56589828853090929,3112.4017216642751
83,830,879,50,0,0,12249,1836.98,755.05961327566718,1249,3890,2641,1436,2918,1570,-1348,-27.510204081632654,170.12244897959184,845,0,0.54414062500000004,0.14910468889995757,0.48828125,1.11328125,0.625,0.48828125,0.52734375,0.48828125,-0.0390625,-0.00079719387755102043,0.051020408163265307,0.5859375,0,2.1200000000000001,5.7884021974980282,0,24,24,0,1,0,-1,-0.020408163265306121,1.9387755102040816,23,0,14.492000000000001,0.11634431657799162,14.300000000000001,14.9,0.59999999999999964,14.5,14.5,14.4,-0.099999999999999645,-0.0020408163265306051,0.12040816326530576,0.5,0,46,0,46,46,0,46,46,46,0,0,0,0,1,90.920000000000002,0.99679486355016889,90,92,2,90,90,92,2,0.040816326530612242,0.040816326530612242,2,0,0.64965950994628163,0.63348500039271372,3375.928786791098
84,840,889,50,0,0,12250,1759.48,738.25573455273616,1249,3890,2641,1423,1463,1413,-50,-1.0204081632653061,144.9795918367347,845,0,0.54257812500000002,0.14947672807607251,0.48828125,1.11328125,0.625,0.48828125,0.48828125,0.48828125,0,0,0.050223214285714288,0.5859375,0,2.0800000000000001,5.7994482496182336,0,24,24,0,0,0,0,0,1.9183673469387754,23,0,14.51,0.1236931687685295,14.300000000000001,14.9,0.59999999999999964,14.5,14.5,14.5,0,0,0.13061224489795878,0.5,0,46,0,46,46,0,46,46,46,0,0,0,0,1,91.319999999999993,0.94741754258616095,90,92,2,92,90,92,2,0.040816326530612242,0.040816326530612242,2,0,0.6878634286033084,0.67570194226785241,3242.8141108711302
85,850,899,50,0,0,12252,1743.8199999999999,745.66514441805577,1249,3890,2641,1397,1433,1390,-43,-0.87755102040816324,147.9387755102041,845,0,0.54257812500000002,0.14947672807607251,0.48828125,1.11328125,0.625,0.48828125,0.48828125,0.48828125,0,0,0.050223214285714288,0.5859375,0,2.0800000000000001,5.7994482496182345,0,24,24,0,0,0,0,0,1.9183673469387754,23,0,14.513999999999999,0.13566134305689265,14.300000000000001,14.9,0.59999999999999964,14.5,14.5,14.5,0,0,0.14693877551020371,0.5,0,46.159999999999997,0.36660605559646725,46,47,1,46,46,47,1,0.020408163265306121,0.020408163265306121,1,0,91.719999999999999,0.69397406291589891,90,92,2,92,90,92,2,0.040816326530612242,0.040816326530612242,2,0,0.68865704981381481,0.67651997924452356,3213.9519078473718
86,860,909,50,0,0,12250,1933.6800000000001,822.5540089258576,1302,3890,2588,1420.5,1389,3634,2245,45.816326530612244,200.51020408163265,1036,0,0.57539062500000004,0.1668846739061608,0.48828125,1.11328125,0.625,0.48828125,0.48828125,0.859375,0.37109375,0.0075733418367346936,0.070551658163265307,0.5859375,0,3.2999999999999998,6.4536811201050206,0,24,24,0,0,14,14,0.2857142857142857,2.7346938775510203,23,0,14.524000000000001,0.14079772725438405,14.300000000000001,14.9,0.59999999999999964,14.5,14.6,14.6,0,0,0.16326530612244861,0.5,0,46.359999999999999,0.48000000000000004,46,47,1,46,46,47,1,0.020408163265306121,0.020408163265306121,1,0,92,0,92,92,0,92,92,92,0,0,0,0,1,0.68344850677545266,0.66778848013293512,3360.6386965376782
87,870,919,50,0,0,12250,2297.1799999999998,973.4576865996795,1302,3890,2588,1738.5,3743,3559,-184,-3.7551020408163267,199.14285714285714,1036,0,0.60390624999999998,0.16071928470647975,0.48828125,1.07421875,0.5859375,0.48828125,0.91796875,0.78125,-0.13671875,-0.0027901785714285715,0.072146045918367346,0.5859375,0,4.3600000000000003,6.1830736693007307,0,23,23,0,17,11,-6,-0.12244897959183673,2.8163265306122449,23,0,14.536,0.13078226179417421,14.300000000000001,14.800000000000001,0.5,14.5,14.5,14.5,0,0,0.15918367346938733,0.5,0,46.560000000000002,0.49638694583963427,46,47,1,47,46,47,1,0.020408163265306121,0.020408163265306121,1,0,92,0,92,92,0,92,92,92,0,0,0,0,1,0.7318689741275195,0.71679406026178072,3803.8685640362223
88,880,929,50,0,0,12250,2285.6399999999999,913.81662843264132,1302,3791,2489,2288,1439,3180,1741,35.530612244897959,167.89795918367346,1036,0,0.59999999999999998,0.1316029480577848,0.48828125,0.859375,0.37109375,0.546875,0.48828125,0.625,0.13671875,0.0027901785714285715,0.053013392857142856,0.33203125,0,4.1200000000000001,4.9945570374158299,0,14,14,1.5,0,5,5,0.10204081632653061,2.1020408163265305,13,0,14.536,0.12768711759609863,14.300000000000001,14.800000000000001,0.5,14.5,14.4,14.6,0.19999999999999929,0.0040816326530612101,0.15510204081632611,0.5,0,46.759999999999998,0.42708313008125248,46,47,1,47,46,47,1,0.020408163265306121,0.020408163265306121,1,0,92,0,92,92,0,92,92,92,0,0,0,0,1,0.76987511254770968,0.75489936684921322,3809.4000000000001
89,890,939,50,0,0,12249,2658.2800000000002,884.20217235652615,1302,3827,2525,2950,1398,2323,925,18.877551020408163,225,1036,0,0.64960937500000004,0.15353152748422919,0.48828125,0.99609375,0.5078125,0.595703125,0.48828125,0.48828125,0,0,0.084502551020408156,0.3515625,0,6,5.94306318324145,0,20,20,4,0,0,0,0,3.3469387755102042,13,0,14.531999999999998,0.1318180564262724,14.300000000000001,14.800000000000001,0.5,14.5,14.5,14.300000000000001,-0.19999999999999929,-0.0040816326530612101,0.16326530612244861,0.5,0,46.960000000000001,0.19595917942265423,46,47,1,47,46,47,1,0.020408163265306121,0.020408163265306121,1,0,92,0,92,92,0,92,92,92,0,0,0,0,1,0.67287162510696263,0.65739407625835522,4092.120745640409
90,900,949,50,0,0,12250,2844.6199999999999,796.77901302682415,1369,3827,2458,3065.5,1369,3780,2411,49.204081632653065,286.42857142857144,1107,0,0.69843750000000004,0.17300586774279508,0.48828125,1.0546875,0.56640625,0.673828125,0.48828125,0.99609375,0.5078125,0.010363520408163265,0.10363520408163265,0.44921875,0,7.8799999999999999,6.7635493640543505,0,22,22,7,0,20,20,0.40816326530612246,4.1224489795918364,17,0,14.538,0.1263170613971048,14.300000000000001,14.800000000000001,0.5,14.5,14.699999999999999,14.5,-0.19999999999999929,-0.0040816326530612101,0.14693877551020379,0.5,0,47,0,47,47,0,47,47,47,0,0,0,0,1,92,0,92,92,0,92,92,92,0,0,0,0,1,0.51203977869496053,0.50167883013634618,4072.8340044742727
91,910,959,50,0,0,12250,3284.3600000000001,914.22311850007372,1386,4858,3472,3424,3791,4697,906,18.489795918367346,250.9387755102041,1107,0,0.818359375,0.28076808756363431,0.48828125,1.46484375,0.9765625,0.78125,0.859375,1.46484375,0.60546875,0.012356505102040817,0.11360012755102041,0.44921875,0,12.640000000000001,11.124315709291967,0,39,39,11,14,39,25,0.51020408163265307,4.5510204081632653,17,0,14.536,0.10910545357588664,14.300000000000001,14.800000000000001,0.5,14.5,14.6,14.5,-0.099999999999999645,-0.0020408163265306051,0.12040816326530585,0.5,0,47,0,47,47,0,47,47,47,0,0,0,0,1,92,0,92,92,0,92,92,92,0,0,0,0,1,0.72552660710290351,0.72338175892623169,4013.3468257756563
92,920,969,50,0,0,12250,3706.4200000000001,1304.9104350874047,1386,6112,4726,3671.5,3494,6112,2618,53.428571428571431,236.48979591836735,1107,0,1.1109374999999999,0.62531290995113997,0.48828125,2.65625,2.16796875,0.91796875,0.6640625,2.51953125,1.85546875,0.037866709183673471,0.14947385204081631,0.68359375,0,24.34,24.963661590399756,0,86,86,16.5,7,80,73,1.489795918367347,6.0204081632653059,27,0,14.524000000000001,0.10307278981380082,14.300000000000001,14.800000000000001,0.5,14.5,14.5,14.5,0,0,0.10612244897959161,0.5,0,47,0,47,47,0,47,47,47,0,0,0,0,1,92,0,92,92,0,92,92,92,0,0,0,0,1,0.86907165834028199,0.86798035028061171,3336.2992967651198
93,930,979,50,0,0,12253,4387.6400000000003,1561.1573496608212,1386,6462,5076,4662,3074,6462,3388,69.142857142857139,206.73469387755102,1107,0,1.39921875,0.69879045891365033,0.48828125,2.79296875,2.3046875,1.30859375,0.95703125,1.62109375,0.6640625,0.013552295918367346,0.18654336734693877,0.68359375,0,35.880000000000003,27.824190913663603,0,91,91,32,18,45,27,0.55102040816326525,7.4489795918367347,27,0,14.526000000000002,0.099619275243298014,14.300000000000001,14.800000000000001,0.5,14.5,14.4,14.5,0.099999999999999645,0.0020408163265306051,0.091836734693877375,0.5,0,46.979999999999997,0.14000000000000001,46,47,1,47,47,46,-1,-0.020408163265306121,0.020408163265306121,1,0,92,0,92,92,0,92,92,92,0,0,0,0,1,0.86255122221115577,0.86172310833740895,3135.7784477945283
94,940,989,50,0,0,12250,4838.3400000000001,1488.3548314834068,1386,6462,5076,5338.5,1912,6018,4106,83.795918367346943,181.42857142857142,1107,0,1.4332031249999999,0.69391636958535252,0.48828125,2.79296875,2.3046875,1.40625,0.48828125,1.89453125,1.40625,0.028698979591836735,0.21285076530612246,0.95703125,0,37.240000000000002,27.637337064196323,0,91,91,36,0,56,56,1.1428571428571428,8.5306122448979593,38,0,14.522,0.083162491545166986,14.300000000000001,14.800000000000001,0.5,14.5,14.4,14.5,0.099999999999999645,0.0020408163265306051,0.075510204081632462,0.29999999999999893,0,46.780000000000001,0.41424630354415959,46,47,1,47,47,46,-1,-0.020408163265306121,0.020408163265306121,1,0,92,0,92,92,0,92,92,92,0,0,0,0,1,0.64961485228101101,0.64808119847883061,3375.8927228127559
95,950,999,50,0,0,12250,5666.2799999999997,749.0926522133293,3807,6712,2905,5856.5,3807,6712,2905,59.285714285714285,135.44897959183675,522,0,1.709765625,0.63289942014935563,0.56640625,2.79296875,2.2265625,1.748046875,0.8984375,2.2265625,1.328125,0.027104591836734693,0.21125637755102042,0.95703125,0,48.240000000000002,25.260688826712546,2,91,89,50,16,69,53,1.0816326530612246,8.4693877551020407,38,0,14.527999999999999,0.074939975980780504,14.4,14.699999999999999,0.29999999999999893,14.5,14.6,14.6,0,0,0.077551020408162988,0.19999999999999929,0,46.579999999999998,0.49355850717012262,46,47,1,47,47,46,-1,-0.020408163265306121,0.020408163265306121,1,0,92,0,92,92,0,92,92,92,0,0,0,0,1,0.58504681803352421,0.58524700161595833,3314.0682659355721
96,960,1009,50,0,0,12249,5884.6199999999999,504.98165867682758,4858,6712,1854,5951,4858,5098,240,4.8979591836734695,136.85714285714286,745,0,1.5796874999999999,0.77669217352943309,0.48828125,2.79296875,2.3046875,1.748046875,1.77734375,0.48828125,-1.2890625,-0.026307397959183673,0.21205357142857142,1.1328125,0,43.159999999999997,30.865100032237059,0,91,91,50,51,0,-51,-1.0408163265306123,8.4693877551020407,45,0,14.513999999999999,0.082486362509204839,14.300000000000001,14.699999999999999,0.39999999999999858,14.5,14.4,14.5,0.099999999999999645,0.0020408163265306051,0.095918367346938441,0.29999999999999893,0,46.380000000000003,0.48538644398046393,46,47,1,46,47,46,-1,-0.020408163265306121,0.020408163265306121,1,0,92,0,92,92,0,92,92,92,0,0,0,0,1,0.60002889836989559,0.59965836391648197,3725.1798219584571
97,970,1019,50,0,0,12250,5710.6000000000004,682.69600848401046,4455,6712,2257,5724,6141,4779,-1362,-27.795918367346939,126.9795918367347,745,0,1.2546875,0.78096244708052387,0.48828125,2.79296875,2.3046875,0.908203125,2.48046875,1.03515625,-1.4453125,-0.029496173469387755,0.17219387755102042,1.1328125,0,30.239999999999998,30.989391733301257,0,91,91,16,79,21,-58,-1.1836734693877551,6.8571428571428568,45,0,14.515999999999998,0.083330666623998337,14.300000000000001,14.699999999999999,0.39999999999999858,14.5,14.5,14.5,0,0,0.10204081632653025,0.29999999999999893,0,46.18,0.38418745424597089,46,47,1,46,47,46,-1,-0.020408163265306121,0.020408163265306121,1,0,92,0,92,92,0,92,92,92,0,0,0,0,1,0.83116972697447988,0.83176017004357938,4551.4122042341223
98,980,1029,50,0,0,12250,5568.6599999999999,629.98941610157226,4455,6712,2257,5489.5,5940,6120,180,3.6734693877551021,127.22448979591837,745,0,1.170703125,0.69477913619775822,0.48828125,2.32421875,1.8359375,0.908203125,0.6640625,2.08984375,1.42578125,0.029097576530612245,0.12555803571428573,1.1328125,0,26.940000000000001,27.611888743800197,0,73,73,16,7,64,57,1.1632653061224489,5.0816326530612246,45,0,14.517999999999999,0.086463865284868824,14.300000000000001,14.699999999999999,0.39999999999999858,14.5,14.5,14.6,0.099999999999999645,0.0020408163265306051,0.10816326530612207,0.29999999999999893,0,46,0,46,46,0,46,46,46,0,0,0,0,1,92,0,92,92,0,92,92,92,0,0,0,0,1,0.78668851968816378,0.78688612006029945,4756.67987987988
99,990,1039,50,0,0,12250,5765.7200000000003,725.67993054789656,4455,6776,2321,5836.5,6081,6776,695,14.183673469387756,106.30612244897959,745,0,1.4515625000000001,0.78322445809474861,0.48828125,2.421875,1.93359375,1.630859375,1.7578125,2.421875,0.6640625,0.013552295918367346,0.10124362244897959,1.1328125,0,38.140000000000001,31.077972906867657,0,77,77,45.5,50,77,27,0.55102040816326525,4.1020408163265305,45,0,14.526,0.093402355430684592,14.300000000000001,14.699999999999999,0.39999999999999858,14.5,14.6,14.6,0,0,0.11428571428571388,0.39999999999999858,0,46,0,46,46,0,46,46,46,0,0,0,0,1,91.599999999999994,0.80000000000000004,90,92,2,92,92,90,-2,-0.040816326530612242,0.040816326530612242,2,0,0.86465317044863887,0.86539583994420566,3972.0783638320772
100,1000,1049,50,0,0,12250,5756.3400000000001,755.06430481118628,4455,7010,2555,5658,6707,5657,-1050,-21.428571428571427,125.71428571428571,745,0,1.31640625,0.82055427984495644,0.48828125,2.421875,1.93359375,1.2890625,1.62109375,0.5078125,-1.11328125,-0.022720025510204082,0.11200573979591837,1.875,0,32.799999999999997,32.590182570829512,0,77,77,31.5,45,0,-45,-0.91836734693877553,4.5102040816326534,75,0,14.527999999999999,0.089532117142397241,14.300000000000001,14.699999999999999,0.39999999999999858,14.5,14.5,14.5,0,0,0.10204081632653025,0.39999999999999858,0,46,0,46,46,0,46,46,46,0,0,0,0,1,91.200000000000003,0.9797958971132712,90,92,2,92,92,90,-2,-0.040816326530612242,0.040816326530612242,2,0,0.79300000198736853,0.7939499044300935,4372.7686646884276
101,1010,1059,50,0,0,12249,5746.7399999999998,737.95129405672833,4455,7010,2555,5658,4964,5255,291,5.9387755102040813,109.12244897959184,626,0,1.3050781250000001,0.81861515245093386,0.48828125,2.421875,1.93359375,1.142578125,0.48828125,0.48828125,0,0,0.10522959183673469,1.875,0,32.32,32.534560086160688,0,77,77,25.5,0,0,0,0,4.2448979591836737,75,0,14.536000000000001,0.099518842436997601,14.300000000000001,14.9,0.59999999999999964,14.5,14.6,14.6,0,0,0.10612244897959153,0.5,0,46,0,46,46,0,46,46,46,0,0,0,0,1,90.799999999999997,0.9797958971132712,90,92,2,90,92,90,-2,-0.040816326530612242,0.040816326530612242,2,0,0.79138548488980021,0.79186330047816789,4403.3685722837472
102,1020,1069,50,0,0,12252,5830.1999999999998,626.85998436652505,4932,7010,2078,5658,5068,5106,38,0.77551020408163263,104.73469387755102,626,0,1.315625,0.80776074241831508,0.48828125,2.421875,1.93359375,1.07421875,1.25,0.80078125,-0.44921875,-0.0091677295918367353,0.10722257653061225,1.875,0,32.700000000000003,32.142339678374377,0,77,77,23,30,12,-18,-0.36734693877551022,4.2857142857142856,75,0,14.538,0.10176443386566818,14.300000000000001,14.9,0.59999999999999964,14.5,14.5,14.4,-0.099999999999999645,-0.0020408163265306051,0.12040816326530576,0.5,0,46,0,46,46,0,46,46,46,0,0,0,0,1,90.400000000000006,0.80000000000000004,90,92,2,90,92,90,-2,-0.040816326530612242,0.040816326530612242,2,0,0.80697982277535096,0.80784876423898377,4431.5059382422796
103,1030,1079,50,0,0,12250,5661.1199999999999,762.68800016782745,4336,7010,2674,5511.5,6195,4336,-1859,-37.938775510204081,103.20408163265306,626,0,1.0953124999999999,0.82283688959294976,0.48828125,2.421875,1.93359375,0.5078125,2.01171875,0.48828125,-1.5234375,-0.031090561224489797,0.092474489795918366,1.875,0,23.940000000000001,32.703767367078676,0,77,77,0,60,0,-60,-1.2244897959183674,3.6326530612244898,75,0,14.532,0.10283968105745929,14.300000000000001,14.9,0.59999999999999964,14.5,14.6,14.5,-0.099999999999999645,-0.0020408163265306051,0.12448979591836698,0.5,0,46,0,46,46,0,46,46,46,0,0,0,0,1,90,0,90,90,0,90,90,90,0,0,0,0,1,0.85351987590590428,0.85378834848711915,5168.4975748930101
104,1040,1089,50,0,0,12248,5109.3599999999997,934.47083978046101,3335,7010,3675,5166.5,6824,3335,-3489,-71.204081632653057,110.79591836734694,626,0,0.73085937499999998,0.56363938965642357,0.48828125,2.40234375,1.9140625,0.48828125,2.40234375,0.48828125,-1.9140625,-0.0390625,0.083705357142857137,1.875,0,9.5,22.396651535441631,0,76,76,0,76,0,-76,-1.5510204081632653,3.2653061224489797,75,0,14.524000000000001,0.097077288796092565,14.4,14.9,0.5,14.5,14.699999999999999,14.5,-0.19999999999999929,-0.0040816326530612101,0.11428571428571395,0.5,0,46,0,46,46,0,46,46,46,0,0,0,0,1,90,0,90,90,0,90,90,90,0,0,0,0,1,0.67317329442697915,0.67133394196280016,6990.8934259754142
105,1050,1099,50,0,0,12250,4655.5600000000004,718.38271582771267,3286,5919,2633,4790.5,5655,4843,-812,-16.571428571428573,121.06122448979592,404,0,0.66484374999999996,0.29879518813582823,0.48828125,1.54296875,1.0546875,0.48828125,0.64453125,1.4453125,0.80078125,0.016342474489795918,0.082509566326530615,0.68359375,0,6.7999999999999998,11.709824934643558,0,41,41,0,5,38,33,0.67346938775510201,3.204081632653061,27,0,14.52,0.09797958971132692,14.4,14.9,0.5,14.5,14.5,14.5,0,0,0.12244897959183637,0.5,0,46,0,46,46,0,46,46,46,0,0,0,0,1,90,0,90,90,0,90,90,90,0,0,0,0,1,-0.012729921626468429,-0.015245593088775411,7002.4874265569924
106,1060,1109,50,0,0,12250,4663.2200000000003,736.68167589536256,3286,6037,2751,4790.5,5192,6037,845,17.244897959183675,125.20408163265306,404,0,0.96445312500000002,0.61587441905702522,0.48828125,2.3046875,1.81640625,0.625,0.48828125,2.3046875,1.81640625,0.037069515306122451,0.099250637755102039,0.68359375,0,18.699999999999999,24.416592718886882,0,72,72,5,0,72,72,1.4693877551020409,3.8367346938775508,27,0,14.516000000000002,0.083330666623998337,14.4,14.699999999999999,0.29999999999999893,14.5,14.5,14.5,0,0,0.10612244897959146,0.29999999999999893,0,46,0,46,46,0,46,46,46,0,0,0,0,1,90,0,90,90,0,90,90,90,0,0,0,0,1,0.61203928644630223,0.61206921880475662,4835.0924260834345
107,1070,1119,50,0,0,12250,4902.6199999999999,991.57293004599512,3286,6465,3179,4790.5,5247,6465,1218,24.857142857142858,113.83673469387755,404,0,1.2496093749999999,0.71372746259979414,0.48828125,2.3046875,1.81640625,1.103515625,0.8984375,1.953125,1.0546875,0.021524234693877552,0.086894132653061229,0.68359375,0,30.059999999999999,28.302233127440669,0,72,72,24,16,58,42,0.8571428571428571,3.3877551020408165,27,0,14.521999999999998,0.080721744282441985,14.4,14.699999999999999,0.29999999999999893,14.5,14.6,14.5,-0.099999999999999645,-0.0020408163265306051,0.087755102040816019,0.29999999999999893,0,46,0,46,46,0,46,46,46,0,0,0,0,1,89.939999999999998,0.23748684174075835,89,90,1,90,90,89,-1,-0.020408163265306121,0.020408163265306121,1,0,0.83826186754388032,0.83984788505850161,3923.3220381369179
108,1080,1129,50,0,0,12249,5208.6599999999999,1121.0861806301957,3286,6512,3226,5680,4244,5831,1587,32.387755102040813,108.67346938775511,404,0,1.385546875,0.64535234157426791,0.48828125,2.3046875,1.81640625,1.455078125,0.48828125,0.703125,0.21484375,0.0043845663265306119,0.10403380102040816,0.68359375,0,35.380000000000003,25.63894693625306,0,72,72,38,0,8,8,0.16326530612244897,4.0816326530612246,27,0,14.520000000000003,0.07745966692414806,14.4,14.699999999999999,0.29999999999999893,14.5,14.5,14.5,0,0,0.089795918367346614,0.29999999999999893,0,46,0,46,46,0,46,46,46,0,0,0,0,1,89.859999999999999,0.34698703145794946,89,90,1,90,90,90,0,0,0.16326530612244897,1,0,0.73797582719428922,0.73637837970084585,3759.2809698336623
109,1090,1139,50,0,0,12249,5565.7600000000002,844.30749280105283,3286,6512,3226,5754.5,3286,5307,2021,41.244897959183675,99.816326530612244,404,0,1.432421875,0.58410664480877605,0.52734375,2.3046875,1.77734375,1.455078125,0.52734375,0.7421875,0.21484375,0.0043845663265306119,0.10562818877551021,0.68359375,0,37.100000000000001,23.399358965578521,1,72,71,38,1,9,8,0.16326530612244897,4.1224489795918364,27,0,14.521999999999998,0.075604232685742928,14.4,14.699999999999999,0.29999999999999893,14.5,14.5,14.5,0,0,0.08571428571428541,0.29999999999999893,0,46,0,46,46,0,46,46,46,0,0,0,0,1,89.859999999999999,0.34698703145794946,89,90,1,90,90,90,0,0,0.16326530612244897,1,0,0.43006049012137548,0.42944396019929737,3885.559203708754
110,1100,1149,50,0,0,12250,5768.5799999999999,498.4575043070372,4905,6512,1607,5754.5,4962,4905,-57,-1.1632653061224489,79.448979591836732,327,0,1.350390625,0.63164207444175069,0.48828125,2.3046875,1.81640625,1.298828125,1.77734375,0.48828125,-1.2890625,-0.026307397959183673,0.07892219387755102,0.4296875,0,33.880000000000003,25.235403701942239,0,72,72,31.5,51,0,-51,-1.0408163265306123,3.0408163265306123,17,0,14.517999999999999,0.081706792863261699,14.300000000000001,14.699999999999999,0.39999999999999858,14.5,14.4,14.300000000000001,-0.099999999999999645,-0.0020408163265306051,0.075510204081632379,0.29999999999999893,0,46,0,46,46,0,46,46,46,0,0,0,0,1,89.859999999999999,0.34698703145794946,89,90,1,90,90,90,0,0,0.16326530612244897,1,0,0.54465233512370403,0.5422077164364113,4271.7861729823544
111,1110,1159,50,0,0,12252,5611.0600000000004,628.01889812329694,4473,6512,2039,5527.5,6153,5175,-978,-19.959183673469386,78.285714285714292,405,0,1.09453125,0.56352933163872454,0.48828125,2.265625,1.77734375,0.791015625,2.265625,1.2109375,-1.0546875,-0.021524234693877552,0.069355867346938771,0.4296875,0,23.719999999999999,22.455324535619607,0,70,70,11,70,29,-41,-0.83673469387755106,2.6734693877551021,17,0,14.515999999999998,0.080894993664626436,14.300000000000001,14.699999999999999,0.39999999999999858,14.5,14.699999999999999,14.5,-0.19999999999999929,-0.0040816326530612101,0.077551020408162988,0.29999999999999893,0,46,0,46,46,0,46,46,46,0,0,0,0,1,89.859999999999999,0.34698703145794946,89,90,1,90,90,90,0,0,0.16326530612244897,1,0,0.77066033377011889,0.76712483096181183,5126.450249821557
112,1120,1169,50,0,0,12249,5299,606.55585068483185,4355,6512,2157,5205.5,6501,4355,-2146,-43.795918367346935,100.65306122448979,405,0,0.81367187500000004,0.32453885741264193,0.48828125,1.93359375,1.4453125,0.72265625,1.93359375,0.48828125,-1.4453125,-0.029496173469387755,0.094866071428571425,0.44921875,0,12.56,12.831461335327321,0,57,57,8,57,0,-57,-1.1632653061224489,3.6530612244897958,18,0,14.512,0.079094879733140472,14.300000000000001,14.699999999999999,0.39999999999999858,14.5,14.5,14.5,0,0,0.08571428571428541,0.29999999999999893,0,46,0,46,46,0,46,46,46,0,0,0,0,1,89.920000000000002,0.27129319932501073,89,90,1,90,90,90,0,0,0.12244897959183673,1,0,0.73003563572523578,0.72210477751031799,6512.4531925108013
113,1130,1179,50,0,0,12502,4829.5799999999999,566.62534676803853,3711,5788,2077,4891.5,5788,3937,-1851,-37.775510204081634,102.95918367346938,405,0,0.68085937500000004,0.20518077787972275,0.48828125,1.23046875,0.7421875,0.68359375,0.703125,0.91796875,0.21484375,0.0043845663265306119,0.078523596938775517,0.44921875,0,7.3399999999999999,8.0190024317242852,0,29,29,7,8,16,8,0.16326530612244897,2.9795918367346941,18,0,14.51,0.078102496759066276,14.300000000000001,14.699999999999999,0.39999999999999858,14.5,14.5,14.6,0.099999999999999645,0.0020408163265306051,0.075510204081632379,0.29999999999999893,0,46,0,46,46,0,46,46,46,0,0,0,0,1,90,0,90,90,0,90,90,90,0,0,0,0,1,0.42538805321136802,0.41659740391753158,7093.3590361445777
114,1140,1189,50,0,0,12499,4653.5799999999999,451.8531659731953,3711,5368,1657,4683,5286,4997,-289,-5.8979591836734695,114.34693877551021,405,0,0.76601562499999998,0.29120013026978647,0.48828125,1.38671875,0.8984375,0.68359375,0.703125,1.171875,0.46875,0.0095663265306122451,0.098054846938775517,0.44921875,0,10.74,11.380351488420732,0,35,35,7,8,26,18,0.36734693877551022,3.795918367346939,18,0,14.52,0.084852813742385402,14.300000000000001,14.699999999999999,0.39999999999999858,14.5,14.5,14.699999999999999,0.19999999999999929,0.0040816326530612101,0.08571428571428541,0.29999999999999893,0,46,0,46,46,0,46,46,46,0,0,0,0,1,90,0,90,90,0,90,90,90,0,0,0,0,1,0.38266558696807484,0.38715963487190536,6075.0457929627746
115,1150,1199,50,0,0,12498,4518.9200000000001,396.04604984774187,3711,5251,1540,4539.5,4811,4226,-585,-11.938775510204081,107.77551020408163,405,0,0.76640624999999996,0.29052522648913381,0.48828125,1.38671875,0.8984375,0.68359375,0.48828125,0.64453125,0.15625,0.0031887755102040817,0.094866071428571425,0.44921875,0,10.720000000000001,11.373724104267696,0,35,35,7.5,0,6,6,0.12244897959183673,3.6734693877551021,18,0,14.517999999999999,0.076655071586946913,14.4,14.699999999999999,0.29999999999999893,14.5,14.6,14.5,-0.099999999999999645,-0.0020408163265306051,0.087755102040816019,0.29999999999999893,0,46,0,46,46,0,46,46,46,0,0,0,0,1,89.879999999999995,0.32496153618543838,89,90,1,90,90,89,-1,-0.020408163265306121,0.061224489795918366,1,0,0.53601138261252157,0.5402214683057579,5896.2462793068298
116,1160,1209,50,0,0,12499,4488.5200000000004,400.42928164658485,3711,5251,1540,4474,5223,5168,-55,-1.1224489795918366,110.95918367346938,405,0,0.8359375,0.32593203195317427,0.48828125,1.5234375,1.03515625,0.703125,1.23046875,1.38671875,0.15625,0.0031887755102040817,0.10363520408163265,0.44921875,0,13.42,12.812634389539101,0,41,41,8,29,35,6,0.12244897959183673,4.0816326530612246,18,0,14.527999999999997,0.08494704232638102,14.4,14.800000000000001,0.40000000000000036,14.5,14.4,14.800000000000001,0.40000000000000036,0.0081632653061224567,0.093877551020407859,0.30000000000000071,0,46.060000000000002,0.23748684174075835,46,47,1,46,46,46,0,0,0.040816326530612242,1,0,89.680000000000007,0.46647615158762407,89,90,1,90,90,89,-1,-0.020408163265306121,0.061224489795918366,1,0,0.65066450128643494,0.65085010508043228,5369.4444859813093
117,1170,1219,50,0,0,12499,4651.1999999999998,581.38988639294371,3711,5751,2040,4560.5,4274,5680,1406,28.693877551020407,94.163265306122454,334,0,0.98867187499999998,0.37430538695706495,0.48828125,1.5625,1.07421875,0.95703125,0.48828125,0.78125,0.29296875,0.0059789540816326528,0.092075892857142863,0.56640625,0,19.399999999999999,14.756693396557374,0,42,42,18,0,11,11,0.22448979591836735,3.6530612244897958,23,0,14.529999999999999,0.087749643873921021,14.4,14.800000000000001,0.40000000000000036,14.5,14.5,14.5,0,0,0.097959183673469119,0.30000000000000071,0,46.200000000000003,0.40000000000000002,46,47,1,46,46,47,1,0.020408163265306121,0.18367346938775511,1,0,89.480000000000004,0.4995998398718719,89,90,1,89,90,89,-1,-0.020408163265306121,0.061224489795918366,1,0,0.82701744972331814,0.82547338488988986,4704.4930857368627
118,1180,1229,50,0,0,12249,4874.2399999999998,467.87787124419549,4075,5751,1676,4887,4271,5115,844,17.224489795918366,103.14285714285714,383,0,1.012890625,0.35128048584617982,0.48828125,1.5625,1.07421875,0.95703125,0.78125,0.83984375,0.05859375,0.0011957908163265306,0.10722257653061225,0.56640625,0,20.359999999999999,13.864717811769555,0,42,42,18,11,14,3,0.061224489795918366,4.2244897959183669,23,0,14.538,0.099779757466131214,14.4,14.800000000000001,0.40000000000000036,14.5,14.5,14.5,0,0,0.11428571428571402,0.30000000000000071,0,46.200000000000003,0.40000000000000002,46,47,1,46,46,46,0,0,0.20408163265306123,1,0,89.280000000000001,0.448998886412873,89,90,1,89,90,89,-1,-0.020408163265306121,0.061224489795918366,1,0,0.58090159429668753,0.58186167873446348,4812.2076359429229
119,1190,1239,50,0,0,12250,4971.4200000000001,449.28641599763512,4075,5751,1676,5083,4989,5254,265,5.408163265306122,95.285714285714292,383,0,0.962890625,0.33881511892838123,0.48828125,1.5625,1.07421875,0.859375,1.1328125,1.0546875,-0.078125,-0.0015943877551020409,0.096460459183673464,0.56640625,0,18.399999999999999,13.386560424545209,0,42,42,14,25,22,-3,-0.061224489795918366,3.8163265306122449,23,0,14.529999999999999,0.1024695076595958,14.4,14.800000000000001,0.40000000000000036,14.5,14.4,14.699999999999999,0.29999999999999893,0.0061224489795918147,0.11224489795918342,0.30000000000000071,0,46.280000000000001,0.448998886412873,46,47,1,46,46,47,1,0.020408163265306121,0.26530612244897961,1,0,89.079999999999998,0.27129319932501073,89,90,1,89,90,89,-1,-0.020408163265306121,0.061224489795918366,1,0,0.61152963412524186,0.61097568323918661,5163.0163083164298
120,1200,1249,50,0,0,12250,5102.5600000000004,359.43061416635061,4075,5751,1676,5137,4149,4839,690,14.081632653061224,96.489795918367349,383,0,0.98515624999999996,0.32358654476526832,0.48828125,1.5625,1.07421875,0.8984375,0.60546875,0.625,0.01953125,0.00039859693877551021,0.09845344387755102,0.56640625,0,19.32,12.77096707379672,0,42,42,16,4,5,1,0.020408163265306121,3.8979591836734695,23,0,14.526,0.11101351269102321,14.4,14.800000000000001,0.40000000000000036,14.5,14.5,14.5,0,0,0.13061224489795895,0.40000000000000036,0,46.399999999999999,0.4898979485566356,46,47,1,46,46,46,0,0,0.40816326530612246,1,0,89.019999999999996,0.14000000000000001,89,90,1,89,89,89,0,0,0.040816326530612242,1,0,0.49753425325985029,0.49881979454382175,5179.442347343379
121,1210,1259,50,0,0,12250,5211.46,226.80901304842362,4825,5751,926,5166,5213,5359,146,2.9795918367346941,82.612244897959187,383,0,0.95781249999999996,0.28903504937226038,0.48828125,1.5625,1.07421875,0.8984375,1.3671875,1.171875,-0.1953125,-0.0039859693877551021,0.090880102040816327,0.56640625,0,18.199999999999999,11.370136322841516,0,42,42,16,34,27,-7,-0.14285714285714285,3.5306122448979593,23,0,14.522,0.10824047302187828,14.4,14.800000000000001,0.40000000000000036,14.5,14.6,14.699999999999999,0.099999999999999645,0.0020408163265306051,0.12857142857142825,0.40000000000000036,0,46.460000000000001,0.49839743177508444,46,47,1,46,47,47,0,0,0.40816326530612246,1,0,89.060000000000002,0.23748684174075835,89,90,1,89,89,90,1,0.020408163265306121,0.10204081632653061,1,0,0.78367858299706239,0.78589622250857871,5441.002283849919
122,1220,1269,50,0,0,12253,5130.6000000000004,148.31911542346793,4825,5407,582,5138,5297,5193,-104,-2.1224489795918369,79.714285714285708,295,0,0.84492187500000004,0.16488863799380818,0.48828125,1.2109375,0.72265625,0.859375,0.6640625,0.87890625,0.21484375,0.0043845663265306119,0.088887117346938771,0.44921875,0,13.74,6.4955677196069619,0,28,28,14,7,15,8,0.16326530612244897,3.4693877551020407,17,0,14.524000000000001,0.10873821775254529,14.4,14.800000000000001,0.40000000000000036,14.5,14.6,14.6,0,0,0.13469387755102008,0.40000000000000036,0,46.5,0.5,46,47,1,46.5,46,47,1,0.020408163265306121,0.30612244897959184,1,0,89.099999999999994,0.30000000000000004,89,90,1,89,89,90,1,0.020408163265306121,0.14285714285714285,1,0,0.69726555438313254,0.70168587371519875,6072.277392510402
123,1230,1279,50,0,0,12250,5073.1400000000003,208.29652037420115,4505,5407,902,5131.5,5085,4505,-580,-11.836734693877551,76.489795918367349,279,0,0.83750000000000002,0.16193938753241907,0.56640625,1.2109375,0.64453125,0.859375,0.83984375,0.56640625,-0.2734375,-0.005580357142857143,0.082110969387755098,0.3125,0,13.42,6.4376703860946467,3,28,25,14,13,3,-10,-0.20408163265306123,3.2244897959183674,12,0,14.52,0.095916630466254149,14.4,14.800000000000001,0.40000000000000036,14.5,14.4,14.4,0,0,0.11836734693877517,0.40000000000000036,0,46.659999999999997,0.47370877129308048,46,47,1,47,46,47,1,0.020408163265306121,0.38775510204081631,1,0,89.140000000000001,0.34698703145794946,89,90,1,89,89,90,1,0.020408163265306121,0.22448979591836735,1,0,0.80686617075768807,0.80553768503490619,6057.4805970149255
124,1240,1289,50,0,0,12250,5021.8000000000002,229.64424660766053,4424,5407,983,5013.5,5307,5003,-304,-6.204081632653061,84,295,0,0.84999999999999998,0.17170801547430742,0.56640625,1.2109375,0.64453125,0.87890625,1.03515625,0.8203125,-0.21484375,-0.0043845663265306119,0.091278698979591844,0.3125,0,13.94,6.8568505890095057,3,28,25,15,22,13,-9,-0.18367346938775511,3.6530612244897958,13,0,14.51,0.10246950765959582,14.199999999999999,14.800000000000001,0.60000000000000142,14.5,14.4,14.5,0.099999999999999645,0.0020408163265306051,0.11632653061224463,0.40000000000000036,0,46.780000000000001,0.41424630354415964,46,47,1,47,46,47,1,0.020408163265306121,0.30612244897959184,1,0,89.140000000000001,0.34698703145794946,89,90,1,89,89,89,0,0,0.24489795918367346,1,0,0.58087102563563475,0.57860218716305833,5908
125,1250,1299,50,0,0,12249,4927.0799999999999,262.86885247210256,4424,5407,983,4967,5052,4572,-480,-9.795918367346939,80.408163265306129,295,0,0.82265624999999998,0.18169899935659389,0.56640625,1.2109375,0.64453125,0.859375,0.9375,0.6640625,-0.2734375,-0.005580357142857143,0.087691326530612249,0.3515625,0,12.84,7.2231848931063647,3,28,25,14,17,6,-11,-0.22448979591836735,3.5306122448979593,14,0,14.524000000000003,0.097077288796092551,14.199999999999999,14.699999999999999,0.5,14.5,14.6,14.6,0,0,0.10204081632653032,0.30000000000000071,0,46.859999999999999,0.34698703145794946,46,47,1,47,46,47,1,0.020408163265306121,0.18367346938775511,1,0,89.140000000000001,0.34698703145794946,89,90,1,89,89,89,0,0,0.24489795918367346,1,0,0.65251792987663437,0.64567351719442834,5989.2330484330487
126,1260,1309,50,0,0,12249,4775.0600000000004,285.04044695446294,4329,5407,1078,4755,5407,4451,-956,-19.510204081632654,88.122448979591837,295,0,0.77851562500000004,0.1621921851743808,0.56640625,1.15234375,0.5859375,0.7421875,1.15234375,0.72265625,-0.4296875,-0.0087691326530612238,0.094866071428571425,0.3515625,0,11.08,6.5018151311768309,3,26,23,9.5,26,9,-17,-0.34693877551020408,3.8571428571428572,14,0,14.518000000000002,0.097344748189103436,14.199999999999999,14.699999999999999,0.5,14.5,14.5,14.4,-0.099999999999999645,-0.0020408163265306051,0.10408163265306093,0.30000000000000071,0,46.939999999999998,0.23748684174075835,46,47,1,47,47,47,0,0,0.12244897959183673,1,0,89.099999999999994,0.30000000000000004,89,90,1,89,90,89,-1,-0.020408163265306121,0.18367346938775511,1,0,0.48841013484644397,0.49219494990953805,6133.5442047165079
127,1270,1319,50,0,0,12250,4619.1400000000003,239.71558230536456,4227,5043,816,4571.5,5013,4227,-786,-16.040816326530614,83.714285714285708,295,0,0.751953125,0.1506947007106276,0.56640625,1.15234375,0.5859375,0.703125,0.68359375,0.56640625,-0.1171875,-0.0023915816326530613,0.082908163265306117,0.3515625,0,10.02,6.074504094985862,2,26,24,8,8,2,-6,-0.12244897959183673,3.4285714285714284,14,0,14.508000000000003,0.099679486355016653,14.199999999999999,14.699999999999999,0.5,14.5,14.6,14.5,-0.099999999999999645,-0.0020408163265306051,0.10816326530612214,0.39999999999999858,0,46.960000000000001,0.19595917942265423,46,47,1,47,46,47,1,0.020408163265306121,0.061224489795918366,1,0,89.060000000000002,0.23748684174075835,89,90,1,89,89,89,0,0,0.12244897959183673,1,0,0.47263051177205273,0.48592219420499932,6142.8563116883124
128,1280,1329,50,0,0,12249,4540.3400000000001,249.35794432903074,4038,5043,1005,4510,4424,4501,77,1.5714285714285714,93.857142857142861,316,0,0.77812499999999996,0.17674907177974089,0.48828125,1.15234375,0.6640625,0.7421875,0.7421875,0.9765625,0.234375,0.0047831632653061226,0.10124362244897959,0.56640625,0,11.06,7.075054770106024,0,26,26,9.5,9,19,10,0.20408163265306123,4.1224489795918364,22,0,14.511999999999999,0.10703270528207702,14.199999999999999,14.800000000000001,0.60000000000000142,14.5,14.199999999999999,14.5,0.30000000000000071,0.0061224489795918512,0.11224489795918338,0.40000000000000036,0,47,0,47,47,0,47,47,47,0,0,0,0,1,89.060000000000002,0.23748684174075835,89,90,1,89,89,90,1,0.020408163265306121,0.10204081632653061,1,0,0.55231173449142013,0.55631326056349928,5834.9751004016071
129,1290,1339,50,0,0,12249,4356.0200000000004,273.84685428173174,3596,4985,1389,4402.5,4985,3596,-1389,-28.346938775510203,99.326530612244895,316,0,0.689453125,0.16761636364426991,0.48828125,1.07421875,0.5859375,0.6640625,0.7421875,0.48828125,-0.25390625,-0.0051817602040816323,0.09845344387755102,0.56640625,0,7.5599999999999996,6.6125940446998568,0,23,23,6,10,0,-10,-0.20408163265306123,3.9183673469387754,22,0,14.517999999999999,0.11079711187571623,14.199999999999999,14.800000000000001,0.60000000000000142,14.5,14.5,14.4,-0.099999999999999645,-0.0020408163265306051,0.12040816326530591,0.60000000000000142,0,47,0,47,47,0,47,47,47,0,0,0,0,1,89.060000000000002,0.23748684174075835,89,90,1,89,90,89,-1,-0.020408163265306121,0.10204081632653061,1,0,0.54929187955392611,0.54259340581286986,6318.0800000000008
130,1300,1349,50,0,0,12252,4071.4200000000001,484.63904465075859,3098,4620,1522,4287.5,4451,3098,-1353,-27.612244897959183,89.612244897959187,316,0,0.65703124999999996,0.17503138669428694,0.48828125,1.07421875,0.5859375,0.634765625,0.64453125,0.5078125,-0.13671875,-0.0027901785714285715,0.082509566326530615,0.56640625,0,6.2999999999999998,6.8680419334771088,0,23,23,5,5,0,-5,-0.10204081632653061,3.2857142857142856,22,0,14.51,0.11180339887498947,14.199999999999999,14.800000000000001,0.60000000000000142,14.5,14.5,14.5,0,0,0.12653061224489781,0.60000000000000142,0,47,0,47,47,0,47,47,47,0,0,0,0,1,89.040000000000006,0.19595917942265423,89,90,1,89,89,89,0,0,0.081632653061224483,1,0,0.64778666700502541,0.63738634087861745,6196.6915576694419
131,1310,1359,50,0,0,12250,3752.7399999999998,645.1603152705535,2542,4620,2078,3937.5,4383,2542,-1841,-37.571428571428569,93.571428571428569,316,0,0.61289062500000002,0.1695010953884683,0.48828125,1.07421875,0.5859375,0.52734375,0.6640625,0.48828125,-0.17578125,-0.0035873724489795919,0.069754464285714288,0.56640625,0,4.5999999999999996,6.6633324995830723,0,23,23,1,6,0,-6,-0.12244897959183673,2.7346938775510203,22,0,14.505999999999998,0.1120892501536164,14.199999999999999,14.800000000000001,0.60000000000000142,14.5,14.5,14.300000000000001,-0.19999999999999929,-0.0040816326530612101,0.11428571428571417,0.60000000000000142,0,47,0,47,47,0,47,47,47,0,0,0,0,1,89.079999999999998,0.27129319932501073,89,90,1,89,89,89,0,0,0.16326530612244897,1,0,0.59029853154126155,0.58759813016251583,6123.017463352453
132,1320,1369,50,0,0,12250,3297.8000000000002,847.96143780245097,1398,4620,3222,3161,4097,2965,-1132,-23.102040816326532,132,1228,0,0.58125000000000004,0.1651082741339755,0.48828125,1.07421875,0.5859375,0.48828125,0.48828125,0.703125,0.21484375,0.0043845663265306119,0.067362882653061229,0.56640625,0,3.4199999999999999,6.4655703538048366,0,23,23,0,0,8,8,0.16326530612244897,2.6530612244897958,22,0,14.515999999999998,0.12862348152650824,14.199999999999999,14.800000000000001,0.60000000000000142,14.5,14.5,14.800000000000001,0.30000000000000071,0.0061224489795918512,0.12448979591836723,0.60000000000000142,0,47,0,47,47,0,47,47,47,0,0,0,0,1,89.180000000000007,0.38418745424597089,89,90,1,89,89,90,1,0.020408163265306121,0.26530612244897961,1,0,0.39582611024740766,0.39153355707081477,5673.6344086021509
133,1330,1379,50,0,0,12250,3204.6999999999998,772.86263333143495,1398,4467,3069,3151,4467,3751,-716,-14.612244897959183,153.51020408163265,1228,0,0.60781249999999998,0.18902537083765369,0.48828125,1.11328125,0.625,0.5078125,0.625,0.52734375,-0.09765625,-0.0019929846938775511,0.046635841836734693,0.25390625,0,4.4800000000000004,7.4545019954387293,0,24,24,0,5,1,-4,-0.081632653061224483,1.8367346938775511,11,0,14.507999999999999,0.12623787070447598,14.199999999999999,14.800000000000001,0.60000000000000142,14.5,14.5,14.5,0,0,0.130612244897959,0.60000000000000142,0,47,0,47,47,0,47,47,47,0,0,0,0,1,89.340000000000003,0.47370877129308048,89,90,1,89,89,90,1,0.020408163265306121,0.18367346938775511,1,0,0.37748609550472584,0.3722773940885799,5272.5141388174807
134,1340,1389,50,0,0,12250,3162.0999999999999,733.32045518995312,1398,4434,3036,3151,3509,4092,583,11.897959183673469,159.73469387755102,1228,0,0.67148437500000002,0.20528783920103041,0.48828125,1.11328125,0.625,0.576171875,0.48828125,0.99609375,0.5078125,0.010363520408163265,0.05899234693877551,0.29296875,0,7,8.0969129919988649,0,24,24,2.5,0,20,20,0.40816326530612246,2.3673469387755102,12,0,14.519999999999998,0.11832159566199214,14.300000000000001,14.800000000000001,0.5,14.5,14.5,14.6,0.099999999999999645,0.0020408163265306051,0.12040816326530585,0.40000000000000036,0,47,0,47,47,0,47,47,47,0,0,0,0,1,89.540000000000006,0.49839743177508444,89,90,1,90,89,90,1,0.020408163265306121,0.18367346938775511,1,0,0.65118735709289144,0.64856495843538142,4709.1192553810351
135,1350,1399,50,0,0,12249,3310.7399999999998,804.29454331109321,1398,4434,3036,3594,3017,4246,1229,25.081632653061224,178.87755102040816,1228,0,0.73554687500000004,0.20675873869171918,0.48828125,1.11328125,0.625,0.72265625,0.5078125,0.91796875,0.41015625,0.008370535714285714,0.081712372448979595,0.3125,0,9.5,8.1516869419771023,0,24,24,9,0,17,17,0.34693877551020408,3.2448979591836733,12,0,14.518000000000002,0.13219682295728569,14.199999999999999,14.800000000000001,0.60000000000000142,14.5,14.5,14.699999999999999,0.19999999999999929,0.0040816326530612101,0.13469387755102008,0.5,0,47,0,47,47,0,47,47,47,0,0,0,0,1,89.739999999999995,0.43863424398922618,89,90,1,90,89,90,1,0.020408163265306121,0.18367346938775511,1,0,0.72238134349188021,0.71723211015354094,4501.0591609134353
136,1360,1409,50,0,0,12250,3543.3800000000001,800.93674881353775,1398,4434,3036,3849,2436,4154,1718,35.061224489795919,191.46938775510205,1228,0,0.78125,0.18912060057672195,0.48828125,1.11328125,0.625,0.8203125,0.48828125,1.03515625,0.546875,0.011160714285714286,0.10124362244897959,0.3125,0,11.300000000000001,7.4357245780085215,0,24,24,13,0,21,21,0.42857142857142855,4.0204081632653059,12,0,14.522000000000002,0.14462364951832726,14.199999999999999,14.9,0.70000000000000107,14.5,14.699999999999999,14.5,-0.19999999999999929,-0.0040816326530612101,0.15510204081632628,0.70000000000000107,0,47,0,47,47,0,47,47,47,0,0,0,0,1,89.900000000000006,0.30000000000000004,89,90,1,90,89,90,1,0.020408163265306121,0.10204081632653061,1,0,0.6283245720424977,0.62057560767973785,4535.5263999999997
137,1370,1419,50,0,0,12249,4033.9000000000001,385.80716685930031,2837,4712,1875,4019,2837,4712,1875,38.265306122448976,147.9795918367347,538,0,0.88124999999999998,0.17212517304366756,0.52734375,1.25,0.72265625,0.8984375,0.703125,0.95703125,0.25390625,0.0051817602040816323,0.1016422193877551,0.3125,0,15.18,6.7873116916788199,1,30,29,16,8,18,10,0.20408163265306123,4.0408163265306118,12,0,14.519999999999998,0.12806248474865681,14.199999999999999,14.9,0.70000000000000107,14.5,14.4,14.6,0.19999999999999929,0.0040816326530612101,0.14285714285714257,0.70000000000000107,0,47,0,47,47,0,47,47,47,0,0,0,0,1,90,0,90,90,0,90,90,90,0,0,0,0,1,0.5245024978521049,0.51464192624926697,4577.4751773049647
138,1380,1429,50,0,0,12250,4243.2600000000002,478.35295797141254,3441,5269,1828,4130.5,3469,5267,1798,36.693877551020407,107.46938775510205,300,0,0.92578125,0.20607088576734342,0.5859375,1.46484375,0.87890625,0.908203125,0.8203125,1.25,0.4296875,0.0087691326530612238,0.093271683673469385,0.33203125,0,16.98,8.2182479884705355,3,39,36,16.5,13,30,17,0.34693877551020408,3.7346938775510203,13,0,14.526000000000002,0.12932130528261751,14.199999999999999,14.9,0.70000000000000107,14.5,14.5,14.5,0,0,0.15102040816326498,0.70000000000000107,0,47,0,47,47,0,47,47,47,0,0,0,0,1,90,0,90,90,0,90,90,90,0,0,0,0,1,0.76842882932095591,0.76862722355331203,4583.4369620253165
139,1390,1439,50,0,0,12252,4406.5200000000004,452.07739337418764,3624,5296,1672,4293,4177,4064,-113,-2.306122448979592,110.63265306122449,348,0,0.88515624999999998,0.26629740261712093,0.48828125,1.46484375,0.9765625,0.908203125,0.95703125,0.48828125,-0.46875,-0.0095663265306122451,0.094068877551020405,0.703125,0,15.4,10.505236789335116,0,39,39,16.5,18,0,-18,-0.36734693877551022,3.7551020408163267,27,0,14.522,0.1285145906113386,14.199999999999999,14.9,0.70000000000000107,14.5,14.699999999999999,14.5,-0.19999999999999929,-0.0040816326530612101,0.15102040816326498,0.70000000000000107,0,47,0,47,47,0,47,47,47,0,0,0,0,1,90,0,90,90,0,90,90,90,0,0,0,0,1,0.60214540225327096,0.60848229815507893,4978.2397175639899
140,1400,1449,50,0,0,12250,4572.5200000000004,441.75460337160041,3789,5507,1718,4609,4070,5507,1437,29.326530612244898,107.32653061224489,348,0,0.98320312499999996,0.37474784002515027,0.48828125,2.5390625,2.05078125,0.9765625,0.6640625,2.5390625,1.875,0.03826530612244898,0.11639030612244898,1.171875,0,19.280000000000001,14.808159912696784,0,81,81,19,6,81,75,1.5306122448979591,4.6326530612244898,47,0,14.52,0.11313708498984743,14.199999999999999,14.9,0.70000000000000107,14.5,14.4,14.4,0,0,0.13061224489795886,0.70000000000000107,0,47,0,47,47,0,47,47,47,0,0,0,0,1,90,0,90,90,0,90,90,90,0,0,0,0,1,0.703880805525543,0.7076882785289772,4650.636154151769
141,1410,1459,50,0,0,12250,4947.6400000000003,596.90011760762798,4052,6312,2260,4738.5,4252,5225,973,19.857142857142858,116.71428571428571,729,0,1.21015625,0.62410776156596148,0.48828125,2.578125,2.08984375,1.0546875,1.03515625,0.87890625,-0.15625,-0.0031887755102040817,0.1482780612244898,1.50390625,0,28.34,24.76175276510126,0,83,83,22,21,15,-6,-0.12244897959183673,5.9183673469387754,59,0,14.534000000000001,0.092973114393355441,14.4,14.800000000000001,0.40000000000000036,14.5,14.6,14.5,-0.099999999999999645,-0.0020408163265306051,0.10408163265306093,0.30000000000000071,0,47,0,47,47,0,47,47,47,0,0,0,0,1,89.959999999999994,0.19595917942265423,89,90,1,90,90,89,-1,-0.020408163265306121,0.020408163265306121,1,0,0.79510090585704152,0.79636325818254605,4088.4307295029053
142,1420,1469,50,0,0,12250,4999.3400000000001,578.86297549592859,4052,6312,2260,4922,4716,4393,-323,-6.591836734693878,125.81632653061224,729,0,1.0972656249999999,0.68827293642113063,0.48828125,2.578125,2.08984375,0.888671875,0.8984375,0.48828125,-0.41015625,-0.008370535714285714,0.1446906887755102,1.50390625,0,23.960000000000001,27.263866196854767,0,83,83,15.5,16,0,-16,-0.32653061224489793,5.7551020408163263,59,0,14.531999999999998,0.098873656754466049,14.4,14.800000000000001,0.40000000000000036,14.5,14.5,14.5,0,0,0.11020408163265281,0.30000000000000071,0,47,0,47,47,0,47,47,47,0,0,0,0,1,89.760000000000005,0.42708313008125243,89,90,1,90,90,89,-1,-0.020408163265306121,0.020408163265306121,1,0,0.78030141887242199,0.78010139916908683,4556.18027767889
143,1430,1479,50,0,0,12250,4768.9399999999996,762.64406927478296,3229,6312,3083,4662,5276,3229,-2047,-41.775510204081634,137.69387755102042,729,0,0.96640625000000002,0.72231030570965493,0.48828125,2.578125,2.08984375,0.48828125,1.23046875,0.48828125,-0.7421875,-0.015146683673469387,0.12755102040816327,1.50390625,0,18.800000000000001,28.579713084634008,0,83,83,0,29,0,-29,-0.59183673469387754,5.0408163265306118,59,0,14.529999999999999,0.094339811320565903,14.4,14.800000000000001,0.40000000000000036,14.5,14.6,14.5,-0.099999999999999645,-0.0020408163265306051,0.099999999999999784,0.30000000000000071,0,47,0,47,47,0,47,47,47,0,0,0,0,1,89.560000000000002,0.49638694583963427,89,90,1,90,90,89,-1,-0.020408163265306121,0.020408163265306121,1,0,0.7613587923285916,0.76051912836204372,4934.7156022635399
144,1440,1489,50,0,0,12250,4324.8800000000001,1250.8537826620664,1510,6312,4802,4546.5,4052,1510,-2542,-51.877551020408163,146.9795918367347,729,0,0.9375,0.72638396664036264,0.48828125,2.578125,2.08984375,0.48828125,0.83984375,0.48828125,-0.3515625,-0.0071747448979591838,0.10522959183673469,1.50390625,0,17.68,28.744696902211373,0,83,83,0,13,0,-13,-0.26530612244897961,4.1836734693877551,59,0,14.526,0.086740993768805688,14.4,14.800000000000001,0.40000000000000036,14.5,14.5,14.5,0,0,0.081632653061224345,0.30000000000000071,0,47,0,47,47,0,47,47,47,0,0,0,0,1,89.359999999999999,0.47999999999999998,89,90,1,89,90,89,-1,-0.020408163265306121,0.020408163265306121,1,0,0.66470169371588905,0.6632843210124616,4613.2053333333333
145,1450,1499,50,0,0,12249,3649.5599999999999,1649.8208770651436,1384,6312,4928,3827,5763,1470,-4293,-87.612244897959187,118.83673469387755,729,0,0.77031249999999996,0.68143811909538055,0.48828125,2.578125,2.08984375,0.48828125,2.55859375,0.48828125,-2.0703125,-0.042251275510204078,0.05899234693877551,1.50390625,0,11.140000000000001,26.993339919320835,0,83,83,0,82,0,-82,-1.6734693877551021,2.3265306122448979,59,0,14.529999999999998,0.10246950765959602,14.199999999999999,14.800000000000001,0.60000000000000142,14.5,14.5,14.5,0,0,0.093877551020408123,0.5,0,47,0,47,47,0,47,47,47,0,0,0,0,1,89.159999999999997,0.36660605559646725,89,90,1,89,90,89,-1,-0.020408163265306121,0.020408163265306121,1,0,0.60651663019314694,0.60509128443184224,4737.7655172413797
146,1460,1509,50,0,0,12249,2761.0999999999999,1375.7230135459681,1384,5286,3902,2414.5,5286,1418,-3868,-78.938775510204081,87.469387755102048,258,0,0.48867187499999998,0.0027343749999999998,0.48828125,0.5078125,0.01953125,0.48828125,0.5078125,0.48828125,-0.01953125,-0.00039859693877551021,0.00039859693877551021,0.01953125,0,0,0,0,0,0,0,0,0,0,0,0,0,1,14.521999999999998,0.11364858116140293,14.199999999999999,14.800000000000001,0.60000000000000142,14.5,14.800000000000001,14.5,-0.30000000000000071,-0.0061224489795918512,0.11632653061224474,0.5,0,47,0,47,47,0,47,47,47,0,0,0,0,1,89.159999999999997,0.36660605559646725,89,90,1,89,89,90,1,0.020408163265306121,0.020408163265306121,1,0,0.26218940618743097,0,5650.2126298960829
147,1470,1519,50,0,0,12249,2081.5999999999999,972.48905392297343,1366,4272,2906,1450,4272,1451,-2821,-57.571428571428569,69.979591836734699,258,0,0.48828125,0,0.48828125,0.48828125,0,0.48828125,0.48828125,0.48828125,0,0,0,0,1,0,0,0,0,0,0,0,0,0,0,0,0,1,14.527999999999999,0.11496086290559918,14.199999999999999,14.800000000000001,0.60000000000000142,14.5,14.6,14.5,-0.099999999999999645,-0.0020408163265306051,0.11224489795918349,0.5,0,47,0,47,47,0,47,47,47,0,0,0,0,1,89.359999999999999,0.48000000000000004,89,90,1,89,89,90,1,0.020408163265306121,0.020408163265306121,1,0,0,0,4263.1167999999998
148,1480,1529,50,0,0,12251,1607.26,438.93265132591807,1366,3089,1723,1429,3089,1429,-1660,-33.877551020408163,51.714285714285715,258,0,0.48828125,0,0.48828125,0.48828125,0,0.48828125,0.48828125,0.48828125,0,0,0,0,1,0,0,0,0,0,0,0,0,0,0,0,0,1,14.544000000000004,0.12191800523302518,14.199999999999999,14.800000000000001,0.60000000000000142,14.5,14.5,14.6,0.099999999999999645,0.0020408163265306051,0.12448979591836712,0.5,0,47,0,47,47,0,47,47,47,0,0,0,0,1,89.560000000000002,0.49638694583963427,89,90,1,90,89,90,1,0.020408163265306121,0.020408163265306121,1,0,0,0,3291.6684799999998
149,1490,1539,50,0,0,12249,1423.1800000000001,25.066862587886824,1366,1473,107,1423,1415,1427,12,0.24489795918367346,19.877551020408163,73,0,0.48828125,0,0.48828125,0.48828125,0,0.48828125,0.48828125,0.48828125,0,0,0,0,1,0,0,0,0,0,0,0,0,0,0,0,0,1,14.554,0.12523577763562593,14.199999999999999,14.800000000000001,0.60000000000000142,14.6,14.199999999999999,14.5,0.30000000000000071,0.0061224489795918512,0.13673469387755072,0.5,0,47,0,47,47,0,47,47,47,0,0,0,0,1,89.760000000000005,0.42708313008125248,89,90,1,90,89,90,1,0.020408163265306121,0.020408163265306121,1,0,0,0,2914.6726400000002
150,1500,1549,50,0,0,12250,1426.8,25.536640342848546,1366,1476,110,1427.5,1473,1467,-6,-0.12244897959183673,20.571428571428573,73,0,0.48828125,0,0.48828125,0.48828125,0,0.48828125,0.48828125,0.48828125,0,0,0,0,1,0,0,0,0,0,0,0,0,0,0,0,0,1,14.550000000000001,0.11180339887498918,14.300000000000001,14.800000000000001,0.5,14.6,14.5,14.6,0.099999999999999645,0.0020408163265306051,0.13265306122448939,0.40000000000000036,0,47,0,47,47,0,47,47,47,0,0,0,0,1,90.079999999999998,0.5230678732248808,89,92,3,90,89,92,3,0.061224489795918366,0.061224489795918366,2,0,0,0,2922.0863999999997
151,1510,1559,50,0,0,12249,1420.6800000000001,27.346985208611201,1357,1476,119,1423,1388,1418,30,0.61224489795918369,21.061224489795919,73,0,0.48828125,0,0.48828125,0.48828125,0,0.48828125,0.48828125,0.48828125,0,0,0,0,1,0,0,0,0,0,0,0,0,0,0,0,0,1,14.543999999999999,0.098305645819555698,14.4,14.699999999999999,0.29999999999999893,14.5,14.4,14.6,0.19999999999999929,0.0040816326530612101,0.10612244897959146,0.29999999999999893,0,47,0,47,47,0,47,47,47,0,0,0,0,1,90.519999999999996,0.87726848797845236,90,92,2,90,90,92,2,0.040816326530612242,0.040816326530612242,2,0,0,0,2909.5526400000003
152,1520,1569,50,0,0,12249,1674.0999999999999,703.1278759941182,1357,3874,2517,1428.5,1429,3840,2411,49.204081632653065,69.571428571428569,1078,0,0.54414062500000004,0.14293939674763612,0.48828125,0.95703125,0.46875,0.48828125,0.48828125,0.8203125,0.33203125,0.0067761479591836732,0.012356505102040817,0.2734375,0,2.1400000000000001,5.4882055355097625,0,18,18,0,0,13,13,0.26530612244897961,0.46938775510204084,11,0,14.552,0.10244998779892538,14.4,14.800000000000001,0.40000000000000036,14.5,14.5,14.5,0,0,0.12244897959183644,0.40000000000000036,0,47,0,47,47,0,47,47,47,0,0,0,0,1,90.920000000000002,0.99679486355016889,90,92,2,90,90,92,2,0.040816326530612242,0.040816326530612242,2,0,0.92298917525616053,0.92658956050004815,3076.5944005742995
153,1530,1579,50,0,0,12250,1988.1800000000001,893.2021202393106,1357,3874,2517,1436.5,1428,2291,863,17.612244897959183,116.0204081632653,1078,0,0.58710937500000004,0.16342930264457053,0.48828125,0.95703125,0.46875,0.48828125,0.48828125,0.76171875,0.2734375,0.005580357142857143,0.029496173469387755,0.2734375,0,3.6800000000000002,6.262395707714421,0,18,18,0,0,10,10,0.20408163265306123,1.1836734693877551,11,0,14.536000000000001,0.09541488353501236,14.4,14.800000000000001,0.40000000000000036,14.5,14.5,14.6,0.099999999999999645,0.0020408163265306051,0.11224489795918342,0.40000000000000036,0,47,0,47,47,0,47,47,47,0,0,0,0,1,91.319999999999993,0.94741754258616095,90,92,2,92,90,92,2,0.040816326530612242,0.040816326530612242,2,0,0.87993866611688365,0.86761844014081602,3386.387757817698
154,1540,1589,50,0,0,12250,2301.3200000000002,980.94277998260429,1357,3874,2517,1815.5,1427,1667,240,4.8979591836734695,190.32653061224491,1078,0,0.63515624999999998,0.19347731567211568,0.48828125,1.015625,0.52734375,0.48828125,0.48828125,0.52734375,0.0390625,0.00079719387755102043,0.046237244897959183,0.48828125,0,5.5,7.4786362393152936,0,21,21,0,0,1,1,0.020408163265306121,1.8571428571428572,19,0,14.533999999999999,0.099216934038499641,14.4,14.800000000000001,0.40000000000000036,14.5,14.6,14.5,-0.099999999999999645,-0.0020408163265306051,0.10816326530612229,0.40000000000000036,0,47,0,47,47,0,47,47,47,0,0,0,0,1,91.719999999999999,0.69397406291589891,90,92,2,92,90,92,2,0.040816326530612242,0.040816326530612242,2,0,0.79646484550107266,0.79000405715774669,3623.234440344404
155,1550,1599,50,0,0,12250,2792.2199999999998,1200.1029004214597,1357,5213,3856,2541,1425,5063,3638,74.244897959183675,260.57142857142856,1568,0,0.79570312499999996,0.33763221694029089,0.48828125,1.58203125,1.09375,0.72265625,0.48828125,1.5625,1.07421875,0.021922831632653062,0.076929209183673464,0.5078125,0,11.800000000000001,13.364131097830489,0,43,43,8.5,0,43,43,0.87755102040816324,3.0408163265306123,20,0,14.536000000000001,0.095414883535012457,14.4,14.800000000000001,0.40000000000000036,14.5,14.4,14.6,0.19999999999999929,0.0040816326530612101,0.097959183673469258,0.40000000000000036,0,47,0,47,47,0,47,47,47,0,0,0,0,1,92,0,92,92,0,92,92,92,0,0,0,0,1,0.83482882607037834,0.83208799958210666,3509.122827687776
156,1560,1609,50,0,0,12253,3508,1226.1675578810589,1421,5213,3792,3736.5,1421,5180,3759,76.714285714285708,269.85714285714283,1568,0,0.98554687500000004,0.37723556452510959,0.48828125,1.58203125,1.09375,0.95703125,0.48828125,1.328125,0.83984375,0.017139668367346938,0.082509566326530615,0.5078125,0,19.32,15.126718084237574,0,43,43,18,0,33,33,0.67346938775510201,3.2448979591836733,20,0,14.538,0.095686989711245438,14.4,14.800000000000001,0.40000000000000036,14.5,14.5,14.4,-0.099999999999999645,-0.0020408163265306051,0.099999999999999867,0.40000000000000036,0,47,0,47,47,0,47,47,47,0,0,0,0,1,92,0,92,92,0,92,92,92,0,0,0,0,1,0.85704349526441848,0.85815147522369395,3559.4451050336897
157,1570,1619,50,0,0,12250,4036.1599999999999,1226.7316309609043,1636,5657,4021,4415.5,3568,5657,2089,42.632653061224488,225.12244897959184,1568,0,1.0992187499999999,0.38169559641200018,0.48828125,1.69921875,1.2109375,1.142578125,0.76171875,1.54296875,0.78125,0.015943877551020409,0.087691326530612249,0.5078125,0,23.84,15.356249542124534,0,48,48,25.5,10,41,31,0.63265306122448983,3.489795918367347,20,0,14.522,0.080721744282442096,14.4,14.800000000000001,0.40000000000000036,14.5,14.5,14.5,0,0,0.093877551020407901,0.20000000000000107,0,47,0,47,47,0,47,47,47,0,0,0,0,1,92,0,92,92,0,92,92,92,0,0,0,0,1,0.84816527801746489,0.84955770832245836,3671.8442075337598
158,1580,1629,50,0,0,12250,4512.8000000000002,1191.9120437347715,1636,6216,4580,4957.5,2338,4784,2446,49.918367346938773,218.44897959183675,1568,0,1.16796875,0.46574558002465249,0.48828125,2.48046875,1.9921875,1.2890625,0.8203125,0.48828125,-0.33203125,-0.0067761479591836732,0.13034119897959184,1.2109375,0,26.719999999999999,18.520302373341533,0,79,79,31.5,12,0,-12,-0.24489795918367346,5.1836734693877551,48,0,14.517999999999999,0.097344748189103547,14.199999999999999,14.800000000000001,0.60000000000000142,14.5,14.5,14.699999999999999,0.19999999999999929,0.0040816326530612101,0.11020408163265281,0.40000000000000036,0,47,0,47,47,0,47,47,47,0,0,0,0,1,92,0,92,92,0,92,92,92,0,0,0,0,1,0.59209412799862648,0.59836468528890252,3863.8020066889635
159,1590,1639,50,0,0,12250,4830.3400000000001,867.02525015134358,1636,6216,4580,4967.5,1636,4966,3330,67.959183673469383,170,1568,0,1.1773437499999999,0.46430246846916773,0.48828125,2.48046875,1.9921875,1.2890625,0.76171875,1.23046875,0.46875,0.0095663265306122451,0.12755102040816327,1.2109375,0,27.140000000000001,18.408704462834965,0,79,79,31.5,10,29,19,0.38775510204081631,5.0816326530612246,48,0,14.502000000000001,0.090531762382050004,14.199999999999999,14.699999999999999,0.5,14.5,14.5,14.5,0,0,0.11428571428571395,0.40000000000000036,0,47,0,47,47,0,47,47,47,0,0,0,0,1,91.920000000000002,0.39191835884530846,90,92,2,92,92,90,-2,-0.040816326530612242,0.040816326530612242,2,0,0.44042447259645662,0.44491048335068928,4102.7439946914401
160,1600,1649,50,0,0,12249,5186.9200000000001,488.89131062026456,4193,6216,2023,5157,4876,6095,1219,24.877551020408163,113.16326530612245,948,0,1.2621093750000001,0.49903608869726607,0.48828125,2.48046875,1.9921875,1.376953125,1.5234375,1.953125,0.4296875,0.0087691326530612238,0.12356505102040816,1.2109375,0,30.539999999999999,19.774943742018586,0,79,79,35,41,58,17,0.34693877551020408,4.9591836734693882,48,0,14.5,0.095916630466254163,14.199999999999999,14.699999999999999,0.5,14.5,14.5,14.6,0.099999999999999645,0.0020408163265306051,0.12448979591836698,0.40000000000000036,0,47,0,47,47,0,47,47,47,0,0,0,0,1,91.560000000000002,0.82849260708831918,90,92,2,92,92,90,-2,-0.040816326530612242,0.12244897959183673,2,0,0.75276126825976752,0.75226055374991807,4109.7230578768185
161,1610,1659,50,0,0,12250,5256.3800000000001,527.47348331456431,4193,6228,2035,5192,5217,4793,-424,-8.6530612244897966,135.0612244897959,948,0,1.134765625,0.58864284309631731,0.48828125,2.48046875,1.9921875,1.1328125,1.328125,0.48828125,-0.83984375,-0.017139668367346938,0.15345982142857142,1.54296875,0,25.48,23.271647986337367,0,79,79,25,33,0,-33,-0.67346938775510201,6.1428571428571432,61,0,14.503999999999998,0.095833188405687289,14.199999999999999,14.699999999999999,0.5,14.5,14.5,14.5,0,0,0.12244897959183637,0.40000000000000036,0,47,0,47,47,0,47,47,47,0,0,0,0,1,91.159999999999997,0.98711701434024524,90,92,2,92,92,90,-2,-0.040816326530612242,0.12244897959183673,2,0,0.78032168727202589,0.78133271915806357,4632.1283304647159
162,1620,1669,50,0,0,12249,5077.2799999999997,620.372050950073,4143,6228,2085,4949,5719,4143,-1576,-32.163265306122447,135.51020408163265,948,0,0.96523437499999998,0.6197175446968386,0.48828125,2.48046875,1.9921875,0.48828125,1.66015625,0.48828125,-1.171875,-0.023915816326530611,0.13233418367346939,1.54296875,0,18.82,24.491378074742954,0,79,79,0,46,0,-46,-0.93877551020408168,5.2653061224489797,61,0,14.507999999999999,0.10552724766618318,14.199999999999999,14.800000000000001,0.60000000000000142,14.5,14.199999999999999,14.6,0.40000000000000036,0.0081632653061224567,0.12653061224489762,0.40000000000000036,0,47,0,47,47,0,47,47,47,0,0,0,0,1,90.760000000000005,0.97077288796092787,90,92,2,90,92,90,-2,-0.040816326530612242,0.12244897959183673,2,0,0.80737789722329723,0.80798862105504021,5260.1524888709027
163,1630,1679,50,0,0,12249,4683.1999999999998,867.60295066349329,2668,6228,3560,4692.5,4661,2668,-1993,-40.673469387755105,123.73469387755102,576,0,0.853515625,0.55249967411083434,0.48828125,2.0703125,1.58203125,0.48828125,0.48828125,0.48828125,0,0,0.074936224489795922,1.54296875,0,14.4,21.812840255225822,0,62,62,0,0,0,0,0,2.9795918367346941,61,0,14.521999999999998,0.10447966309287172,14.300000000000001,14.800000000000001,0.5,14.5,14.5,14.800000000000001,0.30000000000000071,0.0061224489795918512,0.12040816326530587,0.30000000000000071,0,47,0,47,47,0,47,47,47,0,0,0,0,1,90.359999999999999,0.76837490849194179,90,92,2,90,92,90,-2,-0.040816326530612242,0.12244897959183673,2,0,0.72995523775144511,0.73008001451798921,5486.9528604118987
164,1640,1689,50,0,0,12249,4137.8999999999996,1440.6623233776888,1368,6228,4860,4413,5192,1387,-3805,-77.65306122448979,121.89795918367346,576,0,0.79609375000000004,0.55667228528383284,0.48828125,2.0703125,1.58203125,0.48828125,1.38671875,0.48828125,-0.8984375,-0.018335459183673471,0.054209183673469385,1.54296875,0,12.16,21.985777220739777,0,62,62,0,36,0,-36,-0.73469387755102045,2.1224489795918369,61,0,14.515999999999996,0.13320660644277366,14.199999999999999,14.9,0.70000000000000107,14.5,14.4,14.300000000000001,-0.099999999999999645,-0.0020408163265306051,0.15306122448979573,0.5,0,47,0,47,47,0,47,47,47,0,0,0,0,1,90.040000000000006,0.28000000000000008,90,92,2,90,92,90,-2,-0.040816326530612242,0.040816326530612242,2,0,0.63932005452089657,0.63928535350345028,5197.7546614327766
165,1650,1699,50,0,0,12251,3280.4400000000001,1539.7513066726067,1310,6228,4918,3435.5,6163,1392,-4771,-97.367346938775512,108.55102040816327,576,0,0.55078125,0.30621113433228142,0.48828125,2.0703125,1.58203125,0.48828125,2.0703125,0.48828125,-1.58203125,-0.032286352040816327,0.032286352040816327,1.54296875,0,2.46,12.051904413826055,0,62,62,0,62,0,-62,-1.2653061224489797,1.2653061224489797,61,0,14.5,0.14422205101855948,14.199999999999999,14.9,0.70000000000000107,14.5,14.5,14.4,-0.099999999999999645,-0.0020408163265306051,0.16530612244897935,0.5,0,47,0,47,47,0,47,47,47,0,0,0,0,1,90,0,90,90,0,90,90,90,0,0,0,0,1,0.38636290902577153,0.38639987584731961,5955.9761702127662
166,1660,1709,50,0,0,12250,2489.3200000000002,1257.6517075883926,1310,4724,3414,1743,4724,1360,-3364,-68.65306122448979,84.326530612244895,343,0,0.49257812499999998,0.030078125000000001,0.48828125,0.703125,0.21484375,0.48828125,0.48828125,0.703125,0.21484375,0.0043845663265306119,0.0043845663265306119,0.21484375,0,0.16,1.1199999999999999,0,8,8,0,0,8,8,0.16326530612244897,0.16326530612244897,8,0,14.495999999999999,0.15994999218505748,14.199999999999999,14.9,0.70000000000000107,14.5,14.5,14.800000000000001,0.30000000000000071,0.0061224489795918512,0.18979591836734666,0.5,0,47,0,47,47,0,47,47,47,0,0,0,0,1,90,0,90,90,0,90,90,90,0,0,0,0,1,-0.12827989466240167,-0.12827989466240167,5053.6551942902461
167,1670,1719,50,0,0,12249,2116.54,937.7809810398162,1310,4058,2748,1472,4058,1359,-2699,-55.081632653061227,179.73469387755102,1238,0,0.53476562500000002,0.15278831368539977,0.48828125,1.171875,0.68359375,0.48828125,0.48828125,0.48828125,0,0,0.027901785714285716,0.46875,0,1.78,5.8899575550253331,0,27,27,0,0,0,0,0,1.1020408163265305,18,0,14.482000000000001,0.16696107330752261,14.199999999999999,14.9,0.70000000000000107,14.449999999999999,14.5,14.300000000000001,-0.19999999999999929,-0.0040816326530612101,0.1918367346938773,0.5,0,47,0,47,47,0,47,47,47,0,0,0,0,1,90,0,90,90,0,90,90,90,0,0,0,0,1,0.35700402855869584,0.35720871002969262,3957.8834185536884
168,1680,1729,50,0,0,12249,1844,729.42352580650982,1310,4030,2720,1424,2550,1330,-1220,-24.897959183673468,229.30612244897958,1238,0,0.55390625000000004,0.16672687714492826,0.48828125,1.171875,0.68359375,0.48828125,0.48828125,0.48828125,0,0,0.044642857142857144,0.46875,0,2.5,6.4101482042149387,0,27,27,0,0,0,0,0,1.7551020408163265,18,0,14.465999999999999,0.18178008691823183,14.1,15,0.90000000000000036,14.4,14.300000000000001,14.1,-0.20000000000000107,-0.0040816326530612465,0.20816326530612211,0.59999999999999964,0,47,0,47,47,0,47,47,47,0,0,0,0,1,90,0,90,90,0,90,90,90,0,0,0,0,1,0.61420060179823255,0.61327118641302225,3329.0832157968966
169,1690,1739,50,0,0,12250,2031.98,961.83344691271782,1302,4164,2862,1422,1432,4164,2732,55.755102040816325,264.53061224489795,1463,0,0.63749999999999996,0.2524827887079632,0.48828125,1.34765625,0.859375,0.48828125,0.48828125,1.34765625,0.859375,0.017538265306122448,0.066167091836734693,0.46875,0,5.7400000000000002,9.8016529218290529,0,34,34,0,0,34,34,0.69387755102040816,2.6122448979591835,18,0,14.480000000000002,0.18973665961010253,14.1,15,0.90000000000000036,14.4,14.699999999999999,14.4,-0.29999999999999893,-0.0061224489795918147,0.22653061224489759,0.80000000000000071,0,47,0,47,47,0,47,47,47,0,0,0,0,1,90.239999999999995,0.64992307237087688,90,92,2,90,90,92,2,0.040816326530612242,0.040816326530612242,2,0,0.79143818237871866,0.79290894896384856,3187.4196078431373
170,1700,1749,50,0,0,12250,2668.5,1312.7222897475308,1302,4749,3447,2222.5,1365,4508,3143,64.142857142857139,276.87755102040819,1463,0,0.78476562500000002,0.32716307103465714,0.48828125,1.34765625,0.859375,0.5859375,0.48828125,1.1328125,0.64453125,0.013153698979591837,0.074537627551020405,0.46875,0,11.460000000000001,12.734535719844677,0,34,34,3.5,0,25,25,0.51020408163265307,2.9591836734693877,18,0,14.508000000000003,0.19374209661299716,14.1,15,0.90000000000000036,14.5,14.4,14.5,0.099999999999999645,0.0020408163265306051,0.24285714285714249,0.80000000000000071,0,47,0,47,47,0,47,47,47,0,0,0,0,1,90.640000000000001,0.93295230317524802,90,92,2,90,90,92,2,0.040816326530612242,0.040816326530612242,2,0,0.87657729838330201,0.8772871885200707,3400.3782976605276
171,1710,1759,50,0,0,12250,3327.48,1325.170664329693,1302,4884,3582,3853,2486,4845,2359,48.142857142857146,266.42857142857144,1463,0,0.88828125000000002,0.31948349276361288,0.48828125,1.3671875,0.87890625,0.87890625,1.171875,1.26953125,0.09765625,0.0019929846938775511,0.09685905612244898,0.5078125,0,15.44,12.430864813036944,0,34,34,15,26,30,4,0.081632653061224483,3.8775510204081631,20,0,14.51,0.18138357147217038,14.1,15,0.90000000000000036,14.5,14.699999999999999,14.6,-0.099999999999999645,-0.0020408163265306051,0.21836734693877516,0.80000000000000071,0,47,0,47,47,0,47,47,47,0,0,0,0,1,91.040000000000006,0.9991996797437438,90,92,2,92,90,92,2,0.040816326530612242,0.040816326530612242,2,0,0.7942273180105196,0.79286195702598816,3745.9757255936674
172,1720,1769,50,0,0,12251,3893.8000000000002,1413.4166264764258,1302,5799,4497,4528.5,1351,5799,4448,90.775510204081627,199.71428571428572,1463,0,1.05859375,0.38845098151383595,0.48828125,1.875,1.38671875,1.123046875,0.48828125,1.640625,1.15234375,0.023517219387755101,0.10483099489795919,0.60546875,0,22.239999999999998,15.402025840778219,0,55,55,24.5,0,46,46,0.93877551020408168,4.1632653061224492,24,0,14.517999999999999,0.16696107330752263,14.1,15,0.90000000000000036,14.5,14.5,14.5,0,0,0.19591836734693843,0.80000000000000071,0,47,0,47,47,0,47,47,47,0,0,0,0,1,91.040000000000006,0.9991996797437438,90,92,2,92,90,90,0,0,0.081632653061224483,2,0,0.8365478073737751,0.83399642510593353,3678.276014760148
173,1730,1779,50,0,0,12250,4648.2399999999998,1179.8541869231128,1302,5994,4692,4683,1302,5304,4002,81.673469387755105,137.55102040816325,1463,0,1.20234375,0.35041392237208197,0.48828125,1.875,1.38671875,1.23046875,0.48828125,0.56640625,0.078125,0.0015943877551020409,0.11080994897959184,0.60546875,0,27.920000000000002,14.029739840781085,0,55,55,29,0,2,2,0.040816326530612242,4.408163265306122,24,0,14.529999999999999,0.13601470508735425,14.199999999999999,15,0.80000000000000071,14.5,14.5,14.6,0.099999999999999645,0.0020408163265306051,0.15306122448979559,0.80000000000000071,0,47,0,47,47,0,47,47,47,0,0,0,0,1,91.040000000000006,0.9991996797437438,90,92,2,92,90,90,0,0,0.081632653061224483,2,0,0.66726243808632368,0.665599451584586,3865.9825860948663
174,1740,1789,50,0,0,12252,5056.2399999999998,513.75311424846859,4416,5994,1578,4864.5,4416,4734,318,6.4897959183673466,98.122448979591837,347,0,1.1343749999999999,0.4079337104351331,0.48828125,1.875,1.38671875,1.171875,1.30859375,0.56640625,-0.7421875,-0.015146683673469387,0.10363520408163265,0.60546875,0,25.300000000000001,16.206480185407319,0,55,55,26,32,3,-29,-0.59183673469387754,4.1020408163265305,24,0,14.532,0.1066583330077869,14.4,14.9,0.5,14.5,14.6,14.6,0,0,0.12244897959183644,0.5,0,47,0,47,47,0,47,47,47,0,0,0,0,1,90.799999999999997,0.9797958971132712,90,92,2,90,92,90,-2,-0.040816326530612242,0.040816326530612242,2,0,0.49771714115750737,0.50681507124497382,4457.2914600550966
175,1750,1799,50,0,0,12250,5057.6599999999999,515.78393189396661,4375,5994,1619,4868,4540,4852,312,6.3673469387755102,101.22448979591837,347,0,1.030078125,0.44309360150792704,0.48828125,1.875,1.38671875,0.859375,1.11328125,0.99609375,-0.1171875,-0.0023915816326530613,0.10602678571428571,0.60546875,0,21.18,17.649577898635425,0,55,55,14.5,24,20,-4,-0.081632653061224483,4.204081632653061,24,0,14.52,0.097979589711326989,14.199999999999999,14.800000000000001,0.60000000000000142,14.5,14.4,14.699999999999999,0.29999999999999893,0.0061224489795918147,0.10816326530612221,0.40000000000000036,0,47,0,47,47,0,47,47,47,0,0,0,0,1,90.400000000000006,0.80000000000000004,90,92,2,90,92,90,-2,-0.040816326530612242,0.040816326530612242,2,0,0.69778468020945672,0.70312885499941946,4909.9770951839209
176,1760,1809,50,0,0,12250,5078.1199999999999,506.57507400186995,4375,5994,1619,4949,4947,4983,36,0.73469387755102045,103.91836734693878,347,0,1.0054687499999999,0.4475553442121013,0.48828125,1.875,1.38671875,0.908203125,1.23046875,1.2109375,-0.01953125,-0.00039859693877551021,0.10403380102040816,0.60546875,0,20.239999999999998,17.864557089387915,0,55,55,16.5,29,28,-1,-0.020408163265306121,4.1836734693877551,24,0,14.513999999999999,0.10394229168149009,14.199999999999999,14.800000000000001,0.60000000000000142,14.5,14.6,14.300000000000001,-0.29999999999999893,-0.0061224489795918147,0.12040816326530585,0.40000000000000036,0,47,0,47,47,0,47,47,47,0,0,0,0,1,90,0,90,90,0,90,90,90,0,0,0,0,1,0.75902989245956132,0.76139112399488795,5050.5000777000778
177,1770,1819,50,0,0,12500,4987.04,466.08814445338555,4375,5994,1619,4866,5826,4940,-886,-18.081632653061224,112.08163265306122,359,0,0.88164062499999996,0.3466014986651863,0.48828125,1.66015625,1.171875,0.859375,1.66015625,1.11328125,-0.546875,-0.011160714285714286,0.12037627551020408,0.4296875,0,15.199999999999999,13.775340286178052,0,46,46,14,46,24,-22,-0.44897959183673469,4.8571428571428568,17,0,14.526000000000002,0.11629273408085299,14.199999999999999,14.800000000000001,0.60000000000000142,14.5,14.5,14.6,0.099999999999999645,0.0020408163265306051,0.14081632653061205,0.5,0,47,0,47,47,0,47,47,47,0,0,0,0,1,90,0,90,90,0,90,90,90,0,0,0,0,1,0.74721629029011138,0.75105908900567719,5656.5451484271161
178,1780,1829,50,0,0,12500,4840.6400000000003,232.29152029292848,4375,5389,1014,4866,5078,5389,311,6.3469387755102042,110.59183673469387,359,0,0.84335937500000002,0.27700490965089974,0.48828125,1.69921875,1.2109375,0.859375,0.48828125,1.69921875,1.2109375,0.024713010204081634,0.13552295918367346,0.4296875,0,13.640000000000001,10.966786220219669,0,48,48,14,0,48,48,0.97959183673469385,5.5102040816326534,18,0,14.52,0.11661903789690595,14.199999999999999,14.800000000000001,0.60000000000000142,14.5,14.4,14.6,0.19999999999999929,0.0040816326530612101,0.14285714285714263,0.5,0,47,0,47,47,0,47,47,47,0,0,0,0,1,90,0,90,90,0,90,90,90,0,0,0,0,1,0.66252190226375263,0.66680906980838073,5739.7120889300604
179,1790,1839,50,0,0,12499,5010.8599999999997,426.88963491750422,4375,6073,1698,4976,4615,5486,871,17.775510204081634,124.91836734693878,716,0,1.0230468749999999,0.4223068174866505,0.48828125,2.0703125,1.58203125,0.9375,0.52734375,1.07421875,0.546875,0.011160714285714286,0.17857142857142858,1.50390625,0,20.760000000000002,16.922836641650832,0,63,63,17,1,23,22,0.44897959183673469,7.2244897959183669,60,0,14.517999999999999,0.11435033887138232,14.199999999999999,14.800000000000001,0.60000000000000142,14.5,14.199999999999999,14.6,0.40000000000000036,0.0081632653061224567,0.13469387755102011,0.5,0,47,0,47,47,0,47,47,47,0,0,0,0,1,90,0,90,90,0,90,90,90,0,0,0,0,1,0.76911350595770611,0.77280240139764167,4897.9769377625053
180,1800,1849,50,0,0,12498,5099.3800000000001,375.6453055742877,4390,6073,1683,5021.5,4892,4687,-205,-4.1836734693877551,139.36734693877551,716,0,1.0125,0.42937417553596247,0.48828125,2.0703125,1.58203125,0.9375,0.91796875,0.48828125,-0.4296875,-0.0087691326530612238,0.19371811224489796,1.50390625,0,20.379999999999999,17.177764697422074,0,63,63,17,17,0,-17,-0.34693877551020408,7.8571428571428568,60,0,14.52,0.1131370849898474,14.300000000000001,14.800000000000001,0.5,14.5,14.5,14.4,-0.099999999999999645,-0.0020408163265306051,0.13673469387755069,0.5,0,47,0,47,47,0,47,47,47,0,0,0,0,1,90,0,90,90,0,90,90,90,0,0,0,0,1,0.68790306181454652,0.69276477590266616,5036.4246913580246
181,1810,1859,50,0,0,12748,4942.8999999999996,606.57066364933939,3443,6073,2630,5021.5,5105,3443,-1662,-33.918367346938773,139.18367346938774,716,0,0.92929687500000002,0.4676597020524948,0.48828125,2.0703125,1.58203125,0.869140625,1.15234375,0.48828125,-0.6640625,-0.013552295918367346,0.15943877551020408,1.50390625,0,17.18,18.597515963160241,0,63,63,14.5,26,0,-26,-0.53061224489795922,6.4489795918367347,60,0,14.526,0.10734989520255694,14.300000000000001,14.800000000000001,0.5,14.5,14.800000000000001,14.5,-0.30000000000000071,-0.0061224489795918512,0.12448979591836701,0.39999999999999858,0,47,0,47,47,0,47,47,47,0,0,0,0,1,90,0,90,90,0,90,90,90,0,0,0,0,1,0.70527638697996042,0.70198947448985294,5318.967633459436
182,1820,1869,50,0,0,12499,4635.1800000000003,865.38131918825241,3289,6073,2784,4943.5,5022,3450,-1572,-32.081632653061227,124.61224489795919,716,0,0.86250000000000004,0.48118848531364244,0.48828125,2.0703125,1.58203125,0.615234375,1.09375,0.68359375,-0.41015625,-0.008370535714285714,0.13671875,1.50390625,0,14.58,19.145850725418288,0,63,63,4.5,23,7,-16,-0.32653061224489793,5.5102040816326534,60,0,14.522000000000002,0.10447966309287154,14.300000000000001,14.800000000000001,0.5,14.5,14.4,14.699999999999999,0.29999999999999893,0.0061224489795918147,0.12040816326530576,0.40000000000000036,0,47,0,47,47,0,47,47,47,0,0,0,0,1,90,0,90,90,0,90,90,90,0,0,0,0,1,0.67240007302595184,0.67248220730502339,5374.1217391304344
183,1830,1879,50,0,0,12498,4334.8199999999997,915.55969089950656,3289,6073,2784,4004,5579,3614,-1965,-40.102040816326529,118.75510204081633,716,0,0.79140624999999998,0.45267421003375863,0.48828125,2.0703125,1.58203125,0.615234375,2.01171875,0.703125,-1.30859375,-0.026705994897959183,0.11041135204081633,1.50390625,0,11.779999999999999,18.01809090886157,0,63,63,4.5,60,8,-52,-1.0612244897959184,4.3673469387755102,60,0,14.517999999999999,0.11258774356030034,14.300000000000001,14.800000000000001,0.5,14.5,14.5,14.4,-0.099999999999999645,-0.0020408163265306051,0.13673469387755069,0.40000000000000036,0,47,0,47,47,0,47,47,47,0,0,0,0,1,90,0,90,90,0,90,90,90,0,0,0,0,1,0.6090444366270783,0.61217931540103832,5477.3638696939779
184,1840,1889,50,0,0,12498,3972.8200000000002,610.50198001316915,3289,5346,2057,3731,5343,4013,-1330,-27.142857142857142,112.36734693877551,391,0,0.65742187500000004,0.15903811284686015,0.48828125,1.015625,0.52734375,0.625,0.5859375,0.8203125,0.234375,0.0047831632653061226,0.073341836734693883,0.390625,0,6.4199999999999999,6.2835976955880932,0,21,21,5,3,13,10,0.20408163265306123,2.8571428571428572,16,0,14.521999999999998,0.11711532777565864,14.300000000000001,14.800000000000001,0.5,14.5,14.699999999999999,14.800000000000001,0.10000000000000142,0.0020408163265306411,0.13673469387755072,0.40000000000000036,0,47,0,47,47,0,47,47,47,0,0,0,0,1,90,0,90,90,0,90,90,90,0,0,0,0,1,0.021765276699045513,0.027505606415431625,6043.0298276886515
185,1850,1899,50,0,0,12501,3800.4000000000001,353.48363469897726,3289,4603,1314,3731,4603,4342,-261,-5.3265306122448983,105.77551020408163,391,0,0.69804687499999996,0.17084251317116775,0.48828125,1.015625,0.52734375,0.693359375,0.48828125,0.99609375,0.5078125,0.010363520408163265,0.075733418367346941,0.390625,0,8.0199999999999996,6.7275255480748637,0,21,21,8,0,20,20,0.40816326530612246,2.9387755102040818,16,0,14.518000000000002,0.12114454176726237,14.199999999999999,14.800000000000001,0.60000000000000142,14.5,14.699999999999999,14.5,-0.19999999999999929,-0.0040816326530612101,0.15102040816326506,0.5,0,47,0,47,47,0,47,47,47,0,0,0,0,1,90,0,90,90,0,90,90,90,0,0,0,0,1,0.2551008209956,0.26931585304224503,5444.3335198656969
186,1860,1909,50,0,0,12250,3843.2199999999998,344.22988191033039,3289,4416,1127,3896,3397,3994,597,12.183673469387756,100.63265306122449,391,0,0.75156250000000002,0.14279147137303053,0.48828125,1.015625,0.52734375,0.751953125,0.48828125,0.625,0.13671875,0.0027901785714285715,0.092075892857142863,0.390625,0,10,5.702630971753301,0,21,21,10,0,5,5,0.10204081632653061,3.5714285714285716,16,0,14.52,0.12489995996796793,14.199999999999999,14.800000000000001,0.60000000000000142,14.5,14.5,14.5,0,0,0.15918367346938755,0.5,0,47,0,47,47,0,47,47,47,0,0,0,0,1,90,0,90,90,0,90,90,90,0,0,0,0,1,0.57524135025424639,0.56501832278434139,5113.6399168399166
187,1870,1919,50,0,0,12253,3884.46,305.2179031446222,3382,4416,1034,3896,3487,3816,329,6.7142857142857144,111.44897959183673,391,0,0.76171875,0.15159068681197074,0.48828125,1.015625,0.52734375,0.76171875,0.6640625,1.015625,0.3515625,0.0071747448979591838,0.089285714285714288,0.390625,0,10.380000000000001,6.1217317811220706,0,21,21,10,7,21,14,0.2857142857142857,3.510204081632653,16,0,14.522,0.11539497389401319,14.199999999999999,14.800000000000001,0.60000000000000142,14.5,14.4,14.6,0.19999999999999929,0.0040816326530612101,0.14285714285714263,0.5,0,47,0,47,47,0,47,47,47,0,0,0,0,1,90,0,90,90,0,90,90,90,0,0,0,0,1,0.39429592464986774,0.38313069636216773,5099.598769230769
188,1880,1929,50,0,0,12249,4010.5999999999999,293.05842420923511,3382,4571,1189,4059,3821,4171,350,7.1428571428571432,134.24489795918367,514,0,0.79726562499999998,0.20352612137039836,0.48828125,1.3671875,0.87890625,0.810546875,0.859375,0.6640625,-0.1953125,-0.0039859693877551021,0.11001275510204081,0.5859375,0,11.779999999999999,8.2493393674887692,0,35,35,12,15,6,-9,-0.18367346938775511,4.4285714285714288,24,0,14.538000000000002,0.11294246322796388,14.199999999999999,14.800000000000001,0.60000000000000142,14.5,14.6,14.5,-0.099999999999999645,-0.0020408163265306051,0.13265306122448955,0.5,0,47,0,47,47,0,47,47,47,0,0,0,0,1,90,0,90,90,0,90,90,90,0,0,0,0,1,0.50079731549123341,0.49156282359893827,5030.4439000489956
189,1890,1939,50,0,0,12250,4224.7799999999997,500.6262993491253,3382,5630,2248,4177,4061,5630,1569,32.020408163265309,143.32653061224491,514,0,0.96171874999999996,0.41591126185086041,0.5078125,2.20703125,1.69921875,0.8203125,0.8203125,2.20703125,1.38671875,0.028300382653061226,0.13273278061224489,0.5859375,0,18.32,16.719377978860336,0,68,68,13,13,68,55,1.1224489795918366,5.3673469387755102,24,0,14.528000000000002,0.10961751684835756,14.199999999999999,14.800000000000001,0.60000000000000142,14.5,14.4,14.5,0.099999999999999645,0.0020408163265306051,0.12857142857142825,0.5,0,47,0,47,47,0,47,47,47,0,0,0,0,1,90,0,90,90,0,90,90,90,0,0,0,0,1,0.85960610203128385,0.85568616632447136,4392.9475223395611
190,1900,1949,50,0,0,12249,4528.4399999999996,778.36783489555887,3382,6037,2655,4294.5,4359,4964,605,12.346938775510203,152.0612244897959,724,0,1.09296875,0.56617667761347912,0.48828125,2.421875,1.93359375,0.87890625,0.8203125,0.48828125,-0.33203125,-0.0067761479591836732,0.15425701530612246,0.703125,0,23.579999999999998,22.696334505818335,0,77,77,14.5,12,0,-12,-0.24489795918367346,6.204081632653061,29,0,14.532,0.094741754258615862,14.300000000000001,14.800000000000001,0.5,14.5,14.6,14.6,0,0,0.11020408163265275,0.40000000000000036,0,47,0,47,47,0,47,47,47,0,0,0,0,1,90,0,90,90,0,90,90,90,0,0,0,0,1,0.78047747025774605,0.78009789007296693,4143.2474624731949
191,1910,1959,50,0,0,12249,4598.2200000000003,766.06094509510149,3382,6037,2655,4515,3871,4159,288,5.8775510204081636,146.85714285714286,724,0,1.0394531250000001,0.60489249290970348,0.48828125,2.421875,1.93359375,0.810546875,0.546875,0.48828125,-0.05859375,-0.0011957908163265306,0.13990752551020408,0.703125,0,21.600000000000001,24.11721376942204,0,77,77,12,1,0,-1,-0.020408163265306121,5.6530612244897958,29,0,14.527999999999999,0.10007996802557419,14.199999999999999,14.699999999999999,0.5,14.5,14.5,14.5,0,0,0.11836734693877517,0.5,0,47,0,47,47,0,47,47,47,0,0,0,0,1,90,0,90,90,0,90,90,90,0,0,0,0,1,0.69123848706123558,0.69382899463378345,4423.691544532131
192,1920,1969,50,0,0,12250,4696.7799999999997,673.40084021331597,3605,6037,2432,4585,4044,4814,770,15.714285714285714,159.34693877551021,724,0,1.084765625,0.60537058175944225,0.48828125,2.421875,1.93359375,0.927734375,1.1328125,1.62109375,0.48828125,0.0099649234693877549,0.15027104591836735,0.703125,0,23.440000000000001,24.089964715623811,0,77,77,17,25,45,20,0.40816326530612246,6.0816326530612246,29,0,14.514000000000001,0.10199999999999974,14.199999999999999,14.699999999999999,0.5,14.5,14.5,14.5,0,0,0.11836734693877517,0.5,0,47,0,47,47,0,47,47,47,0,0,0,0,1,90,0,90,90,0,90,90,90,0,0,0,0,1,0.6979278417405943,0.69990106545956998,4329.7647821389992
193,1930,1979,50,0,0,12250,4853.4799999999996,643.89568223431979,3605,6037,2432,4828,3988,4610,622,12.693877551020408,154.16326530612244,724,0,1.14375,0.63734344355226757,0.48828125,2.421875,1.93359375,1.162109375,0.8203125,0.78125,-0.0390625,-0.00079719387755102043,0.15146683673469388,1.2890625,0,25.780000000000001,25.293706727168324,0,77,77,26,12,11,-1,-0.020408163265306121,6.0612244897959187,51,0,14.504000000000001,0.10947145746723187,14.199999999999999,14.800000000000001,0.60000000000000142,14.5,14.300000000000001,14.699999999999999,0.39999999999999858,0.0081632653061224202,0.13469387755102008,0.5,0,47,0,47,47,0,47,47,47,0,0,0,0,1,90,0,90,90,0,90,90,90,0,0,0,0,1,0.71066532801972926,0.71223894089202233,4243.4797814207641
194,1940,1989,50,0,0,12250,4688.3400000000001,673.57210779544607,3605,6037,2432,4603.5,5771,3825,-1946,-39.714285714285715,133.91836734693877,724,0,0.92304687500000004,0.60297887741721778,0.48828125,2.421875,1.93359375,0.48828125,2.421875,0.48828125,-1.93359375,-0.03946109693877551,0.11918048469387756,1.2890625,0,17.059999999999999,23.867475777718933,0,77,77,0,77,0,-77,-1.5714285714285714,4.7142857142857144,51,0,14.509999999999998,0.10816653826391949,14.199999999999999,14.800000000000001,0.60000000000000142,14.5,14.5,14.5,0,0,0.14285714285714249,0.5,0,47,0,47,47,0,47,47,47,0,0,0,0,1,90,0,90,90,0,90,90,90,0,0,0,0,1,0.75017028570960043,0.75140143514934044,5079.2003385526868
195,1950,1999,50,0,0,12249,4463.2200000000003,450.20800925794288,3605,5494,1889,4468.5,4880,4921,41,0.83673469387755106,127.24489795918367,546,0,0.85468750000000004,0.44475636874480223,0.48828125,1.8359375,1.34765625,0.576171875,0.48828125,1.23046875,0.7421875,0.015146683673469387,0.10762117346938775,1.2890625,0,14.26,17.482345380411633,0,53,53,2.5,0,29,29,0.59183673469387754,4.2244897959183669,51,0,14.512,0.10703270528207703,14.199999999999999,14.800000000000001,0.60000000000000142,14.5,14.4,14.5,0.099999999999999645,0.0020408163265306051,0.12857142857142825,0.5,0,47,0,47,47,0,47,47,47,0,0,0,0,1,90,0,90,90,0,90,90,90,0,0,0,0,1,0.63172855785883553,0.63615281308138782,5222.0489945155396
196,1960,2009,50,0,0,12251,4591.46,555.47411136793767,3605,5635,2030,4590.5,4051,4594,543,11.081632653061224,146.14285714285714,546,0,0.99882812499999996,0.50093007368364606,0.48828125,1.9921875,1.50390625,0.95703125,0.48828125,0.52734375,0.0390625,0.00079719387755102043,0.15465561224489796,1.2890625,0,19.940000000000001,19.810512360865378,0,60,60,18,0,1,1,0.020408163265306121,6.1020408163265305,51,0,14.524000000000001,0.10111379727811605,14.300000000000001,14.800000000000001,0.5,14.5,14.4,14.6,0.19999999999999929,0.0040816326530612101,0.12244897959183637,0.5,0,47,0,47,47,0,47,47,47,0,0,0,0,1,89.879999999999995,0.32496153618543838,89,90,1,90,90,89,-1,-0.020408163265306121,0.061224489795918366,1,0,0.72157874021300983,0.72337182623372065,4596.8469299960898
197,1970,2019,50,0,0,12249,4630.7200000000003,501.00219720077075,3825,5635,1810,4577.5,4954,4239,-715,-14.591836734693878,127.81632653061224,546,0,0.94960937499999998,0.49063324162066629,0.48828125,1.9921875,1.50390625,0.703125,1.5625,0.68359375,-0.87890625,-0.017936862244897961,0.1446906887755102,1.2890625,0,17.879999999999999,19.478850068728391,0,60,60,8,42,7,-35,-0.7142857142857143,5.6530612244897958,51,0,14.536,0.11447270417003323,14.300000000000001,14.800000000000001,0.5,14.5,14.5,14.6,0.099999999999999645,0.0020408163265306051,0.15306122448979553,0.5,0,47,0,47,47,0,47,47,47,0,0,0,0,1,89.680000000000007,0.46647615158762407,89,90,1,90,90,89,-1,-0.020408163265306121,0.061224489795918366,1,0,0.74002443424882536,0.74198032174247963,4876.4472233648712
198,1980,2029,50,0,0,12249,4624.5600000000004,508.46479366815561,3825,5635,1810,4549.5,4468,5422,954,19.469387755102041,117.22448979591837,466,0,0.97578125000000004,0.46972489767116621,0.48828125,1.9921875,1.50390625,0.8203125,0.48828125,0.80078125,0.3125,0.0063775510204081634,0.1363201530612245,0.8203125,0,18.960000000000001,18.705036754842261,0,60,60,12.5,0,12,12,0.24489795918367346,5.3469387755102042,33,0,14.530000000000003,0.10049875621120864,14.300000000000001,14.800000000000001,0.5,14.5,14.6,14.6,0,0,0.13061224489795878,0.39999999999999858,0,47,0,47,47,0,47,47,47,0,0,0,0,1,89.480000000000004,0.4995998398718719,89,90,1,89,90,89,-1,-0.020408163265306121,0.061224489795918366,1,0,0.73716945156456659,0.7384009252806607,4739.3409127301848
199,1990,2039,50,0,0,12251,4690.7799999999997,460.96456653413179,3857,5635,1778,4583,3857,4819,962,19.632653061224488,143.59183673469389,651,0,1.008984375,0.46342367777979704,0.48828125,1.9921875,1.50390625,0.947265625,0.8203125,1.484375,0.6640625,0.013552295918367346,0.15066964285714285,0.8203125,0,20.260000000000002,18.496280707212463,0,60,60,17.5,12,40,28,0.5714285714285714,5.9591836734693882,33,0,14.529999999999999,0.10440306508910523,14.300000000000001,14.800000000000001,0.5,14.5,14.5,14.5,0,0,0.13061224489795878,0.39999999999999858,0,47,0,47,47,0,47,47,47,0,0,0,0,1,89.280000000000001,0.448998886412873,89,90,1,89,90,89,-1,-0.020408163265306121,0.061224489795918366,1,0,0.6689412260626425,0.67346113505311778,4649.0115369725117
200,2000,2049,50,0,0,12250,4583.5799999999999,574.40515631390349,2927,5635,2708,4514,5136,2927,-2209,-45.081632653061227,162.79591836734693,651,0,0.89609375000000002,0.48323391297428359,0.48828125,1.9921875,1.50390625,0.625,1.69921875,0.48828125,-1.2109375,-0.024713010204081634,0.15943877551020408,0.8203125,0,15.84,19.236798070365033,0,60,60,4.5,48,0,-48,-0.97959183673469385,6.2857142857142856,33,0,14.531999999999998,0.11737120600896934,14.300000000000001,14.800000000000001,0.5,14.5,14.4,14.300000000000001,-0.099999999999999645,-0.0020408163265306051,0.15714285714285667,0.39999999999999858,0,47,0,47,47,0,47,47,47,0,0,0,0,1,89.079999999999998,0.27129319932501073,89,90,1,89,90,89,-1,-0.020408163265306121,0.061224489795918366,1,0,0.7052764509983046,0.70412966253416831,5115.0674803836091
201,2010,2059,50,0,0,12250,3907.1399999999999,1158.8309455654003,1344,5465,4121,4276.5,4579,1648,-2931,-59.816326530612244,169.57142857142858,651,0,0.76093750000000004,0.38685603623756148,0.48828125,1.73828125,1.25,0.56640625,0.56640625,0.91796875,0.3515625,0.0071747448979591838,0.12994260204081631,0.8203125,0,10.5,15.343076614551594,0,49,49,2,2,17,15,0.30612244897959184,5.1224489795918364,33,0,14.524000000000001,0.14636939570825566,14.199999999999999,15,0.80000000000000071,14.5,14.4,15,0.59999999999999964,0.012244897959183666,0.18775510204081583,0.69999999999999929,0,47,0,47,47,0,47,47,47,0,0,0,0,1,89,0,89,89,0,89,89,89,0,0,0,0,1,0.51593632745205287,0.50946533783612269,5134.6398357289527
202,2020,2069,50,0,0,12250,3716.7199999999998,1165.9211129403222,1344,5465,4121,4083.5,4209,3623,-586,-11.959183673469388,225.9591836734694,1048,0,0.79023437500000004,0.38939670165496471,0.48828125,1.73828125,1.25,0.60546875,0.8203125,0.64453125,-0.17578125,-0.0035873724489795919,0.17657844387755103,0.8203125,0,11.76,15.420194551301874,0,49,49,4,13,6,-7,-0.14285714285714285,7.0816326530612246,33,0,14.529999999999998,0.16031219541881378,14.199999999999999,15,0.80000000000000071,14.5,14.5,14.800000000000001,0.30000000000000071,0.0061224489795918512,0.21428571428571386,0.69999999999999929,0,47,0,47,47,0,47,47,47,0,0,0,0,1,89.019999999999996,0.13999999999999999,89,90,1,89,89,90,1,0.020408163265306121,0.020408163265306121,1,0,0.54503140269321493,0.54335832322164312,4703.3134948096877
203,2030,2079,50,0,0,12249,3358.54,997.88522806984179,1344,4819,3475,3601,4771,3313,-1458,-29.755102040816325,255.34693877551021,1174,0,0.65937500000000004,0.23736889884865919,0.48828125,1.484375,0.99609375,0.498046875,0.48828125,1.015625,0.52734375,0.010762117346938776,0.16621492346938777,0.7421875,0,6.5599999999999996,9.3576920231433132,0,40,40,0,0,21,21,0.42857142857142855,6.6326530612244898,31,0,14.529999999999999,0.17578395831246932,14.1,15,0.90000000000000036,14.5,14.5,14.4,-0.099999999999999645,-0.0020408163265306051,0.24285714285714249,0.69999999999999929,0,47,0,47,47,0,47,47,47,0,0,0,0,1,89.219999999999999,0.41424630354415959,89,90,1,89,89,90,1,0.020408163265306121,0.020408163265306121,1,0,0.2321558103978176,0.22739770183453969,5093.5203791469194
204,2040,2089,50,0,0,12249,3083.0599999999999,874.06847351909448,1344,4702,3358,3256.5,4702,3599,-1103,-22.510204081632654,312.83673469387753,1174,0,0.65937500000000004,0.20531273782330214,0.48828125,1.171875,0.68359375,0.576171875,0.7421875,0.64453125,-0.09765625,-0.0019929846938775511,0.1678093112244898,0.68359375,0,6.5,8.0181045141604397,0,26,26,3,9,6,-3,-0.061224489795918366,6.6326530612244898,26,0,14.546000000000001,0.18995789007040478,14.1,15,0.90000000000000036,14.5,14.699999999999999,14.6,-0.099999999999999645,-0.0020408163265306051,0.27142857142857119,0.69999999999999929,0,47,0,47,47,0,47,47,47,0,0,0,0,1,89.420000000000002,0.49355850717012262,89,90,1,89,89,90,1,0.020408163265306121,0.020408163265306121,1,0,0.29668802703793284,0.28355656551538672,4675.7308056872034
205,2050,2099,50,0,0,12252,3160.7199999999998,954.81646487688931,1344,5007,3663,3300.5,2582,5007,2425,49.489795918367349,299,1174,0,0.787109375,0.3242716918371894,0.48828125,1.7578125,1.26953125,0.693359375,0.48828125,1.7578125,1.26953125,0.025908801020408163,0.17099808673469388,0.52734375,0,11.56,12.865706354491385,0,50,50,7.5,0,50,50,1.0204081632653061,6.7755102040816331,21,0,14.550000000000001,0.191049731745428,14.1,15,0.90000000000000036,14.5,14.5,14.699999999999999,0.19999999999999929,0.0040816326530612101,0.2775510204081631,0.69999999999999929,0,47,0,47,47,0,47,47,47,0,0,0,0,1,89.620000000000005,0.48538644398046393,89,90,1,90,89,90,1,0.020408163265306121,0.020408163265306121,1,0,0.70688122947211218,0.69972037828786093,4015.6045657568234
206,2060,2109,50,0,0,12250,3617.6599999999999,713.49165685381354,1918,5034,3116,3625,2696,3700,1004,20.489795918367346,304.9387755102041,1174,0,0.82343750000000004,0.32528439329829134,0.48828125,1.7578125,1.26953125,0.72265625,0.60546875,0.48828125,-0.1171875,-0.0023915816326530613,0.21125637755102042,1.015625,0,12.92,12.9164081694564,0,50,50,8.5,4,0,-4,-0.081632653061224483,8.3265306122448983,41,0,14.558000000000002,0.17330897264711945,14.1,14.9,0.80000000000000071,14.5,14.300000000000001,14.5,0.19999999999999929,0.0040816326530612101,0.25714285714285695,0.59999999999999964,0,47,0,47,47,0,47,47,47,0,0,0,0,1,89.819999999999993,0.38418745424597089,89,90,1,90,89,90,1,0.020408163265306121,0.020408163265306121,1,0,0.56274309062086714,0.55592144938625554,4393.3631878557871
207,2070,2119,50,0,0,12250,3577.02,728.30332938961635,1918,5034,3116,3581.5,3712,2790,-922,-18.816326530612244,268.08163265306121,1174,0,0.771484375,0.33752915998160904,0.48828125,1.7578125,1.26953125,0.693359375,0.91796875,0.76171875,-0.15625,-0.0031887755102040817,0.15465561224489796,1.015625,0,10.92,13.309906085318557,0,50,50,7.5,16,10,-6,-0.12244897959183673,6,41,0,14.556000000000001,0.16144348856488447,14.1,14.9,0.80000000000000071,14.5,14.5,14.699999999999999,0.19999999999999929,0.0040816326530612101,0.22857142857142834,0.59999999999999964,0,47,0,47,47,0,47,47,47,0,0,0,0,1,90,0,90,90,0,90,90,90,0,0,0,0,1,0.61955230960082919,0.61505441880422951,4636.5423797468356
208,2080,2129,50,0,0,12250,3874.3400000000001,818.70760616962639,1918,5287,3369,3778,3771,5287,1516,30.938775510204081,242.32653061224491,1080,0,0.94882812500000002,0.46689231503408857,0.48828125,1.875,1.38671875,0.810546875,0.859375,1.66015625,0.80078125,0.016342474489795918,0.15027104591836735,1.015625,0,18,18.540765895722863,0,55,55,12,14,47,33,0.67346938775510201,5.8571428571428568,41,0,14.558,0.1497865147468222,14.199999999999999,14.9,0.70000000000000107,14.550000000000001,14.9,14.5,-0.40000000000000036,-0.0081632653061224567,0.20816326530612217,0.5,0,47,0,47,47,0,47,47,47,0,0,0,0,1,90,0,90,90,0,90,90,90,0,0,0,0,1,0.77144019568034627,0.76982154388510349,4083.2895841910254
209,2090,2139,50,0,0,12250,4325.9799999999996,837.34784862684148,2790,5709,2919,4397.5,3481,5375,1894,38.653061224489797,198.89795918367346,948,0,1.0984375,0.52533703839178325,0.48828125,2.20703125,1.71875,1.103515625,0.703125,1.2109375,0.5078125,0.010363520408163265,0.18255739795918369,1.07421875,0,23.920000000000002,20.844989805706312,0,68,68,23.5,8,28,20,0.40816326530612246,7.1428571428571432,43,0,14.546000000000001,0.13298120167903421,14.199999999999999,14.800000000000001,0.60000000000000142,14.5,14.4,14.699999999999999,0.29999999999999893,0.0061224489795918147,0.1816326530612242,0.5,0,47,0,47,47,0,47,47,47,0,0,0,0,1,90,0,90,90,0,90,90,90,0,0,0,0,1,0.761483476378084,0.75771937418875679,3938.3032716927451
210,2100,2149,50,0,0,12249,4556.7600000000002,953.12984550899466,2790,5725,2935,4874.5,5034,5482,448,9.1428571428571423,176.73469387755102,948,0,1.0859375,0.51047977394738664,0.48828125,2.20703125,1.71875,1.15234375,0.7421875,0.83984375,0.09765625,0.0019929846938775511,0.15186543367346939,1.07421875,0,23.48,20.253631773091954,0,68,68,26,9,14,5,0.10204081632653061,5.8979591836734695,43,0,14.533999999999999,0.1226539848516956,14.199999999999999,14.800000000000001,0.60000000000000142,14.5,14.4,14.5,0.099999999999999645,0.0020408163265306051,0.16122448979591808,0.5,0,47,0,47,47,0,47,47,47,0,0,0,0,1,90,0,90,90,0,90,90,90,0,0,0,0,1,0.68026722807428741,0.67913922844468222,4196.1530935251803
211,2110,2159,50,0,0,12250,4754.3000000000002,935.68007887311558,2790,5725,2935,5156,3605,4603,998,20.367346938775512,138.28571428571428,715,0,1.07734375,0.51164956593386501,0.48828125,2.20703125,1.71875,1.103515625,0.48828125,0.48828125,0,0,0.13472576530612246,1.07421875,0,23.199999999999999,20.268201696253175,0,68,68,24,0,0,0,0,5.3061224489795915,43,0,14.536000000000001,0.11271202242884283,14.199999999999999,14.800000000000001,0.60000000000000142,14.5,14.5,14.5,0,0,0.13469387755102014,0.5,0,47,0,47,47,0,47,47,47,0,0,0,0,1,90,0,90,90,0,90,90,90,0,0,0,0,1,0.5453574850272801,0.5438926105114118,4412.9833212472804
212,2120,2169,50,0,0,12249,5031.1800000000003,533.42829658727328,3348,5725,2377,5156,3348,4159,811,16.551020408163264,133.61224489795919,715,0,1.0972656249999999,0.4941010977273686,0.48828125,2.20703125,1.71875,1.103515625,1.171875,0.5078125,-0.6640625,-0.013552295918367346,0.1363201530612245,1.07421875,0,23.879999999999999,19.700395935107498,0,68,68,24,27,0,-27,-0.55102040816326525,5.3673469387755102,43,0,14.524000000000001,0.10873821775254532,14.199999999999999,14.800000000000001,0.60000000000000142,14.5,14.199999999999999,14.4,0.20000000000000107,0.0040816326530612465,0.13061224489795883,0.40000000000000036,0,47,0,47,47,0,47,47,47,0,0,0,0,1,90,0,90,90,0,90,90,90,0,0,0,0,1,0.39502359010805743,0.39683141547808048,4585.1978640085445
213,2130,2179,50,0,0,12253,5011.0200000000004,490.49727787216108,4023,5725,1702,4908.5,5398,4805,-593,-12.102040816326531,111.61224489795919,715,0,0.96367187499999996,0.42891638905365709,0.48828125,2.20703125,1.71875,0.927734375,2.05078125,0.91796875,-1.1328125,-0.023118622448979591,0.13153698979591838,1.07421875,0,18.48,17.084776849581619,0,68,68,17,62,17,-45,-0.91836734693877553,5.204081632653061,43,0,14.526,0.10160708636704403,14.300000000000001,14.800000000000001,0.5,14.5,14.5,14.4,-0.099999999999999645,-0.0020408163265306051,0.13265306122448939,0.30000000000000071,0,47,0,47,47,0,47,47,47,0,0,0,0,1,90,0,90,90,0,90,90,90,0,0,0,0,1,0.66947250529527291,0.67691475740360252,5199.9234698013788
214,2140,2189,50,0,0,12252,4876.3999999999996,465.23211411079524,4023,5725,1702,4809.5,5385,4534,-851,-17.367346938775512,97.612244897959187,376,0,0.837890625,0.27924223678849269,0.48828125,1.40625,0.91796875,0.849609375,1.19140625,0.68359375,-0.5078125,-0.010363520408163265,0.090880102040816327,0.3515625,0,13.48,11.186134274180692,0,36,36,14,28,8,-20,-0.40816326530612246,3.5918367346938775,14,0,14.513999999999999,0.10001999800039954,14.300000000000001,14.699999999999999,0.39999999999999858,14.5,14.4,14.5,0.099999999999999645,0.0020408163265306051,0.12448979591836691,0.29999999999999893,0,47,0,47,47,0,47,47,47,0,0,0,0,1,89.859999999999999,0.34698703145794946,89,90,1,90,90,89,-1,-0.020408163265306121,0.020408163265306121,1,0,0.67774606720305486,0.68885961391203188,5819.8526806526806
215,2150,2199,50,0,0,12250,4651,343.1513951596292,4023,5523,1500,4629,5430,4149,-1281,-26.142857142857142,111.89795918367346,376,0,0.736328125,0.21406998447225881,0.48828125,1.25,0.76171875,0.7421875,0.83984375,0.48828125,-0.3515625,-0.0071747448979591838,0.10204081632653061,0.3515625,0,9.3599999999999994,8.4658372297133138,0,30,30,10,13,0,-13,-0.26530612244897961,4.0612244897959187,14,0,14.527999999999999,0.10590561835898943,14.300000000000001,14.699999999999999,0.39999999999999858,14.5,14.6,14.5,-0.099999999999999645,-0.0020408163265306051,0.12857142857142811,0.29999999999999893,0,47,0,47,47,0,47,47,47,0,0,0,0,1,89.659999999999997,0.47370877129308048,89,90,1,90,90,89,-1,-0.020408163265306121,0.020408163265306121,1,0,0.49672024409247234,0.5071626899586773,6316.477453580902
216,2160,2209,50,0,0,12250,4381.7600000000002,398.86195907857643,3418,4918,1500,4461.5,4568,3418,-1150,-23.469387755102041,105.42857142857143,352,0,0.70273437500000002,0.2075645401557745,0.48828125,1.25,0.76171875,0.654296875,0.60546875,0.48828125,-0.1171875,-0.0023915816326530613,0.083705357142857137,0.3515625,0,8,8.2121860670591236,0,30,30,6,4,0,-4,-0.081632653061224483,3.306122448979592,14,0,14.522,0.10637668917577722,14.300000000000001,14.699999999999999,0.39999999999999858,14.5,14.5,14.5,0,0,0.13877551020408113,0.29999999999999893,0,47,0,47,47,0,47,47,47,0,0,0,0,1,89.459999999999994,0.49839743177508444,89,90,1,89,90,89,-1,-0.020408163265306121,0.020408163265306121,1,0,0.73163515577487437,0.72595305175626823,6235.3005002779319
217,2170,2219,50,0,0,12249,4080.1999999999998,661.94054113643779,2565,4832,2267,4310,4075,2565,-1510,-30.816326530612244,98.489795918367349,352,0,0.67734375000000002,0.21357723281052221,0.48828125,1.25,0.76171875,0.56640625,0.5078125,0.48828125,-0.01953125,-0.00039859693877551021,0.070551658163265307,0.3515625,0,7.1200000000000001,8.3322025899518302,0,30,30,2,0,0,0,0,2.7755102040816326,14,0,14.523999999999999,0.092865494129950862,14.300000000000001,14.699999999999999,0.39999999999999858,14.5,14.6,14.4,-0.19999999999999929,-0.0040816326530612101,0.10204081632653025,0.29999999999999893,0,47,0,47,47,0,47,47,47,0,0,0,0,1,89.260000000000005,0.43863424398922618,89,90,1,89,90,89,-1,-0.020408163265306121,0.020408163265306121,1,0,0.75842276456484548,0.74746691790993336,6023.8246828143019
218,2180,2229,50,0,0,12249,3509.2199999999998,1097.7345998008809,1231,4831,3600,3737.5,4831,1313,-3518,-71.795918367346943,108.73469387755102,330,0,0.59023437499999998,0.15315738257717329,0.48828125,0.99609375,0.5078125,0.48828125,0.91796875,0.48828125,-0.4296875,-0.0087691326530612238,0.048628826530612242,0.25390625,0,3.7799999999999998,5.8865609654534286,0,19,19,0,16,0,-16,-0.32653061224489793,1.8775510204081634,11,0,14.5,0.11661903789690574,14,14.699999999999999,0.69999999999999929,14.5,14.4,14.5,0.099999999999999645,0.0020408163265306051,0.10816326530612214,0.5,0,47,0,47,47,0,47,47,47,0,0,0,0,1,89.060000000000002,0.23748684174075835,89,90,1,89,90,89,-1,-0.020408163265306121,0.020408163265306121,1,0,0.66680205195010722,0.65153598145157254,5945.4686962276637
219,2190,2239,50,0,0,12250,2842.3400000000001,1202.242614616534,1231,4670,3439,3059,4457,1281,-3176,-64.816326530612244,93.836734693877546,330,0,0.52812499999999996,0.098818088670230314,0.48828125,0.91796875,0.4296875,0.48828125,0.68359375,0.48828125,-0.1953125,-0.0039859693877551021,0.028698979591836735,0.25390625,0,1.4199999999999999,3.7899340363652771,0,17,17,0,7,0,-7,-0.14285714285714285,1.1224489795918366,11,0,14.482000000000001,0.14098226838861669,14,14.699999999999999,0.69999999999999929,14.5,14.5,14.1,-0.40000000000000036,-0.0081632653061224567,0.1265306122448977,0.5,0,47,0,47,47,0,47,47,47,0,0,0,0,1,89,0,89,89,0,89,89,89,0,0,0,0,1,0.54747892551580457,0.51935885925297265,5381.9455621301786
220,2200,2249,50,0,0,12250,2214.6799999999998,1013.1922510560372,1231,4062,2831,1581,4062,1267,-2795,-57.04081632653061,72.836734693877546,271,0,0.49140624999999999,0.009851187666342574,0.48828125,0.52734375,0.0390625,0.48828125,0.48828125,0.48828125,0,0,0.0015943877551020409,0.01953125,0,0.059999999999999998,0.23748684174075835,0,1,1,0,0,0,0,0,0.040816326530612242,1,0,14.436,0.15199999999999994,14,14.699999999999999,0.69999999999999929,14.5,14.5,14,-0.5,-0.01020408163265306,0.13673469387755094,0.5,0,47,0,47,47,0,47,47,47,0,0,0,0,1,89.079999999999998,0.27129319932501073,89,90,1,89,89,90,1,0.020408163265306121,0.020408163265306121,1,0,0.48879496228865726,0.39032194838931927,4506.8209856915737
221,2210,2259,50,0,0,12249,1730.8199999999999,694.55294081876866,1231,3350,2119,1335.5,3350,1393,-1957,-39.938775510204081,68.387755102040813,271,0,0.48828125,0,0.48828125,0.48828125,0,0.48828125,0.48828125,0.48828125,0,0,0,0,1,0,0,0,0,0,0,0,0,0,0,0,0,1,14.425999999999998,0.16710475756243445,14,14.9,0.90000000000000036,14.5,14.5,14.9,0.40000000000000036,0.0081632653061224567,0.16326530612244894,0.59999999999999964,0,47,0,47,47,0,47,47,47,0,0,0,0,1,89.280000000000001,0.44899888641287294,89,90,1,89,89,90,1,0.020408163265306121,0.020408163265306121,1,0,0,0,3544.7193600000001
222,2220,2269,50,0,0,12252,1402.78,245.64912293757533,1231,2434,1203,1326,2434,1354,-1080,-22.040816326530614,52.938775510204081,271,0,0.48828125,0,0.48828125,0.48828125,0,0.48828125,0.48828125,0.48828125,0,0,0,0,1,0,0,0,0,0,0,0,0,0,0,0,0,1,14.437999999999999,0.17987773625437908,14,14.9,0.90000000000000036,14.5,14.5,14.6,0.099999999999999645,0.0020408163265306051,0.18163265306122442,0.59999999999999964,0,47,0,47,47,0,47,47,47,0,0,0,0,1,89.480000000000004,0.4995998398718719,89,90,1,89,89,90,1,0.020408163265306121,0.020408163265306121,1,0,0,0,2872.8934399999998
223,2230,2279,50,0,0,12249,1338.8199999999999,49.49775348437543,1243,1422,179,1341.5,1351,1372,21,0.42857142857142855,31.204081632653061,116,0,0.48828125,0,0.48828125,0.48828125,0,0.48828125,0.48828125,0.48828125,0,0,0,0,1,0,0,0,0,0,0,0,0,0,0,0,0,1,14.460000000000001,0.18654758106177624,14,14.9,0.90000000000000036,14.5,14.6,14.4,-0.19999999999999929,-0.0040816326530612101,0.19591836734693874,0.59999999999999964,0,47,0,47,47,0,47,47,47,0,0,0,0,1,89.680000000000007,0.46647615158762407,89,90,1,90,89,90,1,0.020408163265306121,0.020408163265306121,1,0,0,0,2741.9033599999998
224,2240,2289,50,0,0,12250,1355.5799999999999,55.203293380014927,1243,1447,204,1358,1264,1397,133,2.7142857142857144,31.448979591836736,110,0,0.48828125,0,0.48828125,0.48828125,0,0.48828125,0.48828125,0.48828125,0,0,0,0,1,0,0,0,0,0,0,0,0,0,0,0,0,1,14.470000000000001,0.17117242768623681,14,14.9,0.90000000000000036,14.5,14.300000000000001,14.4,0.099999999999999645,0.0020408163265306051,0.17755102040816315,0.59999999999999964,0,47,0,47,47,0,47,47,47,0,0,0,0,1,89.879999999999995,0.32496153618543838,89,90,1,90,89,90,1,0.020408163265306121,0.020408163265306121,1,0,0,0,2776.22784
225,2250,2299,50,0,0,12250,1380.1400000000001,46.323648388269248,1243,1452,209,1394.5,1341,1420,79,1.6122448979591837,27.73469387755102,110,0,0.48828125,0,0.48828125,0.48828125,0,0.48828125,0.48828125,0.48828125,0,0,0,0,1,0,0,0,0,0,0,0,0,0,0,0,0,1,14.518000000000002,0.15321879780235831,14.1,14.9,0.80000000000000071,14.5,14.6,14.5,-0.099999999999999645,-0.0020408163265306051,0.15306122448979573,0.5,0,47,0,47,47,0,47,47,47,0,0,0,0,1,90.359999999999999,0.7683749084919419,90,92,2,90,90,92,2,0.040816326530612242,0.040816326530612242,2,0,0,0,2826.5267200000003
226,2260,2309,50,0,0,12249,1395.3,31.153972459383091,1320,1452,132,1401.5,1422,1390,-32,-0.65306122448979587,23.428571428571427,82,0,0.48828125,0,0.48828125,0.48828125,0,0.48828125,0.48828125,0.48828125,0,0,0,0,1,0,0,0,0,0,0,0,0,0,0,0,0,1,14.526000000000002,0.1353661700721415,14.1,14.800000000000001,0.70000000000000107,14.5,14.699999999999999,14.6,-0.099999999999999645,-0.0020408163265306051,0.13265306122448955,0.40000000000000036,0,47,0,47,47,0,47,47,47,0,0,0,0,1,90.760000000000005,0.97077288796092787,90,92,2,90,90,92,2,0.040816326530612242,0.040816326530612242,2,0,0,0,2857.5744
227,2270,2319,50,0,0,12250,1572.78,570.02313251305861,1320,3725,2405,1410.5,1401,3725,2324,47.428571428571431,67.755102040816325,1469,0,0.52578124999999998,0.1131356823340342,0.48828125,0.9375,0.44921875,0.48828125,0.48828125,0.83984375,0.3515625,0.0071747448979591838,0.011160714285714286,0.44921875,0,1.4399999999999999,4.3412440613262007,0,17,17,0,0,13,13,0.26530612244897961,0.42857142857142855,17,0,14.511999999999999,0.13511476603243613,14.1,14.800000000000001,0.70000000000000107,14.5,14.5,14.5,0,0,0.13469387755102022,0.40000000000000036,0,47,0,47,47,0,47,47,47,0,0,0,0,1,91.159999999999997,0.98711701434024524,90,92,2,92,90,92,2,0.040816326530612242,0.040816326530612242,2,0,0.83364556162998171,0.83927454711615845,2991.3200594353643
228,2280,2329,50,0,0,12250,2028.52,1011.0347618158339,1320,4228,2908,1424,1320,4228,2908,59.346938775510203,107.79591836734694,1469,0,0.60273437500000004,0.20395002224139527,0.48828125,1.15234375,0.6640625,0.48828125,0.48828125,0.56640625,0.078125,0.0015943877551020409,0.042251275510204078,0.56640625,0,4.4000000000000004,7.9372539331937721,0,26,26,0,0,2,2,0.040816326530612242,1.6734693877551021,23,0,14.514000000000001,0.11663618649458642,14.300000000000001,14.800000000000001,0.5,14.5,14.300000000000001,14.699999999999999,0.39999999999999858,0.0081632653061224202,0.11428571428571402,0.40000000000000036,0,47,0,47,47,0,47,47,47,0,0,0,0,1,91.560000000000002,0.82849260708831929,90,92,2,92,90,92,2,0.040816326530612242,0.040816326530612242,2,0,0.83138610028460547,0.82446906068639658,3365.5289695398569
229,2290,2339,50,0,0,12250,2508.3400000000001,1165.7753404494367,1352,4228,2876,1484.5,1383,3441,2058,42,141.34693877551021,1469,0,0.66132812500000004,0.21162395536972681,0.48828125,1.15234375,0.6640625,0.5078125,0.48828125,0.72265625,0.234375,0.0047831632653061226,0.05899234693877551,0.56640625,0,6.6799999999999997,8.3004578186989182,0,26,26,0.5,0,9,9,0.18367346938775511,2.3469387755102042,23,0,14.529999999999998,0.10816653826391948,14.300000000000001,14.800000000000001,0.5,14.5,14.5,14.5,0,0,0.11428571428571402,0.40000000000000036,0,47,0,47,47,0,47,47,47,0,0,0,0,1,91.959999999999994,0.28000000000000008,90,92,2,92,90,92,2,0.040816326530612242,0.040816326530612242,2,0,0.79091548215034835,0.78283191617664016,3792.8826934435911
230,2300,2349,50,0,0,12251,2896.1399999999999,1056.6005869769333,1352,4228,2876,3413,1397,2922,1525,31.122448979591837,159.81632653061226,1469,0,0.69218749999999996,0.20056073737150051,0.48828125,1.15234375,0.6640625,0.6640625,0.48828125,0.48828125,0,0,0.068558673469387751,0.56640625,0,7.8600000000000003,7.8740332739962433,0,26,26,7,0,0,0,0,2.693877551020408,23,0,14.51,0.1063014581273462,14.300000000000001,14.800000000000001,0.5,14.5,14.300000000000001,14.4,0.099999999999999645,0.0020408163265306051,0.12040816326530576,0.40000000000000036,0,47,0,47,47,0,47,47,47,0,0,0,0,1,92,0,92,92,0,92,92,92,0,0,0,0,1,0.68447280226287455,0.67719678126439709,4184.0397291196387
231,2310,2359,50,0,0,12252,3391.52,816.8867789357347,1418,4387,2969,3546.5,1425,4387,2962,60.448979591836732,187.75510204081633,1469,0,0.79531249999999998,0.22344432900403288,0.48828125,1.34765625,0.859375,0.83984375,0.48828125,0.99609375,0.5078125,0.010363520408163265,0.093271683673469385,0.56640625,0,11.880000000000001,8.8105391435484819,0,34,34,13,0,20,20,0.40816326530612246,3.6734693877551021,23,0,14.505999999999998,0.10278132126023651,14.300000000000001,14.800000000000001,0.5,14.5,14.5,14.4,-0.099999999999999645,-0.0020408163265306051,0.13265306122448939,0.40000000000000036,0,47,0,47,47,0,47,47,47,0,0,0,0,1,92,0,92,92,0,92,92,92,0,0,0,0,1,0.5961139866265196,0.5947722312371051,4264.3866404715127
232,2320,2369,50,0,0,12250,3909.1599999999999,617.05530902829128,2863,5266,2403,3803,3398,5266,1868,38.122448979591837,151.79591836734693,534,0,0.93085937500000004,0.30791583964882452,0.48828125,1.6015625,1.11328125,0.859375,0.52734375,1.484375,0.95703125,0.01953125,0.09048150510204081,0.56640625,0,17.219999999999999,12.200475400573536,0,44,44,15,1,39,38,0.77551020408163263,3.5918367346938775,23,0,14.515999999999998,0.094572723340294762,14.300000000000001,14.699999999999999,0.39999999999999858,14.5,14.6,14.5,-0.099999999999999645,-0.0020408163265306051,0.12448979591836691,0.39999999999999858,0,47,0,47,47,0,47,47,47,0,0,0,0,1,92,0,92,92,0,92,92,92,0,0,0,0,1,0.84101016444871601,0.84072201309716532,4199.5172471674359
233,2330,2379,50,0,0,12250,4370.3400000000001,1000.9970351604443,2863,6431,3568,4194.5,3772,6431,2659,54.265306122448976,127.53061224489795,398,0,1.2105468749999999,0.62415091249814392,0.48828125,2.67578125,2.1875,0.99609375,0.56640625,2.63671875,2.0703125,0.042251275510204078,0.10443239795918367,0.6640625,0,28.379999999999999,24.82489879133448,0,87,87,20,2,85,83,1.6938775510204083,4.1428571428571432,27,0,14.522,0.096519428096108889,14.300000000000001,14.699999999999999,0.39999999999999858,14.5,14.5,14.5,0,0,0.1224489795918363,0.39999999999999858,0,47,0,47,47,0,47,47,47,0,0,0,0,1,91.640000000000001,0.7683749084919419,90,92,2,92,92,90,-2,-0.040816326530612242,0.040816326530612242,2,0,0.95127851780908845,0.95074460670731997,3610.2195546950634
234,2340,2389,50,0,0,12251,4931.1800000000003,1272.7117928266398,2863,6699,3836,4828,3448,6611,3163,64.551020408163268,104.42857142857143,398,0,1.5042968750000001,0.71082470344889048,0.48828125,2.67578125,2.1875,1.40625,0.72265625,1.54296875,0.8203125,0.016741071428571428,0.11559311224489796,0.6640625,0,40.060000000000002,28.306472758010667,0,87,87,36,9,41,32,0.65306122448979587,4.6122448979591839,27,0,14.515999999999998,0.090244113381427501,14.300000000000001,14.699999999999999,0.39999999999999858,14.5,14.6,14.5,-0.099999999999999645,-0.0020408163265306051,0.099999999999999645,0.39999999999999858,0,47,0,47,47,0,47,47,47,0,0,0,0,1,91.239999999999995,0.97077288796092787,90,92,2,92,92,90,-2,-0.040816326530612242,0.040816326530612242,2,0,0.93151756035777156,0.93109993466280339,3278.0630485588158
235,2350,2399,50,0,0,12250,5604.0200000000004,1139.643654657016,2863,6853,3990,6015.5,2863,6734,3871,79,91.204081632653057,398,0,1.71953125,0.57350029458634544,0.48828125,2.67578125,2.1875,1.640625,0.48828125,1.34765625,0.859375,0.017538265306122448,0.13950892857142858,0.6640625,0,48.600000000000001,22.906767558955149,0,87,87,45.5,0,34,34,0.69387755102040816,5.591836734693878,27,0,14.527999999999999,0.084947042326380909,14.4,14.699999999999999,0.29999999999999893,14.5,14.6,14.5,-0.099999999999999645,-0.0020408163265306051,0.083673469387754801,0.19999999999999929,0,47,0,47,47,0,47,47,47,0,0,0,0,1,90.840000000000003,0.98711701434024524,90,92,2,90,92,90,-2,-0.040816326530612242,0.040816326530612242,2,0,0.76765254954690887,0.76774962551160841,3259.0393457519313
236,2360,2409,50,0,0,12250,5977.3400000000001,726.09381239616687,4446,6853,2407,6096.5,4446,5283,837,17.081632653061224,87.775510204081627,632,0,1.6253906250000001,0.70249852733525575,0.48828125,2.67578125,2.1875,1.640625,0.99609375,0.48828125,-0.5078125,-0.010363520408163265,0.13233418367346939,0.6640625,0,44.920000000000002,27.922635978718059,0,87,87,45.5,20,0,-20,-0.40816326530612246,5.3061224489795915,27,0,14.532,0.075999999999999734,14.4,14.699999999999999,0.29999999999999893,14.5,14.6,14.6,0,0,0.073469387755101784,0.19999999999999929,0,47,0,47,47,0,47,47,47,0,0,0,0,1,90.439999999999998,0.82849260708831929,90,92,2,90,92,90,-2,-0.040816326530612242,0.040816326530612242,2,0,0.48970295423178029,0.49195246336463888,3677.4790675318432
237,2370,2419,50,0,0,12249,5904.0600000000004,848.02078771690492,4030,6853,2823,6096.5,5322,4030,-1292,-26.367346938775512,95.469387755102048,632,0,1.4640625,0.82494932076821392,0.48828125,2.67578125,2.1875,1.611328125,1.46484375,1.07421875,-0.390625,-0.0079719387755102043,0.12914540816326531,0.6640625,0,38.600000000000001,32.719413197672111,0,87,87,44,38,23,-15,-0.30612244897959184,5.1632653061224492,27,0,14.515999999999998,0.078383671769061414,14.4,14.699999999999999,0.29999999999999893,14.5,14.6,14.5,-0.099999999999999645,-0.0020408163265306051,0.071428571428571175,0.19999999999999929,0,47,0,47,47,0,47,47,47,0,0,0,0,1,90.040000000000006,0.28000000000000008,90,92,2,90,92,90,-2,-0.040816326530612242,0.040816326530612242,2,0,0.68656113412661568,0.6854333968505425,4032.6557097118466
238,2380,2429,50,0,0,12250,5853.5,859.1061226647148,4030,6853,2823,5992.5,6491,6307,-184,-3.7551020408163267,118.08163265306122,847,0,1.45390625,0.81575332742866424,0.48828125,2.734375,2.24609375,1.6796875,2.65625,2.734375,0.078125,0.0015943877551020409,0.13153698979591838,0.80078125,0,38.219999999999999,32.353849848201989,0,89,89,47,86,89,3,0.061224489795918366,5.2448979591836737,32,0,14.517999999999999,0.079221209281353275,14.4,14.800000000000001,0.40000000000000036,14.5,14.5,14.5,0,0,0.073469387755101853,0.30000000000000071,0,47,0,47,47,0,47,47,47,0,0,0,0,1,90,0,90,90,0,90,90,90,0,0,0,0,1,0.64040448100179903,0.63865733429150406,4026.0505104782378
239,2390,2439,50,0,0,12250,5715.1599999999999,798.09298606114817,4030,6853,2823,5766,6546,5920,-626,-12.775510204081632,151.51020408163265,847,0,1.287109375,0.77591193904862887,0.48828125,2.83203125,2.34375,1.240234375,1.40625,1.2890625,-0.1171875,-0.0023915816326530613,0.17777423469387754,1.42578125,0,31.559999999999999,30.764369000517462,0,93,93,29.5,36,32,-4,-0.081632653061224483,7.1020408163265305,57,0,14.523999999999999,0.090686272390036973,14.4,14.800000000000001,0.40000000000000036,14.5,14.5,14.4,-0.099999999999999645,-0.0020408163265306051,0.091836734693877375,0.40000000000000036,0,47,0,47,47,0,47,47,47,0,0,0,0,1,90,0,90,90,0,90,90,90,0,0,0,0,1,0.57519806095259585,0.5731165022780309,4440.3064036418818
240,2400,2449,50,0,0,12253,5645.8999999999996,724.69842693357634,4030,6700,2670,5766,6625,6700,75,1.5306122448979591,156.14285714285714,847,0,1.337109375,0.81334663296858134,0.48828125,2.83203125,2.34375,1.240234375,0.9375,2.48046875,1.54296875,0.031489158163265307,0.16860650510204081,1.42578125,0,33.579999999999998,32.263967517960339,0,93,93,29.5,17,79,62,1.2653061224489797,6.6938775510204085,57,0,14.517999999999999,0.088746830929335066,14.300000000000001,14.800000000000001,0.5,14.5,14.5,14.5,0,0,0.097959183673469188,0.40000000000000036,0,47,0,47,47,0,47,47,47,0,0,0,0,1,90,0,90,90,0,90,90,90,0,0,0,0,1,0.63140823181048844,0.63014202167716682,4222.4668419515037
241,2410,2459,50,0,0,12250,5780.8999999999996,811.14593631479158,4030,6888,2858,5943,5124,5588,464,9.4693877551020407,155.87755102040816,847,0,1.52734375,0.80478230630828052,0.48828125,2.83203125,2.34375,1.66015625,0.48828125,0.48828125,0,0,0.20009566326530612,1.42578125,0,41.18,31.964161180922609,0,93,93,46.5,0,0,0,0,7.9591836734693882,57,0,14.526000000000002,0.095519631490076293,14.300000000000001,14.800000000000001,0.5,14.5,14.4,14.6,0.19999999999999929,0.0040816326530612101,0.10204081632653039,0.40000000000000036,0,47,0,47,47,0,47,47,47,0,0,0,0,1,90,0,90,90,0,90,90,90,0,0,0,0,1,0.7080541492449578,0.70858075525660857,3784.9370843989768
242,2420,2469,50,0,0,12250,6072.8000000000002,479.43237270755924,4877,6888,2011,6086,4877,5509,632,12.897959183673469,143.91836734693877,796,0,1.603515625,0.73166106318223134,0.48828125,2.83203125,2.34375,1.66015625,1.875,0.48828125,-1.38671875,-0.028300382653061226,0.20208864795918369,1.42578125,0,44.119999999999997,29.138043860218207,0,93,93,46.5,55,0,-55,-1.1224489795918366,8.0204081632653068,57,0,14.541999999999998,0.10017983829094547,14.300000000000001,14.800000000000001,0.5,14.5,14.5,14.5,0,0,0.12244897959183652,0.40000000000000036,0,47,0,47,47,0,47,47,47,0,0,0,0,1,90,0,90,90,0,90,90,90,0,0,0,0,1,0.53458683098431947,0.53541539807211158,3787.1785627283803
243,2430,2479,50,0,0,12249,5968.6000000000004,558.41371759655044,4976,6888,1912,5986.5,6407,4976,-1431,-29.204081632653061,123.57142857142857,796,0,1.264453125,0.74226777937536004,0.48828125,2.83203125,2.34375,1.2109375,2.79296875,0.546875,-2.24609375,-0.045838647959183673,0.17817283163265307,1.42578125,0,30.579999999999998,29.599385128748875,0,93,93,28,91,1,-90,-1.8367346938775511,7.1020408163265305,57,0,14.531999999999998,0.09682974749528149,14.300000000000001,14.800000000000001,0.5,14.5,14.5,14.4,-0.099999999999999645,-0.0020408163265306051,0.12040816326530585,0.40000000000000036,0,47,0,47,47,0,47,47,47,0,0,0,0,1,90,0,90,90,0,90,90,90,0,0,0,0,1,0.8530101738423167,0.85551977470048435,4720.3015137472976
244,2440,2489,50,0,0,12250,5723.4799999999996,739.59432772297544,4428,6888,2460,5687.5,6011,4428,-1583,-32.306122448979593,94.142857142857139,796,0,1.083203125,0.71480329888964256,0.48828125,2.48046875,1.9921875,0.56640625,1.4453125,0.48828125,-0.95703125,-0.01953125,0.10084502551020408,0.9375,0,23.32,28.583519727283409,0,79,79,2.5,38,0,-38,-0.77551020408163263,3.9591836734693877,37,0,14.536,0.088904443083571261,14.300000000000001,14.800000000000001,0.5,14.5,14.5,14.5,0,0,0.11020408163265275,0.40000000000000036,0,47,0,47,47,0,47,47,47,0,0,0,0,1,90,0,90,90,0,90,90,90,0,0,0,0,1,0.85788180362317423,0.86068999370991328,5283.8473855030643
245,2450,2499,50,0,0,12250,5243.1800000000003,925.74181476262595,3555,6888,3333,5176.5,6789,3714,-3075,-62.755102040816325,99.326530612244895,796,0,0.79570312499999996,0.56291773225846742,0.48828125,2.48046875,1.9921875,0.5078125,2.48046875,0.859375,-1.62109375,-0.033083545918367346,0.081712372448979595,0.9375,0,11.859999999999999,22.519333915549101,0,79,79,0,79,14,-65,-1.3265306122448979,3.204081632653061,37,0,14.533999999999999,0.09079647570252912,14.4,14.800000000000001,0.40000000000000036,14.5,14.6,14.4,-0.19999999999999929,-0.0040816326530612101,0.11020408163265275,0.40000000000000036,0,47,0,47,47,0,47,47,47,0,0,0,0,1,90,0,90,90,0,90,90,90,0,0,0,0,1,0.72991668768746487,0.73216482004537786,6589.3671084928828
246,2460,2509,50,0,0,12249,4812.8000000000002,736.43006456825208,3555,6225,2670,4700.5,5587,3853,-1734,-35.387755102040813,101.59183673469387,355,0,0.66484374999999996,0.25585072743020004,0.48828125,1.23046875,0.7421875,0.5078125,0.64453125,0.5078125,-0.13671875,-0.0027901785714285715,0.056999362244897961,0.64453125,0,6.54,10.139447716715148,0,29,29,0,6,0,-6,-0.12244897959183673,2.2448979591836733,26,0,14.52,0.082462112512353039,14.4,14.800000000000001,0.40000000000000036,14.5,14.5,14.5,0,0,0.093877551020407901,0.40000000000000036,0,47,0,47,47,0,47,47,47,0,0,0,0,1,90,0,90,90,0,90,90,90,0,0,0,0,1,0.41126214611602019,0.41269190032590708,7238.9941245593427
247,2470,2519,50,0,0,12250,4406.5600000000004,542.02362162547865,3535,5446,1911,4395,5446,4486,-960,-19.591836734693878,98.571428571428569,417,0,0.65195312500000002,0.25351201364916243,0.48828125,1.484375,0.99609375,0.5078125,0.48828125,1.484375,0.99609375,0.02032844387755102,0.049824617346938778,0.46875,0,6.0199999999999996,10.15773596821654,0,40,40,0,0,40,40,0.81632653061224492,2.0408163265306123,19,0,14.514000000000001,0.072138755187485484,14.4,14.699999999999999,0.29999999999999893,14.5,14.5,14.4,-0.099999999999999645,-0.0020408163265306051,0.079591836734693597,0.29999999999999893,0,47,0,47,47,0,47,47,47,0,0,0,0,1,90,0,90,90,0,90,90,90,0,0,0,0,1,-0.1418764489247635,-0.13660147018842561,6759.013541042541
248,2480,2529,50,0,0,12252,4283.9799999999996,403.03133823562655,3535,4936,1401,4336.5,4936,4308,-628,-12.816326530612244,115.51020408163265,417,0,0.74257812499999998,0.30956852572433879,0.48828125,1.5234375,1.03515625,0.537109375,0.52734375,0.6640625,0.13671875,0.0027901785714285715,0.076132015306122444,0.56640625,0,9.6600000000000001,12.423542167997015,0,41,41,1.5,1,7,6,0.12244897959183673,3.0612244897959182,23,0,14.517999999999999,0.086463865284868976,14.199999999999999,14.699999999999999,0.5,14.5,14.5,14.6,0.099999999999999645,0.0020408163265306051,0.087755102040816088,0.40000000000000036,0,47,0,47,47,0,47,47,47,0,0,0,0,1,90,0,90,90,0,90,90,90,0,0,0,0,1,0.27713488929857527,0.27782541559761503,5769.0630194634396
249,2490,2539,50,0,0,12249,4330.1999999999998,462.72389175403509,3535,5183,1648,4336.5,4386,5183,797,16.26530612244898,128.10204081632654,417,0,0.876953125,0.33689566299396112,0.48828125,1.5625,1.07421875,0.859375,0.48828125,1.171875,0.68359375,0.013950892857142858,0.12715242346938777,0.60546875,0,15.02,13.424589379195179,0,42,42,14.5,0,26,26,0.53061224489795922,5.1020408163265305,24,0,14.513999999999999,0.087200917426366376,14.199999999999999,14.699999999999999,0.5,14.5,14.699999999999999,14.5,-0.19999999999999929,-0.0040816326530612101,0.093877551020407901,0.40000000000000036,0,47,0,47,47,0,47,47,47,0,0,0,0,1,90,0,90,90,0,90,90,90,0,0,0,0,1,0.67498909052460299,0.67441373386471548,4937.7781737193764
250,2500,2549,50,0,0,12249,4342.1199999999999,531.96054891316896,2869,5201,2332,4392.5,4069,2869,-1200,-24.489795918367346,148.61224489795919,417,0,0.87734374999999998,0.33831011712859321,0.48828125,1.5625,1.07421875,0.869140625,0.87890625,0.48828125,-0.390625,-0.0079719387755102043,0.13313137755102042,0.60546875,0,15.08,13.426600463259492,0,42,42,15,15,0,-15,-0.30612244897959184,5.3265306122448983,24,0,14.52,0.079999999999999849,14.199999999999999,14.699999999999999,0.5,14.5,14.5,14.5,0,0,0.085714285714285479,0.40000000000000036,0,47,0,47,47,0,47,47,47,0,0,0,0,1,90,0,90,90,0,90,90,90,0,0,0,0,1,0.63224579721763652,0.62699047398723662,4949.1661620658952
251,2510,2559,50,0,0,12250,3814.8600000000001,1221.9808347105941,1381,5201,3820,4313.5,3790,1402,-2388,-48.734693877551024,155.75510204081633,467,0,0.80898437499999998,0.35833515492057588,0.48828125,1.5625,1.07421875,0.64453125,0.5078125,0.48828125,-0.01953125,-0.00039859693877551021,0.11439732142857142,0.60546875,0,12.460000000000001,14.139603954849655,0,42,42,5.5,0,0,0,0,4.5714285714285712,24,0,14.497999999999998,0.098974744253268729,14.199999999999999,14.699999999999999,0.5,14.5,14.5,14.4,-0.099999999999999645,-0.0020408163265306051,0.087755102040816088,0.40000000000000036,0,47,0,47,47,0,47,47,47,0,0,0,0,1,90,0,90,90,0,90,90,90,0,0,0,0,1,0.6412993141708575,0.63408370733807351,4715.6164171897635
252,2520,2569,50,0,0,12249,3308.9200000000001,1548.8283809383142,1339,5201,3862,4053,4713,1382,-3331,-67.979591836734699,130.91836734693877,467,0,0.73398437500000002,0.34328559716466861,0.48828125,1.5625,1.07421875,0.48828125,1.5234375,0.48828125,-1.03515625,-0.021125637755102039,0.093670280612244902,0.60546875,0,9.5800000000000001,13.449297379417262,0,42,42,0,41,0,-41,-0.83673469387755106,3.693877551020408,24,0,14.492000000000001,0.10361467077590869,14.199999999999999,14.699999999999999,0.5,14.5,14.6,14.6,0,0,0.10612244897959153,0.40000000000000036,0,47,0,47,47,0,47,47,47,0,0,0,0,1,90,0,90,90,0,90,90,90,0,0,0,0,1,0.71157274852104768,0.70739050076690679,4508.161362426823
253,2530,2579,50,0,0,12249,2672.9000000000001,1542.8238557917102,1339,5201,3862,1454.5,4539,1467,-3072,-62.693877551020407,107.55102040816327,467,0,0.63593750000000004,0.29396082029275183,0.48828125,1.5625,1.07421875,0.48828125,1.19140625,0.48828125,-0.703125,-0.014349489795918368,0.055006377551020405,0.60546875,0,5.7400000000000002,11.446938455325075,0,42,42,0,28,0,-28,-0.5714285714285714,2.1632653061224492,24,0,14.49,0.10049875621120866,14.300000000000001,14.800000000000001,0.5,14.5,14.4,14.4,0,0,0.11020408163265275,0.30000000000000071,0,47,0,47,47,0,47,47,47,0,0,0,0,1,90,0,90,90,0,90,90,90,0,0,0,0,1,0.74254084315116653,0.74042709758456005,4203.0859950859949
254,2540,2589,50,0,0,12250,1977.74,1082.1426303403819,1339,5201,3862,1431,5201,1483,-3718,-75.877551020408163,92,467,0,0.49726562499999999,0.062890625000000006,0.48828125,0.9375,0.44921875,0.48828125,0.9375,0.48828125,-0.44921875,-0.0091677295918367353,0.0091677295918367353,0.44921875,0,0.34000000000000002,2.3799999999999994,0,17,17,0,17,0,-17,-0.34693877551020408,0.34693877551020408,17,0,14.474,0.099619275243297944,14.300000000000001,14.800000000000001,0.5,14.5,14.6,14.5,-0.099999999999999645,-0.0020408163265306051,0.10816326530612214,0.30000000000000071,0,47,0,47,47,0,47,47,47,0,0,0,0,1,90,0,90,90,0,90,90,90,0,0,0,0,1,0.42551296046887704,0.42551296046887882,3977.2304791830325
255,2550,2599,50,0,0,12250,1460.98,169.54179307769513,1339,2402,1063,1428.5,2402,1414,-988,-20.163265306122447,37.510204081632651,354,0,0.48828125,0,0.48828125,0.48828125,0,0.48828125,0.48828125,0.48828125,0,0,0,0,1,0,0,0,0,0,0,0,0,0,0,0,0,1,14.488,0.11771151175649697,14.300000000000001,14.800000000000001,0.5,14.5,14.5,14.4,-0.099999999999999645,-0.0020408163265306051,0.12448979591836698,0.30000000000000071,0,47,0,47,47,0,47,47,47,0,0,0,0,1,90.239999999999995,0.64992307237087688,90,92,2,90,90,92,2,0.040816326530612242,0.040816326530612242,2,0,0,0,2992.0870399999999
256,2560,2609,50,0,0,12249,1424.8,37.065887281973978,1339,1495,156,1428,1408,1392,-16,-0.32653061224489793,22.775510204081634,75,0,0.48828125,0,0.48828125,0.48828125,0,0.48828125,0.48828125,0.48828125,0,0,0,0,1,0,0,0,0,0,0,0,0,0,0,0,0,1,14.536,0.12611106216347528,14.300000000000001,14.9,0.59999999999999964,14.5,14.6,14.6,0,0,0.14693877551020371,0.5,0,47,0,47,47,0,47,47,47,0,0,0,0,1,90.640000000000001,0.93295230317524802,90,92,2,90,90,92,2,0.040816326530612242,0.040816326530612242,2,0,0,0,2917.9903999999997
257,2570,2619,50,0,0,12253,1433.3199999999999,29.577315632085341,1360,1495,135,1440,1381,1448,67,1.3673469387755102,23.530612244897959,60,0,0.48828125,0,0.48828125,0.48828125,0,0.48828125,0.48828125,0.48828125,0,0,0,0,1,0,0,0,0,0,0,0,0,0,0,0,0,1,14.552,0.12528367810692639,14.300000000000001,14.9,0.59999999999999964,14.5,14.5,14.5,0,0,0.14285714285714257,0.5,0,47,0,47,47,0,47,47,47,0,0,0,0,1,91.040000000000006,0.9991996797437438,90,92,2,92,90,92,2,0.040816326530612242,0.040816326530612242,2,0,0,0,2935.4393599999999
258,2580,2629,50,0,0,12249,1439.5999999999999,26.191601707417586,1360,1495,135,1444,1466,1452,-14,-0.2857142857142857,24.163265306122447,60,0,0.48828125,0,0.48828125,0.48828125,0,0.48828125,0.48828125,0.48828125,0,0,0,0,1,0,0,0,0,0,0,0,0,0,0,0,0,1,14.541999999999998,0.12343419299367552,14.300000000000001,14.9,0.59999999999999964,14.5,14.4,14.6,0.19999999999999929,0.0040816326530612101,0.13469387755102008,0.5,0,47,0,47,47,0,47,47,47,0,0,0,0,1,91.439999999999998,0.897997772825746,90,92,2,92,90,92,2,0.040816326530612242,0.040816326530612242,2,0,0,0,2948.3008
259,2590,2639,50,0,0,12250,1434.02,27.28405395098023,1350,1495,145,1441,1470,1350,-120,-2.4489795918367347,23.346938775510203,60,0,0.48828125,0,0.48828125,0.48828125,0,0.48828125,0.48828125,0.48828125,0,0,0,0,1,0,0,0,0,0,0,0,0,0,0,0,0,1,14.548,0.12039933554633904,14.4,14.9,0.5,14.5,14.6,14.4,-0.19999999999999929,-0.0040816326530612101,0.1387755102040813,0.5,0,47,0,47,47,0,47,47,47,0,0,0,0,1,91.939999999999998,0.64529063219606708,90,93,3,92,90,93,3,0.061224489795918366,0.061224489795918366,2,0,0,0,2936.8729600000001
260,2600,2649,50,0,0,12249,1426.8800000000001,30.322031594205558,1350,1495,145,1429,1467,1461,-6,-0.12244897959183673,24.938775510204081,60,0,0.48828125,0,0.48828125,0.48828125,0,0.48828125,0.48828125,0.48828125,0,0,0,0,1,0,0,0,0,0,0,0,0,0,0,0,0,1,14.548000000000002,0.12039933554633904,14.4,14.9,0.5,14.5,14.9,14.699999999999999,-0.20000000000000107,-0.0040816326530612465,0.12244897959183641,0.30000000000000071,0,47,0,47,47,0,47,47,47,0,0,0,0,1,92.299999999999997,0.45825756949558399,92,93,1,92,92,93,1,0.020408163265306121,0.020408163265306121,1,0,0,0,2922.2502400000003
261,2610,2659,50,0,0,12250,1758.3399999999999,717.98945981121472,1350,3665,2315,1434.5,1360,2935,1575,32.142857142857146,77.367346938775512,1273,0,0.54179687499999996,0.11546983359606579,0.48828125,0.91796875,0.4296875,0.48828125,0.48828125,0.7421875,0.25390625,0.0051817602040816323,0.025908801020408163,0.4296875,0,2.04,4.4134340371189413,0,16,16,0,0,10,10,0.20408163265306123,1.0204081632653061,16,0,14.529999999999999,0.10630145812734619,14.4,14.800000000000001,0.40000000000000036,14.5,14.5,14.4,-0.099999999999999645,-0.0020408163265306051,0.11632653061224456,0.30000000000000071,0,47,0,47,47,0,47,47,47,0,0,0,0,1,92.5,0.5,92,93,1,92.5,92,93,1,0.020408163265306121,0.020408163265306121,1,0,0.81506164746416021,0.81602092840067886,3245.3860129776499
262,2620,2669,50,0,0,12250,2240.9400000000001,1080.7014094559145,1350,4686,3336,1448.5,1403,4686,3283,67,117.9795918367347,1273,0,0.642578125,0.2253554186108371,0.48828125,1.25,0.76171875,0.48828125,0.48828125,1.171875,0.68359375,0.013950892857142858,0.041852678571428568,0.4296875,0,6,8.8294960218576453,0,30,30,0,0,27,27,0.55102040816326525,1.653061224489796,16,0,14.52,0.099999999999999659,14.4,14.699999999999999,0.29999999999999893,14.5,14.4,14.6,0.19999999999999929,0.0040816326530612101,0.10612244897959146,0.29999999999999893,0,47,0,47,47,0,47,47,47,0,0,0,0,1,92.700000000000003,0.45825756949558399,92,93,1,93,92,93,1,0.020408163265306121,0.020408163265306121,1,0,0.89585723224667269,0.8950509668250709,3487.4203039513677
263,2630,2679,50,0,0,12250,2766.2600000000002,1212.2870750775164,1350,4747,3397,3183,1429,3436,2007,40.95918367346939,141.73469387755102,1273,0,0.71171874999999996,0.24219254027013301,0.48828125,1.25,0.76171875,0.6640625,0.48828125,0.5078125,0.01953125,0.00039859693877551021,0.056202168367346941,0.4296875,0,8.5999999999999996,9.4783964888582268,0,30,30,6,0,0,0,0,2.2448979591836733,16,0,14.526,0.097590983190046471,14.4,14.699999999999999,0.29999999999999893,14.5,14.5,14.6,0.099999999999999645,0.0020408163265306051,0.10408163265306085,0.29999999999999893,0,47,0,47,47,0,47,47,47,0,0,0,0,1,92.900000000000006,0.30000000000000004,92,93,1,93,92,93,1,0.020408163265306121,0.020408163265306121,1,0,0.83897427661329038,0.83005550903057856,3886.7319429198687
264,2640,2689,50,0,0,12250,3086.6799999999998,1039.7830435239844,1369,4747,3378,3289,1375,4116,2741,55.938775510204081,199.9387755102041,1273,0,0.76875000000000004,0.25269422256392704,0.48828125,1.2890625,0.80078125,0.732421875,0.48828125,1.07421875,0.5859375,0.011957908163265306,0.076530612244897961,0.4296875,0,10.76,10.031071727387857,0,32,32,9,0,23,23,0.46938775510204084,3.0816326530612246,16,0,14.534000000000001,0.09297311439335533,14.4,14.699999999999999,0.29999999999999893,14.5,14.699999999999999,14.4,-0.29999999999999893,-0.0061224489795918147,0.095918367346938441,0.29999999999999893,0,47,0,47,47,0,47,47,47,0,0,0,0,1,92.939999999999998,0.23748684174075835,92,93,1,93,93,92,-1,-0.020408163265306121,0.020408163265306121,1,0,0.73564476348060381,0.72376060506004547,4015.1934959349587
265,2650,2699,50,0,0,12249,3540.54,647.06222915574358,1600,4747,3147,3589.5,1600,4071,2471,50.428571428571431,239.53061224489795,1273,0,0.83828124999999998,0.2586350514600641,0.5078125,1.62109375,1.11328125,0.8203125,0.91796875,1.62109375,0.703125,0.014349489795918368,0.10204081632653061,0.60546875,0,13.42,10.419385778442029,0,45,45,13,16,45,29,0.59183673469387754,4.1428571428571432,24,0,14.52,0.095916630466254149,14.4,14.800000000000001,0.40000000000000036,14.5,14.699999999999999,14.5,-0.19999999999999929,-0.0040816326530612101,0.11836734693877517,0.40000000000000036,0,47,0,47,47,0,47,47,47,0,0,0,0,1,92.739999999999995,0.43863424398922618,92,93,1,93,93,92,-1,-0.020408163265306121,0.020408163265306121,1,0,0.52976809476302811,0.52957252631037677,4223.5705498602047
266,2660,2709,50,0,0,12252,3951.4400000000001,830.66077697216451,2267,5619,3352,3878.5,3232,5619,2387,48.714285714285715,208.0204081632653,591,0,1.03515625,0.43664467171366866,0.5078125,1.93359375,1.42578125,1.015625,0.80078125,1.796875,0.99609375,0.02032844387755102,0.10323660714285714,0.60546875,0,21.239999999999998,17.466035612009957,0,58,58,20,12,51,39,0.79591836734693877,4.2244897959183669,24,0,14.529999999999999,0.10440306508910532,14.4,14.800000000000001,0.40000000000000036,14.5,14.5,14.5,0,0,0.12653061224489764,0.40000000000000036,0,47,0,47,47,0,47,47,47,0,0,0,0,1,92.540000000000006,0.49839743177508444,92,93,1,93,93,92,-1,-0.020408163265306121,0.020408163265306121,1,0,0.83335090446101723,0.83140907187634616,3817.2401509433962
267,2670,2719,50,0,0,12250,4302.2600000000002,1035.8533836407546,2267,5781,3514,4234.5,4747,4903,156,3.1836734693877551,188.12244897959184,591,0,1.0882812500000001,0.47887884811492248,0.48828125,1.93359375,1.4453125,1.025390625,1.171875,0.48828125,-0.68359375,-0.013950892857142858,0.11519451530612244,0.60546875,0,23.359999999999999,19.153861229527589,0,58,58,21,26,0,-26,-0.53061224489795922,4.6530612244897958,24,0,14.529999999999998,0.10049875621120874,14.4,14.800000000000001,0.40000000000000036,14.5,14.4,14.5,0.099999999999999645,0.0020408163265306051,0.11632653061224463,0.40000000000000036,0,47,0,47,47,0,47,47,47,0,0,0,0,1,92.340000000000003,0.47370877129308048,92,93,1,92,93,92,-1,-0.020408163265306121,0.020408163265306121,1,0,0.73110452908623191,0.73399757558325229,3953.2611629576454
268,2680,2729,50,0,0,12250,4476.0200000000004,1039.8565379897364,2267,5781,3514,4804,3220,4636,1416,28.897959183673468,180.53061224489795,591,0,1.067578125,0.48735239777715328,0.48828125,1.93359375,1.4453125,1.015625,0.5078125,0.5078125,0,0,0.12436224489795919,0.60546875,0,22.600000000000001,19.453534383242548,0,58,58,20.5,0,0,0,0,5.0204081632653059,24,0,14.533999999999999,0.12587295182047645,14.199999999999999,14.800000000000001,0.60000000000000142,14.5,14.5,14.800000000000001,0.30000000000000071,0.0061224489795918512,0.14897959183673448,0.5,0,47,0,47,47,0,47,47,47,0,0,0,0,1,92.140000000000001,0.34698703145794946,92,93,1,92,93,92,-1,-0.020408163265306121,0.020408163265306121,1,0,0.58318378580985031,0.58700259800018528,4192.6861324551774
269,2690,2739,50,0,0,12250,4648.4799999999996,829.31890705566343,3034,5781,2747,4804,4189,3034,-1155,-23.571428571428573,154.55102040816325,553,0,1.015625,0.51109217364477177,0.48828125,1.93359375,1.4453125,0.859375,1.015625,0.52734375,-0.48828125,-0.0099649234693877549,0.10323660714285714,0.60546875,0,20.5,20.406126531020043,0,58,58,15,20,1,-19,-0.38775510204081631,4.1428571428571432,24,0,14.548000000000002,0.13599999999999995,14.199999999999999,14.800000000000001,0.60000000000000142,14.5,14.800000000000001,14.699999999999999,-0.10000000000000142,-0.0020408163265306411,0.16938775510204063,0.5,0,47,0,47,47,0,47,47,47,0,0,0,0,1,92,0,92,92,0,92,92,92,0,0,0,0,1,0.61702596637314333,0.620397344659257,4576.9649230769228
270,2700,2749,50,0,0,12249,4657.0799999999999,852.62624496317255,2849,5781,2932,4804,4549,3881,-668,-13.63265306122449,156.65306122448979,718,0,1.0523437499999999,0.52175335408600876,0.48828125,1.93359375,1.4453125,0.888671875,1.66015625,0.5078125,-1.15234375,-0.023517219387755101,0.11758609693877552,0.703125,0,21.98,20.812967111875231,0,58,58,15.5,46,0,-46,-0.93877551020408168,4.7346938775510203,28,0,14.553999999999998,0.14029967925836459,14.199999999999999,14.9,0.70000000000000107,14.5,14.6,14.4,-0.19999999999999929,-0.0040816326530612101,0.18775510204081611,0.5,0,47,0,47,47,0,47,47,47,0,0,0,0,1,92,0,92,92,0,92,92,92,0,0,0,0,1,0.56409917681224953,0.56603187202108141,4425.4360801781741
271,2710,2759,50,0,0,12249,4391.8599999999997,852.91373561456953,2849,5781,2932,4405.5,5695,4146,-1549,-31.612244897959183,161.85714285714286,718,0,0.87187499999999996,0.39303475464566107,0.48828125,1.73828125,1.25,0.7421875,1.73828125,1.0546875,-0.68359375,-0.013950892857142858,0.11918048469387756,0.703125,0,14.76,15.725851328306522,0,49,49,9,49,22,-27,-0.55102040816326525,4.7142857142857144,28,0,14.542,0.14295453822806739,14.199999999999999,14.9,0.70000000000000107,14.5,14.5,14.6,0.099999999999999645,0.0020408163265306051,0.19795918367346912,0.5,0,47,0,47,47,0,47,47,47,0,0,0,0,1,92,0,92,92,0,92,92,92,0,0,0,0,1,0.49840337029033688,0.50282037413152647,5037.2587813620066
272,2720,2769,50,0,0,12250,3967.3800000000001,670.19176031938798,2849,5265,2416,3891,4821,3211,-1610,-32.857142857142854,173.46938775510205,718,0,0.73867187499999998,0.29883935844898862,0.48828125,1.69921875,1.2109375,0.634765625,0.60546875,0.72265625,0.1171875,0.0023915816326530613,0.10841836734693877,0.703125,0,9.4600000000000009,11.876379919824055,0,48,48,5.5,4,9,5,0.10204081632653061,4.2653061224489797,28,0,14.550000000000001,0.15652475842498523,14.199999999999999,14.9,0.70000000000000107,14.5,14.6,14.9,0.30000000000000071,0.0061224489795918512,0.21836734693877521,0.5,0,47,0,47,47,0,47,47,47,0,0,0,0,1,92,0,92,92,0,92,92,92,0,0,0,0,1,0.25474225048702021,0.25305576425810772,5370.9639344262296
273,2730,2779,50,0,0,12250,3663.7600000000002,479.48078418222349,2849,4677,1828,3664,4545,3820,-725,-14.795918367346939,175.69387755102042,718,0,0.74140625000000004,0.29527632880331345,0.48828125,1.69921875,1.2109375,0.654296875,0.5078125,0.87890625,0.37109375,0.0075733418367346936,0.10642538265306123,0.703125,0,9.5800000000000001,11.73216092627441,0,48,48,6.5,0,15,15,0.30612244897959184,4.1836734693877551,28,0,14.548000000000002,0.144554487996741,14.199999999999999,14.9,0.70000000000000107,14.5,14.4,14.699999999999999,0.29999999999999893,0.0061224489795918147,0.20612244897959139,0.5,0,47,0,47,47,0,47,47,47,0,0,0,0,1,92,0,92,92,0,92,92,92,0,0,0,0,1,0.35764932312672415,0.35198177999611407,4941.6362486828239
274,2740,2789,50,0,0,12252,3471.8200000000002,516.8926267611098,2475,4677,2202,3432.5,2965,3026,61,1.2448979591836735,182.14285714285714,718,0,0.75156250000000002,0.29613497404319283,0.48828125,1.69921875,1.2109375,0.68359375,0.52734375,0.91796875,0.390625,0.0079719387755102043,0.12276785714285714,0.703125,0,10.119999999999999,11.666430473799601,0,48,48,7,1,17,16,0.32653061224489793,4.8163265306122449,28,0,14.527999999999999,0.13570556362949879,14.199999999999999,14.9,0.70000000000000107,14.5,14.5,14.5,0,0,0.17959183673469345,0.5,0,47,0,47,47,0,47,47,47,0,0,0,0,1,92,0,92,92,0,92,92,92,0,0,0,0,1,0.57418415242867493,0.57051327884522463,4619.4694386694391
275,2750,2799,50,0,0,12252,3478.6199999999999,431.02231450355328,2475,4253,1778,3514,3669,3676,7,0.14285714285714285,157.57142857142858,528,0,0.72265625,0.2013140426050801,0.48828125,1.09375,0.60546875,0.703125,0.7421875,0.64453125,-0.09765625,-0.0019929846938775511,0.094467474489795922,0.546875,0,8.9800000000000004,7.839617337600095,0,24,24,8,9,5,-4,-0.081632653061224483,3.7142857142857144,21,0,14.522,0.11881077392223295,14.199999999999999,14.9,0.70000000000000107,14.5,14.699999999999999,14.6,-0.099999999999999645,-0.0020408163265306051,0.1448979591836731,0.5,0,47,0,47,47,0,47,47,47,0,0,0,0,1,92,0,92,92,0,92,92,92,0,0,0,0,1,0.5210203405977466,0.51604219973291598,4813.6579459459454
276,2760,2809,50,0,0,12250,3531.1999999999998,505.29049070806792,2475,4665,2190,3514,4166,4665,499,10.183673469387756,162.51020408163265,528,0,0.76054687499999996,0.24918721636317567,0.48828125,1.328125,0.83984375,0.703125,1.03515625,1.25,0.21484375,0.0043845663265306119,0.1016422193877551,0.546875,0,10.52,9.7616392066086934,0,33,33,8,21,30,9,0.18367346938775511,4.0612244897959187,21,0,14.522,0.11881077392223295,14.300000000000001,14.9,0.59999999999999964,14.5,14.5,14.5,0,0,0.15102040816326492,0.5,0,47,0,47,47,0,47,47,47,0,0,0,0,1,91.799999999999997,0.59999999999999998,90,92,2,92,92,90,-2,-0.040816326530612242,0.040816326530612242,2,0,0.67183491420924413,0.67113644603937872,4642.9748330765278
277,2770,2819,50,0,0,12250,3735.8600000000001,622.6228074845958,2475,4879,2404,3708,3234,3839,605,12.346938775510203,162.91836734693877,504,0,0.82304687499999996,0.27882554198159132,0.48828125,1.3671875,0.87890625,0.83984375,0.68359375,0.48828125,-0.1953125,-0.0039859693877551021,0.11639030612244898,0.5859375,0,12.960000000000001,10.970797600903955,0,34,34,14,7,0,-7,-0.14285714285714285,4.6734693877551017,23,0,14.513999999999999,0.10001999800039964,14.300000000000001,14.800000000000001,0.5,14.5,14.4,14.4,0,0,0.12653061224489759,0.40000000000000036,0,47,0,47,47,0,47,47,47,0,0,0,0,1,91.400000000000006,0.91651513899116799,90,92,2,92,92,90,-2,-0.040816326530612242,0.040816326530612242,2,0,0.66715557980105833,0.66194314651380104,4539.0610346464173
278,2780,2829,50,0,0,12249,3741.1799999999998,623.05016459351009,2475,4879,2404,3724.5,3709,3059,-650,-13.26530612244898,152.16326530612244,504,0,0.77890625000000002,0.29865931710782523,0.48828125,1.3671875,0.87890625,0.654296875,0.48828125,0.625,0.13671875,0.0027901785714285715,0.09845344387755102,0.5859375,0,11.26,11.719744024508385,0,34,34,6,0,5,5,0.10204081632653061,3.9387755102040818,23,0,14.515999999999998,0.096664367788756464,14.199999999999999,14.800000000000001,0.60000000000000142,14.5,14.5,14.6,0.099999999999999645,0.0020408163265306051,0.11224489795918342,0.40000000000000036,0,47,0,47,47,0,47,47,47,0,0,0,0,1,91,1,90,92,2,91,92,90,-2,-0.040816326530612242,0.040816326530612242,2,0,0.67224852289622394,0.66754326410407117,4803.1197592778335
279,2790,2839,50,0,0,12249,3951.0599999999999,471.1585045396082,3059,4879,1820,3893.5,3360,4377,1017,20.755102040816325,135.81632653061226,504,0,0.85898437500000002,0.27954916489895504,0.48828125,1.3671875,0.87890625,0.947265625,0.9375,1.11328125,0.17578125,0.0035873724489795919,0.099250637755102039,0.5859375,0,14.359999999999999,11.005017037696943,0,34,34,17.5,17,24,7,0.14285714285714285,3.9795918367346941,23,0,14.524000000000001,0.10111379727811616,14.199999999999999,14.800000000000001,0.60000000000000142,14.5,14.5,14.6,0.099999999999999645,0.0020408163265306051,0.12448979591836705,0.40000000000000036,0,47,0,47,47,0,47,47,47,0,0,0,0,1,90.599999999999994,0.91651513899116799,90,92,2,90,92,90,-2,-0.040816326530612242,0.040816326530612242,2,0,0.69187151515931855,0.69122935058127954,4599.687858117326
280,2800,2849,50,0,0,12250,3918.1799999999998,515.1615160316228,2934,4879,1945,3821.5,3622,2934,-688,-14.040816326530612,140.12244897959184,504,0,0.79257812500000002,0.29948712059183885,0.48828125,1.3671875,0.87890625,0.703125,0.87890625,0.48828125,-0.390625,-0.0079719387755102043,0.091677295918367346,0.5859375,0,11.76,11.734666590917699,0,34,34,8,15,0,-15,-0.30612244897959184,3.5714285714285716,23,0,14.517999999999999,0.10712609392673646,14.199999999999999,14.800000000000001,0.60000000000000142,14.5,14.4,14.5,0.099999999999999645,0.0020408163265306051,0.14081632653061188,0.40000000000000036,0,47,0,47,47,0,47,47,47,0,0,0,0,1,90.200000000000003,0.59999999999999998,90,92,2,90,92,90,-2,-0.040816326530612242,0.040816326530612242,2,0,0.75348140149433818,0.75214163675688916,4943.5883686545094
281,2810,2859,50,0,0,12250,3623.1399999999999,700.91859755609278,2379,4879,2500,3706,4665,2856,-1809,-36.918367346938773,137.16326530612244,504,0,0.71406250000000004,0.26591665972983902,0.48828125,1.3671875,0.87890625,0.615234375,1.171875,0.703125,-0.46875,-0.0095663265306122451,0.089285714285714288,0.5859375,0,8.6799999999999997,10.395075757299704,0,34,34,4.5,27,8,-19,-0.38775510204081631,3.4489795918367347,23,0,14.523999999999999,0.10307278981380084,14.199999999999999,14.800000000000001,0.60000000000000142,14.5,14.6,14.5,-0.099999999999999645,-0.0020408163265306051,0.13265306122448947,0.40000000000000036,0,47,0,47,47,0,47,47,47,0,0,0,0,1,90,0,90,90,0,90,90,90,0,0,0,0,1,0.59043753301710111,0.5921389580606744,5073.9816192560174
282,2820,2869,50,0,0,12249,3432.7600000000002,546.82185618352889,2379,4394,2015,3450.5,3740,3202,-538,-10.979591836734693,144.20408163265307,437,0,0.69414062499999996,0.22358666622688644,0.48828125,1.26953125,0.78125,0.625,0.48828125,0.64453125,0.15625,0.0031887755102040817,0.091677295918367346,0.78125,0,7.9000000000000004,8.6954010833313493,0,31,31,5,0,6,6,0.12244897959183673,3.5918367346938775,31,0,14.526000000000002,0.11280070921762846,14.199999999999999,14.800000000000001,0.60000000000000142,14.5,14.5,14.800000000000001,0.30000000000000071,0.0061224489795918512,0.14489795918367313,0.40000000000000036,0,47,0,47,47,0,47,47,47,0,0,0,0,1,90,0,90,90,0,90,90,90,0,0,0,0,1,0.46749114233014022,0.47297452580855348,4945.3379853685992
283,2830,2879,50,0,0,12253,3404.5799999999999,550.63149528518613,2379,4394,2015,3400.5,3254,2935,-319,-6.5102040816326534,159.81632653061226,437,0,0.724609375,0.22365626582803494,0.48828125,1.26953125,0.78125,0.703125,0.703125,0.48828125,-0.21484375,-0.0043845663265306119,0.10323660714285714,0.78125,0,9.0800000000000001,8.7174308141791403,0,31,31,8,8,0,-8,-0.16326530612244897,4.0816326530612246,31,0,14.523999999999999,0.11056219968868181,14.300000000000001,14.800000000000001,0.5,14.5,14.4,14.699999999999999,0.29999999999999893,0.0061224489795918147,0.1448979591836731,0.40000000000000036,0,47,0,47,47,0,47,47,47,0,0,0,0,1,90,0,90,90,0,90,90,90,0,0,0,0,1,0.52951538820180655,0.53394676999629653,4698.5039353099728
284,2840,2889,50,0,0,12249,2983.1599999999999,748.08583357793907,1307,4394,3087,3097,4394,1326,-3068,-62.612244897959187,170.16326530612244,437,0,0.62929687499999998,0.19540193264961106,0.48828125,1.26953125,0.78125,0.48828125,0.8203125,0.48828125,-0.33203125,-0.0067761479591836732,0.088887117346938771,0.78125,0,5.3799999999999999,7.5601322739751051,0,31,31,0,12,0,-12,-0.24489795918367346,3.510204081632653,31,0,14.5,0.1311487704860399,14.1,14.800000000000001,0.70000000000000107,14.5,14.5,14.199999999999999,-0.30000000000000071,-0.0061224489795918512,0.14897959183673443,0.40000000000000036,0,47,0,47,47,0,47,47,47,0,0,0,0,1,90,0,90,90,0,90,90,90,0,0,0,0,1,0.42961021956369044,0.42703290638787883,4740.4653010552447
285,2850,2899,50,0,0,12249,2872.04,871.37888337966956,1295,4645,3350,3017.5,2800,4645,1845,37.653061224489797,202.51020408163265,998,0,0.73515624999999996,0.31613510758851193,0.48828125,1.6796875,1.19140625,0.625,0.48828125,1.6796875,1.19140625,0.024314413265306121,0.09765625,0.78125,0,9.5600000000000005,12.443729344533333,0,47,47,5,0,47,47,0.95918367346938771,3.8979591836734695,31,0,14.494000000000002,0.18591395859375368,13.800000000000001,15,1.1999999999999993,14.5,14.5,14.699999999999999,0.19999999999999929,0.0040816326530612101,0.17959183673469359,0.69999999999999929,0,47,0,47,47,0,47,47,47,0,0,0,0,1,90,0,90,90,0,90,90,90,0,0,0,0,1,0.68774593396586536,0.68837018110423032,3906.706907545165
286,2860,2909,50,0,0,12250,3410.0599999999999,1283.1843735021091,1295,5715,4420,3400.5,3146,5297,2151,43.897959183673471,223.24489795918367,998,0,0.953125,0.5379290620344378,0.48828125,2.34375,1.85546875,0.83984375,0.87890625,1.2890625,0.41015625,0.008370535714285714,0.14548788265306123,1.0546875,0,18.239999999999998,21.322814073193996,0,74,74,13.5,15,31,16,0.32653061224489793,5.8367346938775508,42,0,14.497999999999999,0.19025246384738345,13.800000000000001,15,1.1999999999999993,14.5,14.4,14.800000000000001,0.40000000000000036,0.0081632653061224567,0.18367346938775478,0.69999999999999929,0,47,0,47,47,0,47,47,47,0,0,0,0,1,90,0,90,90,0,90,90,90,0,0,0,0,1,0.82595972618321423,0.82547207895317842,3577.7678688524588
287,2870,2919,50,0,0,12249,3603.52,1357.4159751527902,1295,5715,4420,3711.5,3069,4053,984,20.081632653061224,214.40816326530611,998,0,0.92929687500000002,0.53798706697142418,0.48828125,2.34375,1.85546875,0.7421875,0.5078125,0.48828125,-0.01953125,-0.00039859693877551021,0.13671875,1.0546875,0,17.300000000000001,21.332838535928595,0,74,74,10,0,0,0,0,5.4285714285714288,42,0,14.5,0.18547236990991389,13.800000000000001,15,1.1999999999999993,14.5,14.5,14.5,0,0,0.16734693877550991,0.69999999999999929,0,47,0,47,47,0,47,47,47,0,0,0,0,1,90,0,90,90,0,90,90,90,0,0,0,0,1,0.70874944868473377,0.70685793585440593,3877.6844052122738
288,2880,2929,50,0,0,12250,3619.6199999999999,1362.6161585714447,1295,5715,4420,3831,2751,2668,-83,-1.6938775510204083,207.0408163265306,998,0,0.89179687500000004,0.55382869807065849,0.48828125,2.34375,1.85546875,0.595703125,0.48828125,0.48828125,0,0,0.11798469387755102,1.0546875,0,15.859999999999999,21.937192163082312,0,74,74,4,0,0,0,0,4.6938775510204085,42,0,14.504000000000001,0.18216476058777104,13.800000000000001,15,1.1999999999999993,14.5,14.5,14.6,0.099999999999999645,0.0020408163265306051,0.15714285714285686,0.69999999999999929,0,47,0,47,47,0,47,47,47,0,0,0,0,1,90,0,90,90,0,90,90,90,0,0,0,0,1,0.68344863892234231,0.68207565725877517,4058.7942181340341
289,2890,2939,50,0,0,12249,3605.3000000000002,1373.6935502505644,1295,5715,4420,3831,1312,1409,97,1.9795918367346939,203.65306122448979,998,0,0.89179687500000004,0.5538286980706586,0.48828125,2.34375,1.85546875,0.595703125,0.48828125,0.48828125,0,0,0.11798469387755102,1.0546875,0,15.859999999999999,21.937192163082312,0,74,74,4,0,0,0,0,4.6938775510204085,42,0,14.52,0.17320508075688754,13.800000000000001,15,1.1999999999999993,14.5,13.800000000000001,14.4,0.59999999999999964,0.012244897959183666,0.15918367346938744,0.69999999999999929,0,47,0,47,47,0,47,47,47,0,0,0,0,1,90,0,90,90,0,90,90,90,0,0,0,0,1,0.68553252526526776,0.68411203261810838,4042.736749890495
290,2900,2949,50,0,0,12250,3585.5599999999999,1352.9835795012443,1343,5715,4372,3794,5377,4098,-1279,-26.102040816326532,194.38775510204081,1213,0,0.86328125,0.52738715099180222,0.48828125,2.34375,1.85546875,0.595703125,2.2265625,1.11328125,-1.11328125,-0.022720025510204082,0.12635522959183673,1.0546875,0,14.74,20.892879169707559,0,74,74,4,69,25,-44,-0.89795918367346939,5.0204081632653059,42,0,14.539999999999999,0.1232882800593794,14.199999999999999,14.800000000000001,0.60000000000000142,14.5,14.4,14.5,0.099999999999999645,0.0020408163265306051,0.12857142857142834,0.5,0,47,0,47,47,0,47,47,47,0,0,0,0,1,90,0,90,90,0,90,90,90,0,0,0,0,1,0.66805660038670356,0.66643874958711491,4153.4088687782805
291,2910,2959,50,0,0,12249,3381.98,1152.5380425825431,1343,5094,3751,3668.5,5094,3878,-1216,-24.816326530612244,209.26530612244898,1213,0,0.72695312499999998,0.30316350633324196,0.48828125,1.484375,0.99609375,0.498046875,0.83984375,1.11328125,0.2734375,0.005580357142857143,0.098852040816326536,0.64453125,0,9.3000000000000007,11.93356610573721,0,39,39,0,13,25,12,0.24489795918367346,3.8775510204081631,25,0,14.524000000000001,0.11412274094149671,14.199999999999999,14.800000000000001,0.60000000000000142,14.5,14.4,14.6,0.19999999999999929,0.0040816326530612101,0.11428571428571402,0.5,0,47,0,47,47,0,47,47,47,0,0,0,0,1,90,0,90,90,0,90,90,90,0,0,0,0,1,0.51278241324745322,0.51018486775205607,4652.2669532509408
292,2920,2969,50,0,0,12253,3346.54,1117.0418113929309,1343,4902,3559,3668.5,3966,3848,-118,-2.4081632653061225,209.87755102040816,1213,0,0.78085937500000002,0.33070714842225307,0.48828125,1.484375,0.99609375,0.498046875,0.48828125,0.48828125,0,0,0.10124362244897959,0.64453125,0,11.42,12.98936488054747,0,39,39,0,0,0,0,0,3.9591836734693877,25,0,14.529999999999999,0.13453624047073695,14.199999999999999,14.9,0.70000000000000107,14.5,14.5,14.699999999999999,0.19999999999999929,0.0040816326530612101,0.15918367346938742,0.5,0,47,0,47,47,0,47,47,47,0,0,0,0,1,90,0,90,90,0,90,90,90,0,0,0,0,1,0.63549551658205983,0.63509350777514484,4285.7140570285137
293,2930,2979,50,0,0,12250,3365.1999999999998,1103.5234297467362,1343,4902,3559,3606.5,2501,3325,824,16.816326530612244,191.87755102040816,1213,0,0.78984374999999996,0.3240812961641531,0.48828125,1.484375,0.99609375,0.615234375,0.48828125,0.5078125,0.01953125,0.00039859693877551021,0.10642538265306123,0.64453125,0,11.699999999999999,12.783192089615175,0,39,39,4.5,0,0,0,0,4.1632653061224492,25,0,14.538,0.14817557153593153,14.199999999999999,14.9,0.70000000000000107,14.5,14.5,14.6,0.099999999999999645,0.0020408163265306051,0.18571428571428533,0.5,0,47,0,47,47,0,47,47,47,0,0,0,0,1,90,0,90,90,0,90,90,90,0,0,0,0,1,0.64145212445242328,0.63843524726279666,4260.589515331355
294,2940,2989,50,0,0,12250,3552.8000000000002,864.0739320220232,1343,4902,3559,3606.5,1383,2667,1284,26.204081632653061,187.79591836734693,1213,0,0.80312499999999998,0.3164216817224485,0.48828125,1.484375,0.99609375,0.693359375,0.48828125,0.7421875,0.25390625,0.0051817602040816323,0.11918048469387756,0.64453125,0,12.199999999999999,12.497999839974394,0,39,39,8,0,10,10,0.20408163265306123,4.6530612244897958,25,0,14.550000000000002,0.14317821063276334,14.199999999999999,14.9,0.70000000000000107,14.5,14.4,14.4,0,0,0.18367346938775467,0.5,0,47,0,47,47,0,47,47,47,0,0,0,0,1,90,0,90,90,0,90,90,90,0,0,0,0,1,0.58477540467280364,0.58568620104431035,4423.7198443579773
295,2950,2999,50,0,0,12249,3672.3400000000001,672.86559163030472,2511,4902,2391,3634,4448,3144,-1304,-26.612244897959183,152.53061224489795,529,0,0.77500000000000002,0.29497852311916284,0.48828125,1.484375,0.99609375,0.68359375,1.484375,0.48828125,-0.99609375,-0.02032844387755102,0.080915178571428575,0.64453125,0,11.06,11.623097693816394,0,39,39,7.5,39,0,-39,-0.79591836734693877,3.1632653061224492,25,0,14.552,0.13302631318652688,14.199999999999999,14.9,0.70000000000000107,14.6,14.6,14.6,0,0,0.17551020408163226,0.5,0,47,0,47,47,0,47,47,47,0,0,0,0,1,90,0,90,90,0,90,90,90,0,0,0,0,1,0.67921058983291327,0.68354536079675965,4738.5032258064521
296,2960,3009,50,0,0,12249,3266.8800000000001,786.44065612098166,1428,4566,3138,3362.5,4165,1428,-2737,-55.857142857142854,135.28571428571428,529,0,0.6640625,0.23606163952715825,0.48828125,1.2109375,0.72265625,0.48828125,1.2109375,0.48828125,-0.72265625,-0.014748086734693877,0.045838647959183673,0.3515625,0,6.7199999999999998,9.2044337142488022,0,28,28,0,28,0,-28,-0.5714285714285714,1.7959183673469388,14,0,14.539999999999999,0.17204650534085245,14.1,14.9,0.80000000000000071,14.6,14.4,14.1,-0.30000000000000071,-0.0061224489795918512,0.1979591836734691,0.5,0,47,0,47,47,0,47,47,47,0,0,0,0,1,90,0,90,90,0,90,90,90,0,0,0,0,1,0.62269904287304101,0.62287716453115094,4919.5369411764705
