frame_index,line_number,raw_frame,bytes_hex,parse_ok,parse_error,checksum_valid,relative_time_ms,is_valid,validation_errors,ml_eligible,b0,b1,b2,b3,b4,b5,b6,b7,b8,b9,b10,b11,b12,b13,b14,b15,b16,b17,b18,b19,b20,b21,b22,b23,b24,b25,b26,b27,b28,rpm,tps_voltage,tps_raw_candidate,battery_voltage,iat_c,ect_c_candidate,map_raw,signal_b19,signal_word_20_21,signal_b22,signal_b23,signal_b24
0,16,FF;FF;FF;FF;FF;2;18;71;17;0;0;19;0;FF;FF;81;49;5C;59;7D;0;0;58;7C;0;0;0;0;77,FF;FF;FF;FF;FF;02;18;71;17;00;00;19;00;FF;FF;81;49;5C;59;7D;00;00;58;7C;00;00;00;00;77,True,,True,0.0,True,,True,255,255,255,255,255,2,24,113,23,0,0,25,0,255,255,129,73,92,89,125,0,0,88,124,0,0,0,0,119,0,0.48828125,0,12.9,33,52,89,125,0,88,124,0
1,18,FF;FF;FF;FF;FF;2;18;71;17;0;0;19;0;FF;FF;81;49;5C;59;7D;0;0;58;7C;0;0;0;0;77,FF;FF;FF;FF;FF;02;18;71;17;00;00;19;00;FF;FF;81;49;5C;59;7D;00;00;58;7C;00;00;00;00;77,True,,True,100.0,True,,True,255,255,255,255,255,2,24,113,23,0,0,25,0,255,255,129,73,92,89,125,0,0,88,124,0,0,0,0,119,0,0.48828125,0,12.9,33,52,89,125,0,88,124,0
2,20,FF;FF;FF;FF;FF;2;18;71;17;0;0;19;0;FF;FF;81;49;5C;59;7D;0;0;58;7C;0;0;0;0;77,FF;FF;FF;FF;FF;02;18;71;17;00;00;19;00;FF;FF;81;49;5C;59;7D;00;00;58;7C;00;00;00;00;77,True,,True,200.0,True,,True,255,255,255,255,255,2,24,113,23,0,0,25,0,255,255,129,73,92,89,125,0,0,88,124,0,0,0,0,119,0,0.48828125,0,12.9,33,52,89,125,0,88,124,0
3,22,FF;FF;FF;FF;FF;2;18;71;17;0;0;19;0;FF;FF;81;49;5C;59;7D;0;0;58;7C;0;0;0;0;77,FF;FF;FF;FF;FF;02;18;71;17;00;00;19;00;FF;FF;81;49;5C;59;7D;00;00;58;7C;00;00;00;00;77,True,,True,300.0,True,,True,255,255,255,255,255,2,24,113,23,0,0,25,0,255,255,129,73,92,89,125,0,0,88,124,0,0,0,0,119,0,0.48828125,0,12.9,33,52,89,125,0,88,124,0
4,24,FF;FF;FF;FF;FF;2;18;71;17;0;0;19;0;FF;FF;81;49;5C;59;7D;0;0;58;7C;0;0;0;0;77,FF;FF;FF;FF;FF;02;18;71;17;00;00;19;00;FF;FF;81;49;5C;59;7D;00;00;58;7C;00;00;00;00;77,True,,True,400.0,True,,True,255,255,255,255,255,2,24,113,23,0,0,25,0,255,255,129,73,92,89,125,0,0,88,124,0,0,0,0,119,0,0.48828125,0,12.9,33,52,89,125,0,88,124,0
5,26,FF;FF;FF;FF;FF;2;18;71;17;0;0;19;0;FF;FF;81;49;5C;59;7D;0;0;58;7C;0;0;0;0;77,FF;FF;FF;FF;FF;02;18;71;17;00;00;19;00;FF;FF;81;49;5C;59;7D;00;00;58;7C;00;00;00;00;77,True,,True,500.0,True,,True,255,255,255,255,255,2,24,113,23,0,0,25,0,255,255,129,73,92,89,125,0,0,88,124,0,0,0,0,119,0,0.48828125,0,12.9,33,52,89,125,0,88,124,0
6,28,FF;FF;FF;FF;FF;2;18;71;17;0;0;19;0;FF;FF;81;49;5C;59;7D;0;0;58;7C;0;0;0;0;77,FF;FF;FF;FF;FF;02;18;71;17;00;00;19;00;FF;FF;81;49;5C;59;7D;00;00;58;7C;00;00;00;00;77,True,,True,600.0,True,,True,255,255,255,255,255,2,24,113,23,0,0,25,0,255,255,129,73,92,89,125,0,0,88,124,0,0,0,0,119,0,0.48828125,0,12.9,33,52,89,125,0,88,124,0
7,30,FF;FF;FF;FF;FF;2;18;71;17;0;0;19;0;FF;FF;81;49;5C;59;7D;0;0;58;7C;0;0;0;0;77,FF;FF;FF;FF;FF;02;18;71;17;00;00;19;00;FF;FF;81;49;5C;59;7D;00;00;58;7C;00;00;00;00;77,True,,True,700.0,True,,True,255,255,255,255,255,2,24,113,23,0,0,25,0,255,255,129,73,92,89,125,0,0,88,124,0,0,0,0,119,0,0.48828125,0,12.9,33,52,89,125,0,88,124,0
8,32,FF;FF;FF;FF;FF;2;18;71;17;0;0;19;0;FF;FF;81;49;5C;59;7D;0;0;58;7C;0;0;0;0;77,FF;FF;FF;FF;FF;02;18;71;17;00;00;19;00;FF;FF;81;49;5C;59;7D;00;00;58;7C;00;00;00;00;77,True,,True,800.0,True,,True,255,255,255,255,255,2,24,113,23,0,0,25,0,255,255,129,73,92,89,125,0,0,88,124,0,0,0,0,119,0,0.48828125,0,12.9,33,52,89,125,0,88,124,0
9,34,FF;FF;FF;FF;FF;2;18;71;17;0;0;19;0;FF;FF;81;49;5C;59;7D;0;0;58;7C;0;0;0;0;77,FF;FF;FF;FF;FF;02;18;71;17;00;00;19;00;FF;FF;81;49;5C;59;7D;00;00;58;7C;00;00;00;00;77,True,,True,900.0,True,,True,255,255,255,255,255,2,24,113,23,0,0,25,0,255,255,129,73,92,89,125,0,0,88,124,0,0,0,0,119,0,0.48828125,0,12.9,33,52,89,125,0,88,124,0
10,36,FF;FF;FF;FF;FF;2;18;71;17;0;0;19;0;FF;FF;81;49;5C;59;7D;0;0;58;7C;0;0;0;0;77,FF;FF;FF;FF;FF;02;18;71;17;00;00;19;00;FF;FF;81;49;5C;59;7D;00;00;58;7C;00;00;00;00;77,True,,True,1000.0,True,,True,255,255,255,255,255,2,24,113,23,0,0,25,0,255,255,129,73,92,89,125,0,0,88,124,0,0,0,0,119,0,0.48828125,0,12.9,33,52,89,125,0,88,124,0
11,38,FF;FF;FF;FF;FF;2;18;71;17;0;0;19;0;FF;FF;81;49;5C;59;7D;0;0;58;7C;0;0;0;0;77,FF;FF;FF;FF;FF;02;18;71;17;00;00;19;00;FF;FF;81;49;5C;59;7D;00;00;58;7C;00;00;00;00;77,True,,True,1100.0,True,,True,255,255,255,255,255,2,24,113,23,0,0,25,0,255,255,129,73,92,89,125,0,0,88,124,0,0,0,0,119,0,0.48828125,0,12.9,33,52,89,125,0,88,124,0
12,40,FF;FF;FF;FF;FF;2;18;71;17;0;0;19;0;FF;FF;81;49;5C;59;7D;0;0;58;7C;0;0;0;0;77,FF;FF;FF;FF;FF;02;18;71;17;00;00;19;00;FF;FF;81;49;5C;59;7D;00;00;58;7C;00;00;00;00;77,True,,True,1200.0,True,,True,255,255,255,255,255,2,24,113,23,0,0,25,0,255,255,129,73,92,89,125,0,0,88,124,0,0,0,0,119,0,0.48828125,0,12.9,33,52,89,125,0,88,124,0
13,42,FF;FF;FF;FF;FF;2;18;71;17;0;0;19;0;FF;FF;81;49;5C;59;7D;0;0;58;7C;0;0;0;0;77,FF;FF;FF;FF;FF;02;18;71;17;00;00;19;00;FF;FF;81;49;5C;59;7D;00;00;58;7C;00;00;00;00;77,True,,True,1300.0,True,,True,255,255,255,255,255,2,24,113,23,0,0,25,0,255,255,129,73,92,89,125,0,0,88,124,0,0,0,0,119,0,0.48828125,0,12.9,33,52,89,125,0,88,124,0
14,44,FF;FF;FF;FF;FF;2;18;71;17;0;0;19;0;FF;FF;81;49;5C;59;7D;0;0;58;7C;0;0;0;0;77,FF;FF;FF;FF;FF;02;18;71;17;00;00;19;00;FF;FF;81;49;5C;59;7D;00;00;58;7C;00;00;00;00;77,True,,True,1400.0,True,,True,255,255,255,255,255,2,24,113,23,0,0,25,0,255,255,129,73,92,89,125,0,0,88,124,0,0,0,0,119,0,0.48828125,0,12.9,33,52,89,125,0,88,124,0
15,46,FF;FF;FF;FF;FF;2;18;71;17;0;0;19;0;FF;FF;81;49;5C;59;7D;0;0;58;7C;0;0;0;0;77,FF;FF;FF;FF;FF;02;18;71;17;00;00;19;00;FF;FF;81;49;5C;59;7D;00;00;58;7C;00;00;00;00;77,True,,True,1500.0,True,,True,255,255,255,255,255,2,24,113,23,0,0,25,0,255,255,129,73,92,89,125,0,0,88,124,0,0,0,0,119,0,0.48828125,0,12.9,33,52,89,125,0,88,124,0
16,48,FF;FF;FF;FF;FF;2;18;71;17;0;0;19;0;FF;FF;81;49;5C;59;7D;0;0;58;7C;0;0;0;0;77,FF;FF;FF;FF;FF;02;18;71;17;00;00;19;00;FF;FF;81;49;5C;59;7D;00;00;58;7C;00;00;00;00;77,True,,True,1600.0,True,,True,255,255,255,255,255,2,24,113,23,0,0,25,0,255,255,129,73,92,89,125,0,0,88,124,0,0,0,0,119,0,0.48828125,0,12.9,33,52,89,125,0,88,124,0
17,50,FF;FF;FF;FF;FF;2;18;71;17;0;0;19;0;FF;FF;81;49;5C;59;7D;0;0;58;7C;0;0;0;0;77,FF;FF;FF;FF;FF;02;18;71;17;00;00;19;00;FF;FF;81;49;5C;59;7D;00;00;58;7C;00;00;00;00;77,True,,True,1700.0,True,,True,255,255,255,255,255,2,24,113,23,0,0,25,0,255,255,129,73,92,89,125,0,0,88,124,0,0,0,0,119,0,0.48828125,0,12.9,33,52,89,125,0,88,124,0
18,52,FF;FF;FF;FF;FF;2;18;71;17;0;0;19;0;FF;FF;81;49;5C;59;7D;0;0;58;7C;0;0;0;0;77,FF;FF;FF;FF;FF;02;18;71;17;00;00;19;00;FF;FF;81;49;5C;59;7D;00;00;58;7C;00;00;00;00;77,True,,True,1800.0,True,,True,255,255,255,255,255,2,24,113,23,0,0,25,0,255,255,129,73,92,89,125,0,0,88,124,0,0,0,0,119,0,0.48828125,0,12.9,33,52,89,125,0,88,124,0
19,54,FF;FF;FF;FF;FF;2;18;71;17;0;0;19;0;FF;FF;81;49;5C;59;7D;0;0;58;7C;0;0;0;0;77,FF;FF;FF;FF;FF;02;18;71;17;00;00;19;00;FF;FF;81;49;5C;59;7D;00;00;58;7C;00;00;00;00;77,True,,True,1900.0,True,,True,255,255,255,255,255,2,24,113,23,0,0,25,0,255,255,129,73,92,89,125,0,0,88,124,0,0,0,0,119,0,0.48828125,0,12.9,33,52,89,125,0,88,124,0
20,56,FF;FF;FF;FF;FF;2;18;71;17;0;0;19;0;FF;FF;81;49;5C;59;7D;0;0;58;7C;0;0;0;0;77,FF;FF;FF;FF;FF;02;18;71;17;00;00;19;00;FF;FF;81;49;5C;59;7D;00;00;58;7C;00;00;00;00;77,True,,True,2000.0,True,,True,255,255,255,255,255,2,24,113,23,0,0,25,0,255,255,129,73,92,89,125,0,0,88,124,0,0,0,0,119,0,0.48828125,0,12.9,33,52,89,125,0,88,124,0
21,58,FF;FF;FF;FF;FF;2;18;71;17;0;0;19;0;FF;FF;81;49;5C;59;7D;0;0;58;7C;0;0;0;0;77,FF;FF;FF;FF;FF;02;18;71;17;00;00;19;00;FF;FF;81;49;5C;59;7D;00;00;58;7C;00;00;00;00;77,True,,True,2100.0,True,,True,255,255,255,255,255,2,24,113,23,0,0,25,0,255,255,129,73,92,89,125,0,0,88,124,0,0,0,0,119,0,0.48828125,0,12.9,33,52,89,125,0,88,124,0
22,60,FF;FF;FF;FF;FF;2;18;71;17;0;0;19;0;FF;FF;81;49;5C;59;7D;0;0;58;7C;0;0;0;0;77,FF;FF;FF;FF;FF;02;18;71;17;00;00;19;00;FF;FF;81;49;5C;59;7D;00;00;58;7C;00;00;00;00;77,True,,True,2200.0,True,,True,255,255,255,255,255,2,24,113,23,0,0,25,0,255,255,129,73,92,89,125,0,0,88,124,0,0,0,0,119,0,0.48828125,0,12.9,33,52,89,125,0,88,124,0
23,62,FF;FF;FF;FF;FF;2;18;71;17;0;0;19;0;FF;FF;81;49;5C;59;7D;0;0;58;7C;0;0;0;0;77,FF;FF;FF;FF;FF;02;18;71;17;00;00;19;00;FF;FF;81;49;5C;59;7D;00;00;58;7C;00;00;00;00;77,True,,True,2300.0,True,,True,255,255,255,255,255,2,24,113,23,0,0,25,0,255,255,129,73,92,89,125,0,0,88,124,0,0,0,0,119,0,0.48828125,0,12.9,33,52,89,125,0,88,124,0
24,64,FF;FF;FF;FF;FF;2;18;71;17;0;0;19;0;FF;FF;81;49;5C;59;7D;0;0;58;7C;0;0;0;0;77,FF;FF;FF;FF;FF;02;18;71;17;00;00;19;00;FF;FF;81;49;5C;59;7D;00;00;58;7C;00;00;00;00;77,True,,True,2400.0,True,,True,255,255,255,255,255,2,24,113,23,0,0,25,0,255,255,129,73,92,89,125,0,0,88,124,0,0,0,0,119,0,0.48828125,0,12.9,33,52,89,125,0,88,124,0
25,66,FF;FF;FF;FF;FF;2;18;71;17;0;0;19;0;FF;FF;81;49;5C;59;7D;0;0;58;7C;0;0;0;0;77,FF;FF;FF;FF;FF;02;18;71;17;00;00;19;00;FF;FF;81;49;5C;59;7D;00;00;58;7C;00;00;00;00;77,True,,True,2500.0,True,,True,255,255,255,255,255,2,24,113,23,0,0,25,0,255,255,129,73,92,89,125,0,0,88,124,0,0,0,0,119,0,0.48828125,0,12.9,33,52,89,125,0,88,124,0
26,68,FF;FF;FF;FF;FF;2;18;71;17;0;0;19;0;FF;FF;81;49;5C;59;7D;0;0;58;7C;0;0;0;0;77,FF;FF;FF;FF;FF;02;18;71;17;00;00;19;00;FF;FF;81;49;5C;59;7D;00;00;58;7C;00;00;00;00;77,True,,True,2600.0,True,,True,255,255,255,255,255,2,24,113,23,0,0,25,0,255,255,129,73,92,89,125,0,0,88,124,0,0,0,0,119,0,0.48828125,0,12.9,33,52,89,125,0,88,124,0
27,70,FF;FF;FF;FF;FF;2;18;71;17;0;0;19;0;FF;FF;81;49;5C;59;7D;0;0;58;7C;0;0;0;0;77,FF;FF;FF;FF;FF;02;18;71;17;00;00;19;00;FF;FF;81;49;5C;59;7D;00;00;58;7C;00;00;00;00;77,True,,True,2700.0,True,,True,255,255,255,255,255,2,24,113,23,0,0,25,0,255,255,129,73,92,89,125,0,0,88,124,0,0,0,0,119,0,0.48828125,0,12.9,33,52,89,125,0,88,124,0
28,72,FF;FF;FF;FF;FF;2;18;71;17;0;0;19;0;FF;FF;81;49;5C;59;7D;0;0;58;7C;0;0;0;0;77,FF;FF;FF;FF;FF;02;18;71;17;00;00;19;00;FF;FF;81;49;5C;59;7D;00;00;58;7C;00;00;00;00;77,True,,True,2800.0,True,,True,255,255,255,255,255,2,24,113,23,0,0,25,0,255,255,129,73,92,89,125,0,0,88,124,0,0,0,0,119,0,0.48828125,0,12.9,33,52,89,125,0,88,124,0
29,74,FF;FF;FF;FF;FF;2;18;71;17;0;0;19;0;FF;FF;81;49;5C;59;7D;0;0;58;7C;0;0;0;0;77,FF;FF;FF;FF;FF;02;18;71;17;00;00;19;00;FF;FF;81;49;5C;59;7D;00;00;58;7C;00;00;00;00;77,True,,True,2900.0,True,,True,255,255,255,255,255,2,24,113,23,0,0,25,0,255,255,129,73,92,89,125,0,0,88,124,0,0,0,0,119,0,0.48828125,0,12.9,33,52,89,125,0,88,124,0
30,76,FF;FF;FF;FF;FF;2;18;71;17;0;0;19;0;FF;FF;81;49;5C;59;7D;0;0;58;7C;0;0;0;0;77,FF;FF;FF;FF;FF;02;18;71;17;00;00;19;00;FF;FF;81;49;5C;59;7D;00;00;58;7C;00;00;00;00;77,True,,True,3000.0,True,,True,255,255,255,255,255,2,24,113,23,0,0,25,0,255,255,129,73,92,89,125,0,0,88,124,0,0,0,0,119,0,0.48828125,0,12.9,33,52,89,125,0,88,124,0
31,78,FF;FF;FF;FF;FF;2;18;71;17;0;0;19;0;FF;FF;81;49;5C;59;7D;0;0;58;7C;0;0;0;0;77,FF;FF;FF;FF;FF;02;18;71;17;00;00;19;00;FF;FF;81;49;5C;59;7D;00;00;58;7C;00;00;00;00;77,True,,True,3100.0,True,,True,255,255,255,255,255,2,24,113,23,0,0,25,0,255,255,129,73,92,89,125,0,0,88,124,0,0,0,0,119,0,0.48828125,0,12.9,33,52,89,125,0,88,124,0
32,80,FF;FF;FF;FF;FF;2;18;71;17;0;0;19;0;FF;FF;81;49;5C;59;7D;0;0;58;7C;0;0;0;0;77,FF;FF;FF;FF;FF;02;18;71;17;00;00;19;00;FF;FF;81;49;5C;59;7D;00;00;58;7C;00;00;00;00;77,True,,True,3200.0,True,,True,255,255,255,255,255,2,24,113,23,0,0,25,0,255,255,129,73,92,89,125,0,0,88,124,0,0,0,0,119,0,0.48828125,0,12.9,33,52,89,125,0,88,124,0
33,82,FF;FF;FF;FF;FF;2;18;71;17;0;0;19;0;FF;FF;81;49;5C;59;7D;0;0;58;7C;0;0;0;0;77,FF;FF;FF;FF;FF;02;18;71;17;00;00;19;00;FF;FF;81;49;5C;59;7D;00;00;58;7C;00;00;00;00;77,True,,True,3300.0,True,,True,255,255,255,255,255,2,24,113,23,0,0,25,0,255,255,129,73,92,89,125,0,0,88,124,0,0,0,0,119,0,0.48828125,0,12.9,33,52,89,125,0,88,124,0
34,84,FF;FF;FF;FF;FF;2;18;71;17;0;0;19;0;FF;FF;81;49;5C;59;7D;0;0;58;7C;0;0;0;0;77,FF;FF;FF;FF;FF;02;18;71;17;00;00;19;00;FF;FF;81;49;5C;59;7D;00;00;58;7C;00;00;00;00;77,True,,True,3400.0,True,,True,255,255,255,255,255,2,24,113,23,0,0,25,0,255,255,129,73,92,89,125,0,0,88,124,0,0,0,0,119,0,0.48828125,0,12.9,33,52,89,125,0,88,124,0
35,86,FF;FF;FF;FF;FF;2;18;71;17;0;0;19;0;FF;FF;81;49;5C;59;7D;0;0;58;7C;0;0;0;0;77,FF;FF;FF;FF;FF;02;18;71;17;00;00;19;00;FF;FF;81;49;5C;59;7D;00;00;58;7C;00;00;00;00;77,True,,True,3500.0,True,,True,255,255,255,255,255,2,24,113,23,0,0,25,0,255,255,129,73,92,89,125,0,0,88,124,0,0,0,0,119,0,0.48828125,0,12.9,33,52,89,125,0,88,124,0
36,88,FF;FF;FF;FF;FF;2;18;71;17;0;0;19;0;FF;FF;81;49;5C;59;7D;0;0;58;7C;0;0;0;0;77,FF;FF;FF;FF;FF;02;18;71;17;00;00;19;00;FF;FF;81;49;5C;59;7D;00;00;58;7C;00;00;00;00;77,True,,True,3600.0,True,,True,255,255,255,255,255,2,24,113,23,0,0,25,0,255,255,129,73,92,89,125,0,0,88,124,0,0,0,0,119,0,0.48828125,0,12.9,33,52,89,125,0,88,124,0
37,90,FF;FF;FF;FF;FF;2;18;71;17;0;0;19;0;FF;FF;81;49;5C;59;7D;0;0;58;7C;0;0;0;0;77,FF;FF;FF;FF;FF;02;18;71;17;00;00;19;00;FF;FF;81;49;5C;59;7D;00;00;58;7C;00;00;00;00;77,True,,True,3700.0,True,,True,255,255,255,255,255,2,24,113,23,0,0,25,0,255,255,129,73,92,89,125,0,0,88,124,0,0,0,0,119,0,0.48828125,0,12.9,33,52,89,125,0,88,124,0
38,92,FF;FF;FF;FF;FF;2;18;71;17;0;0;19;0;FF;FF;81;49;5C;59;7D;0;0;58;7C;0;0;0;0;77,FF;FF;FF;FF;FF;02;18;71;17;00;00;19;00;FF;FF;81;49;5C;59;7D;00;00;58;7C;00;00;00;00;77,True,,True,3800.0,True,,True,255,255,255,255,255,2,24,113,23,0,0,25,0,255,255,129,73,92,89,125,0,0,88,124,0,0,0,0,119,0,0.48828125,0,12.9,33,52,89,125,0,88,124,0
39,94,FF;FF;FF;FF;FF;2;18;71;17;0;0;19;0;FF;FF;81;49;5C;59;7D;0;0;58;7C;0;0;0;0;77,FF;FF;FF;FF;FF;02;18;71;17;00;00;19;00;FF;FF;81;49;5C;59;7D;00;00;58;7C;00;00;00;00;77,True,,True,3900.0,True,,True,255,255,255,255,255,2,24,113,23,0,0,25,0,255,255,129,73,92,89,125,0,0,88,124,0,0,0,0,119,0,0.48828125,0,12.9,33,52,89,125,0,88,124,0
40,96,FF;FF;FF;FF;FF;2;18;71;17;0;0;19;0;FF;FF;81;49;5C;59;7D;0;0;58;7C;0;0;0;0;77,FF;FF;FF;FF;FF;02;18;71;17;00;00;19;00;FF;FF;81;49;5C;59;7D;00;00;58;7C;00;00;00;00;77,True,,True,4000.0,True,,True,255,255,255,255,255,2,24,113,23,0,0,25,0,255,255,129,73,92,89,125,0,0,88,124,0,0,0,0,119,0,0.48828125,0,12.9,33,52,89,125,0,88,124,0
41,98,FF;FF;FF;FF;FF;2;18;71;17;0;0;19;0;FF;FF;81;49;5C;59;7D;0;0;58;7C;0;0;0;0;77,FF;FF;FF;FF;FF;02;18;71;17;00;00;19;00;FF;FF;81;49;5C;59;7D;00;00;58;7C;00;00;00;00;77,True,,True,4100.0,True,,True,255,255,255,255,255,2,24,113,23,0,0,25,0,255,255,129,73,92,89,125,0,0,88,124,0,0,0,0,119,0,0.48828125,0,12.9,33,52,89,125,0,88,124,0
42,100,FF;FF;FF;FF;FF;2;18;71;17;0;0;19;0;FF;FF;81;49;5C;59;7D;0;0;58;7C;0;0;0;0;77,FF;FF;FF;FF;FF;02;18;71;17;00;00;19;00;FF;FF;81;49;5C;59;7D;00;00;58;7C;00;00;00;00;77,True,,True,4200.0,True,,True,255,255,255,255,255,2,24,113,23,0,0,25,0,255,255,129,73,92,89,125,0,0,88,124,0,0,0,0,119,0,0.48828125,0,12.9,33,52,89,125,0,88,124,0
43,102,FF;FF;FF;FF;FF;2;18;71;17;0;0;19;0;FF;FF;81;49;5C;59;7D;0;0;58;7C;0;0;0;0;77,FF;FF;FF;FF;FF;02;18;71;17;00;00;19;00;FF;FF;81;49;5C;59;7D;00;00;58;7C;00;00;00;00;77,True,,True,4300.0,True,,True,255,255,255,255,255,2,24,113,23,0,0,25,0,255,255,129,73,92,89,125,0,0,88,124,0,0,0,0,119,0,0.48828125,0,12.9,33,52,89,125,0,88,124,0
44,104,FF;FF;FF;FF;FF;2;18;71;17;0;0;19;0;FF;FF;81;49;5C;59;7D;0;0;58;7C;0;0;0;0;77,FF;FF;FF;FF;FF;02;18;71;17;00;00;19;00;FF;FF;81;49;5C;59;7D;00;00;58;7C;00;00;00;00;77,True,,True,4400.0,True,,True,255,255,255,255,255,2,24,113,23,0,0,25,0,255,255,129,73,92,89,125,0,0,88,124,0,0,0,0,119,0,0.48828125,0,12.9,33,52,89,125,0,88,124,0
45,106,FF;FF;FF;FF;FF;2;18;71;17;0;0;19;0;FF;FF;81;49;5C;59;7D;0;0;58;7C;0;0;0;0;77,FF;FF;FF;FF;FF;02;18;71;17;00;00;19;00;FF;FF;81;49;5C;59;7D;00;00;58;7C;00;00;00;00;77,True,,True,4500.0,True,,True,255,255,255,255,255,2,24,113,23,0,0,25,0,255,255,129,73,92,89,125,0,0,88,124,0,0,0,0,119,0,0.48828125,0,12.9,33,52,89,125,0,88,124,0
46,108,FF;FF;FF;FF;FF;2;18;71;17;0;0;19;0;FF;FF;81;49;5C;59;7D;0;0;58;7C;0;0;0;0;77,FF;FF;FF;FF;FF;02;18;71;17;00;00;19;00;FF;FF;81;49;5C;59;7D;00;00;58;7C;00;00;00;00;77,True,,True,4600.0,True,,True,255,255,255,255,255,2,24,113,23,0,0,25,0,255,255,129,73,92,89,125,0,0,88,124,0,0,0,0,119,0,0.48828125,0,12.9,33,52,89,125,0,88,124,0
47,110,FF;FF;FF;FF;FF;2;18;71;17;0;0;19;0;FF;FF;81;49;5C;59;7D;0;0;58;7C;0;0;0;0;77,FF;FF;FF;FF;FF;02;18;71;17;00;00;19;00;FF;FF;81;49;5C;59;7D;00;00;58;7C;00;00;00;00;77,True,,True,4700.0,True,,True,255,255,255,255,255,2,24,113,23,0,0,25,0,255,255,129,73,92,89,125,0,0,88,124,0,0,0,0,119,0,0.48828125,0,12.9,33,52,89,125,0,88,124,0
48,112,FF;FF;FF;FF;FF;2;18;71;17;0;0;19;0;FF;FF;81;49;5C;59;7D;0;0;58;7C;0;0;0;0;77,FF;FF;FF;FF;FF;02;18;71;17;00;00;19;00;FF;FF;81;49;5C;59;7D;00;00;58;7C;00;00;00;00;77,True,,True,4800.0,True,,True,255,255,255,255,255,2,24,113,23,0,0,25,0,255,255,129,73,92,89,125,0,0,88,124,0,0,0,0,119,0,0.48828125,0,12.9,33,52,89,125,0,88,124,0
49,114,FF;FF;FF;FF;FF;2;18;71;17;0;0;19;0;FF;FF;81;49;5C;59;7D;0;0;58;7C;0;0;0;0;77,FF;FF;FF;FF;FF;02;18;71;17;00;00;19;00;FF;FF;81;49;5C;59;7D;00;00;58;7C;00;00;00;00;77,True,,True,4900.0,True,,True,255,255,255,255,255,2,24,113,23,0,0,25,0,255,255,129,73,92,89,125,0,0,88,124,0,0,0,0,119,0,0.48828125,0,12.9,33,52,89,125,0,88,124,0
50,116,FF;FF;FF;FF;FF;2;18;71;17;0;0;19;0;FF;FF;81;49;5C;59;7D;0;0;58;7C;0;0;0;0;77,FF;FF;FF;FF;FF;02;18;71;17;00;00;19;00;FF;FF;81;49;5C;59;7D;00;00;58;7C;00;00;00;00;77,True,,True,5000.0,True,,True,255,255,255,255,255,2,24,113,23,0,0,25,0,255,255,129,73,92,89,125,0,0,88,124,0,0,0,0,119,0,0.48828125,0,12.9,33,52,89,125,0,88,124,0
51,118,FF;FF;FF;FF;FF;2;18;71;17;0;0;19;0;FF;FF;81;49;5C;59;7D;0;0;58;7C;0;0;0;0;77,FF;FF;FF;FF;FF;02;18;71;17;00;00;19;00;FF;FF;81;49;5C;59;7D;00;00;58;7C;00;00;00;00;77,True,,True,5100.0,True,,True,255,255,255,255,255,2,24,113,23,0,0,25,0,255,255,129,73,92,89,125,0,0,88,124,0,0,0,0,119,0,0.48828125,0,12.9,33,52,89,125,0,88,124,0
52,120,FF;FF;FF;FF;FF;2;18;71;17;0;0;19;0;FF;FF;81;49;5C;59;7D;0;0;58;7C;0;0;0;0;77,FF;FF;FF;FF;FF;02;18;71;17;00;00;19;00;FF;FF;81;49;5C;59;7D;00;00;58;7C;00;00;00;00;77,True,,True,5200.0,True,,True,255,255,255,255,255,2,24,113,23,0,0,25,0,255,255,129,73,92,89,125,0,0,88,124,0,0,0,0,119,0,0.48828125,0,12.9,33,52,89,125,0,88,124,0
53,122,FF;FF;FF;FF;FF;2;18;71;17;0;0;19;0;FF;FF;81;49;5C;59;7D;0;0;58;7C;0;0;0;0;77,FF;FF;FF;FF;FF;02;18;71;17;00;00;19;00;FF;FF;81;49;5C;59;7D;00;00;58;7C;00;00;00;00;77,True,,True,5300.0,True,,True,255,255,255,255,255,2,24,113,23,0,0,25,0,255,255,129,73,92,89,125,0,0,88,124,0,0,0,0,119,0,0.48828125,0,12.9,33,52,89,125,0,88,124,0
54,124,FF;FF;FF;FF;FF;2;18;71;17;0;0;19;0;FF;FF;81;49;5C;59;7D;0;0;58;7C;0;0;0;0;77,FF;FF;FF;FF;FF;02;18;71;17;00;00;19;00;FF;FF;81;49;5C;59;7D;00;00;58;7C;00;00;00;00;77,True,,True,5400.0,True,,True,255,255,255,255,255,2,24,113,23,0,0,25,0,255,255,129,73,92,89,125,0,0,88,124,0,0,0,0,119,0,0.48828125,0,12.9,33,52,89,125,0,88,124,0
55,126,FF;FF;FF;FF;FF;2;18;71;17;0;0;19;0;FF;FF;81;49;5C;59;7D;0;0;58;7C;0;0;0;0;77,FF;FF;FF;FF;FF;02;18;71;17;00;00;19;00;FF;FF;81;49;5C;59;7D;00;00;58;7C;00;00;00;00;77,True,,True,5500.0,True,,True,255,255,255,255,255,2,24,113,23,0,0,25,0,255,255,129,73,92,89,125,0,0,88,124,0,0,0,0,119,0,0.48828125,0,12.9,33,52,89,125,0,88,124,0
56,128,FF;FF;FF;FF;FF;2;18;71;17;0;0;19;0;FF;FF;81;49;5C;59;7D;0;0;58;7C;0;0;0;0;77,FF;FF;FF;FF;FF;02;18;71;17;00;00;19;00;FF;FF;81;49;5C;59;7D;00;00;58;7C;00;00;00;00;77,True,,True,5600.0,True,,True,255,255,255,255,255,2,24,113,23,0,0,25,0,255,255,129,73,92,89,125,0,0,88,124,0,0,0,0,119,0,0.48828125,0,12.9,33,52,89,125,0,88,124,0
57,130,FF;FF;FF;FF;FF;2;18;71;17;0;0;19;0;FF;FF;81;49;5C;59;7D;0;0;58;7C;0;0;0;0;77,FF;FF;FF;FF;FF;02;18;71;17;00;00;19;00;FF;FF;81;49;5C;59;7D;00;00;58;7C;00;00;00;00;77,True,,True,5700.0,True,,True,255,255,255,255,255,2,24,113,23,0,0,25,0,255,255,129,73,92,89,125,0,0,88,124,0,0,0,0,119,0,0.48828125,0,12.9,33,52,89,125,0,88,124,0
58,132,FF;FF;FF;FF;FF;2;18;71;17;0;0;19;0;FF;FF;81;49;5C;59;7D;0;0;58;7C;0;0;0;0;77,FF;FF;FF;FF;FF;02;18;71;17;00;00;19;00;FF;FF;81;49;5C;59;7D;00;00;58;7C;00;00;00;00;77,True,,True,5800.0,True,,True,255,255,255,255,255,2,24,113,23,0,0,25,0,255,255,129,73,92,89,125,0,0,88,124,0,0,0,0,119,0,0.48828125,0,12.9,33,52,89,125,0,88,124,0
59,134,FF;FF;FF;FF;FF;2;18;71;17;0;0;19;0;FF;FF;81;49;5C;59;7D;0;0;58;7C;0;0;0;0;77,FF;FF;FF;FF;FF;02;18;71;17;00;00;19;00;FF;FF;81;49;5C;59;7D;00;00;58;7C;00;00;00;00;77,True,,True,5900.0,True,,True,255,255,255,255,255,2,24,113,23,0,0,25,0,255,255,129,73,92,89,125,0,0,88,124,0,0,0,0,119,0,0.48828125,0,12.9,33,52,89,125,0,88,124,0
60,136,FF;FF;FF;FF;FF;2;18;71;17;0;0;19;0;FF;FF;81;49;5C;59;7D;0;0;58;7C;0;0;0;0;77,FF;FF;FF;FF;FF;02;18;71;17;00;00;19;00;FF;FF;81;49;5C;59;7D;00;00;58;7C;00;00;00;00;77,True,,True,6000.0,True,,True,255,255,255,255,255,2,24,113,23,0,0,25,0,255,255,129,73,92,89,125,0,0,88,124,0,0,0,0,119,0,0.48828125,0,12.9,33,52,89,125,0,88,124,0
61,138,FF;FF;FF;FF;FF;2;18;71;17;0;0;19;0;FF;FF;81;49;5C;59;7D;0;0;58;7C;0;0;0;0;77,FF;FF;FF;FF;FF;02;18;71;17;00;00;19;00;FF;FF;81;49;5C;59;7D;00;00;58;7C;00;00;00;00;77,True,,True,6100.0,True,,True,255,255,255,255,255,2,24,113,23,0,0,25,0,255,255,129,73,92,89,125,0,0,88,124,0,0,0,0,119,0,0.48828125,0,12.9,33,52,89,125,0,88,124,0
62,140,FF;FF;FF;FF;FF;2;18;71;17;0;0;19;0;FF;FF;81;49;5C;59;7D;0;0;58;7C;0;0;0;0;77,FF;FF;FF;FF;FF;02;18;71;17;00;00;19;00;FF;FF;81;49;5C;59;7D;00;00;58;7C;00;00;00;00;77,True,,True,6200.0,True,,True,255,255,255,255,255,2,24,113,23,0,0,25,0,255,255,129,73,92,89,125,0,0,88,124,0,0,0,0,119,0,0.48828125,0,12.9,33,52,89,125,0,88,124,0
63,142,FF;FF;FF;FF;FF;2;18;71;17;0;0;19;0;FF;FF;81;49;5C;59;7D;0;0;58;7C;0;0;0;0;77,FF;FF;FF;FF;FF;02;18;71;17;00;00;19;00;FF;FF;81;49;5C;59;7D;00;00;58;7C;00;00;00;00;77,True,,True,6300.0,True,,True,255,255,255,255,255,2,24,113,23,0,0,25,0,255,255,129,73,92,89,125,0,0,88,124,0,0,0,0,119,0,0.48828125,0,12.9,33,52,89,125,0,88,124,0
64,144,FF;FF;FF;FF;FF;2;18;71;17;0;0;19;0;FF;FF;81;49;5C;59;7D;0;0;58;7C;0;0;0;0;77,FF;FF;FF;FF;FF;02;18;71;17;00;00;19;00;FF;FF;81;49;5C;59;7D;00;00;58;7C;00;00;00;00;77,True,,True,6400.0,True,,True,255,255,255,255,255,2,24,113,23,0,0,25,0,255,255,129,73,92,89,125,0,0,88,124,0,0,0,0,119,0,0.48828125,0,12.9,33,52,89,125,0,88,124,0
65,146,FF;FF;FF;FF;FF;2;18;71;17;0;0;19;0;FF;FF;81;49;5C;59;7D;0;0;58;7C;0;0;0;0;77,FF;FF;FF;FF;FF;02;18;71;17;00;00;19;00;FF;FF;81;49;5C;59;7D;00;00;58;7C;00;00;00;00;77,True,,True,6500.0,True,,True,255,255,255,255,255,2,24,113,23,0,0,25,0,255,255,129,73,92,89,125,0,0,88,124,0,0,0,0,119,0,0.48828125,0,12.9,33,52,89,125,0,88,124,0
66,148,FF;FF;FF;FF;FF;2;18;71;17;0;0;19;0;FF;FF;81;49;5C;59;7D;0;0;58;7C;0;0;0;0;77,FF;FF;FF;FF;FF;02;18;71;17;00;00;19;00;FF;FF;81;49;5C;59;7D;00;00;58;7C;00;00;00;00;77,True,,True,6600.0,True,,True,255,255,255,255,255,2,24,113,23,0,0,25,0,255,255,129,73,92,89,125,0,0,88,124,0,0,0,0,119,0,0.48828125,0,12.9,33,52,89,125,0,88,124,0
67,150,FF;FF;FF;FF;FF;2;18;71;17;0;0;19;0;FF;FF;81;49;5C;59;7D;0;0;58;7C;0;0;0;0;77,FF;FF;FF;FF;FF;02;18;71;17;00;00;19;00;FF;FF;81;49;5C;59;7D;00;00;58;7C;00;00;00;00;77,True,,True,6700.0,True,,True,255,255,255,255,255,2,24,113,23,0,0,25,0,255,255,129,73,92,89,125,0,0,88,124,0,0,0,0,119,0,0.48828125,0,12.9,33,52,89,125,0,88,124,0
68,152,FF;FF;FF;FF;FF;2;18;71;17;0;0;19;0;FF;FF;81;49;5C;59;7D;0;0;58;7C;0;0;0;0;77,FF;FF;FF;FF;FF;02;18;71;17;00;00;19;00;FF;FF;81;49;5C;59;7D;00;00;58;7C;00;00;00;00;77,True,,True,6800.0,True,,True,255,255,255,255,255,2,24,113,23,0,0,25,0,255,255,129,73,92,89,125,0,0,88,124,0,0,0,0,119,0,0.48828125,0,12.9,33,52,89,125,0,88,124,0
69,154,FF;FF;FF;FF;FF;2;18;71;17;0;0;19;0;FF;FF;81;49;5C;59;7D;0;0;58;7C;0;0;0;0;77,FF;FF;FF;FF;FF;02;18;71;17;00;00;19;00;FF;FF;81;49;5C;59;7D;00;00;58;7C;00;00;00;00;77,True,,True,6900.0,True,,True,255,255,255,255,255,2,24,113,23,0,0,25,0,255,255,129,73,92,89,125,0,0,88,124,0,0,0,0,119,0,0.48828125,0,12.9,33,52,89,125,0,88,124,0
70,156,FF;FF;FF;FF;FF;2;18;71;17;0;0;19;0;FF;FF;81;49;5C;59;7D;0;0;58;7C;0;0;0;0;77,FF;FF;FF;FF;FF;02;18;71;17;00;00;19;00;FF;FF;81;49;5C;59;7D;00;00;58;7C;00;00;00;00;77,True,,True,7000.0,True,,True,255,255,255,255,255,2,24,113,23,0,0,25,0,255,255,129,73,92,89,125,0,0,88,124,0,0,0,0,119,0,0.48828125,0,12.9,33,52,89,125,0,88,124,0
71,158,FF;FF;FF;FF;FF;2;18;71;17;0;0;19;0;FF;FF;81;49;5C;59;7D;0;0;58;7C;0;0;0;0;77,FF;FF;FF;FF;FF;02;18;71;17;00;00;19;00;FF;FF;81;49;5C;59;7D;00;00;58;7C;00;00;00;00;77,True,,True,7100.0,True,,True,255,255,255,255,255,2,24,113,23,0,0,25,0,255,255,129,73,92,89,125,0,0,88,124,0,0,0,0,119,0,0.48828125,0,12.9,33,52,89,125,0,88,124,0
72,160,FF;FF;FF;FF;FF;2;18;71;17;0;0;19;0;FF;FF;81;49;5C;59;7D;0;0;58;7C;0;0;0;0;77,FF;FF;FF;FF;FF;02;18;71;17;00;00;19;00;FF;FF;81;49;5C;59;7D;00;00;58;7C;00;00;00;00;77,True,,True,7200.0,True,,True,255,255,255,255,255,2,24,113,23,0,0,25,0,255,255,129,73,92,89,125,0,0,88,124,0,0,0,0,119,0,0.48828125,0,12.9,33,52,89,125,0,88,124,0
73,162,FF;FF;FF;FF;FF;2;18;71;17;0;0;19;0;FF;FF;81;49;5C;59;7D;0;0;58;7C;0;0;0;0;77,FF;FF;FF;FF;FF;02;18;71;17;00;00;19;00;FF;FF;81;49;5C;59;7D;00;00;58;7C;00;00;00;00;77,True,,True,7300.0,True,,True,255,255,255,255,255,2,24,113,23,0,0,25,0,255,255,129,73,92,89,125,0,0,88,124,0,0,0,0,119,0,0.48828125,0,12.9,33,52,89,125,0,88,124,0
74,164,FF;FF;FF;FF;FF;2;18;71;17;0;0;19;0;FF;FF;81;49;5C;59;7D;0;0;58;7C;0;0;0;0;77,FF;FF;FF;FF;FF;02;18;71;17;00;00;19;00;FF;FF;81;49;5C;59;7D;00;00;58;7C;00;00;00;00;77,True,,True,7400.0,True,,True,255,255,255,255,255,2,24,113,23,0,0,25,0,255,255,129,73,92,89,125,0,0,88,124,0,0,0,0,119,0,0.48828125,0,12.9,33,52,89,125,0,88,124,0
75,166,FF;FF;FF;FF;FF;2;18;71;17;0;0;19;0;FF;FF;81;49;5C;59;7D;0;0;58;7C;0;0;0;0;77,FF;FF;FF;FF;FF;02;18;71;17;00;00;19;00;FF;FF;81;49;5C;59;7D;00;00;58;7C;00;00;00;00;77,True,,True,7500.0,True,,True,255,255,255,255,255,2,24,113,23,0,0,25,0,255,255,129,73,92,89,125,0,0,88,124,0,0,0,0,119,0,0.48828125,0,12.9,33,52,89,125,0,88,124,0
76,168,FF;FF;FF;FF;FF;2;18;71;17;0;0;19;0;FF;FF;81;49;5C;59;7D;0;0;58;7C;0;0;0;0;77,FF;FF;FF;FF;FF;02;18;71;17;00;00;19;00;FF;FF;81;49;5C;59;7D;00;00;58;7C;00;00;00;00;77,True,,True,7600.0,True,,True,255,255,255,255,255,2,24,113,23,0,0,25,0,255,255,129,73,92,89,125,0,0,88,124,0,0,0,0,119,0,0.48828125,0,12.9,33,52,89,125,0,88,124,0
77,170,FF;FF;FF;FF;FF;2;18;71;17;0;0;19;0;FF;FF;81;49;5C;59;7D;0;0;58;7C;0;0;0;0;77,FF;FF;FF;FF;FF;02;18;71;17;00;00;19;00;FF;FF;81;49;5C;59;7D;00;00;58;7C;00;00;00;00;77,True,,True,7700.0,True,,True,255,255,255,255,255,2,24,113,23,0,0,25,0,255,255,129,73,92,89,125,0,0,88,124,0,0,0,0,119,0,0.48828125,0,12.9,33,52,89,125,0,88,124,0
78,172,FF;FF;FF;FF;FF;2;18;71;17;0;0;19;0;FF;FF;81;49;5C;59;7D;0;0;58;7C;0;0;0;0;77,FF;FF;FF;FF;FF;02;18;71;17;00;00;19;00;FF;FF;81;49;5C;59;7D;00;00;58;7C;00;00;00;00;77,True,,True,7800.0,True,,True,255,255,255,255,255,2,24,113,23,0,0,25,0,255,255,129,73,92,89,125,0,0,88,124,0,0,0,0,119,0,0.48828125,0,12.9,33,52,89,125,0,88,124,0
79,174,FF;FF;FF;FF;FF;2;18;71;17;0;0;19;0;FF;FF;81;49;5C;59;7D;0;0;58;7C;0;0;0;0;77,FF;FF;FF;FF;FF;02;18;71;17;00;00;19;00;FF;FF;81;49;5C;59;7D;00;00;58;7C;00;00;00;00;77,True,,True,7900.0,True,,True,255,255,255,255,255,2,24,113,23,0,0,25,0,255,255,129,73,92,89,125,0,0,88,124,0,0,0,0,119,0,0.48828125,0,12.9,33,52,89,125,0,88,124,0
80,176,FF;FF;FF;FF;FF;2;18;71;17;0;0;19;0;FF;FF;81;49;5C;59;7D;0;0;58;7C;0;0;0;0;77,FF;FF;FF;FF;FF;02;18;71;17;00;00;19;00;FF;FF;81;49;5C;59;7D;00;00;58;7C;00;00;00;00;77,True,,True,8000.0,True,,True,255,255,255,255,255,2,24,113,23,0,0,25,0,255,255,129,73,92,89,125,0,0,88,124,0,0,0,0,119,0,0.48828125,0,12.9,33,52,89,125,0,88,124,0
81,178,FF;FF;FF;FF;FF;2;18;71;17;0;0;19;0;FF;FF;81;49;5C;59;7D;0;0;58;7C;0;0;0;0;77,FF;FF;FF;FF;FF;02;18;71;17;00;00;19;00;FF;FF;81;49;5C;59;7D;00;00;58;7C;00;00;00;00;77,True,,True,8100.0,True,,True,255,255,255,255,255,2,24,113,23,0,0,25,0,255,255,129,73,92,89,125,0,0,88,124,0,0,0,0,119,0,0.48828125,0,12.9,33,52,89,125,0,88,124,0
82,180,FF;FF;FF;FF;FF;2;18;71;17;0;0;19;0;FF;FF;81;49;5C;59;7D;0;0;58;7C;0;0;0;0;77,FF;FF;FF;FF;FF;02;18;71;17;00;00;19;00;FF;FF;81;49;5C;59;7D;00;00;58;7C;00;00;00;00;77,True,,True,8200.0,True,,True,255,255,255,255,255,2,24,113,23,0,0,25,0,255,255,129,73,92,89,125,0,0,88,124,0,0,0,0,119,0,0.48828125,0,12.9,33,52,89,125,0,88,124,0
83,182,FF;FF;FF;FF;FF;2;18;71;17;0;0;19;0;FF;FF;81;49;5C;59;7D;0;0;58;7C;0;0;0;0;77,FF;FF;FF;FF;FF;02;18;71;17;00;00;19;00;FF;FF;81;49;5C;59;7D;00;00;58;7C;00;00;00;00;77,True,,True,8300.0,True,,True,255,255,255,255,255,2,24,113,23,0,0,25,0,255,255,129,73,92,89,125,0,0,88,124,0,0,0,0,119,0,0.48828125,0,12.9,33,52,89,125,0,88,124,0
84,184,FF;FF;FF;FF;FF;2;18;71;17;0;0;19;0;FF;FF;81;49;5C;59;7D;0;0;58;7C;0;0;0;0;77,FF;FF;FF;FF;FF;02;18;71;17;00;00;19;00;FF;FF;81;49;5C;59;7D;00;00;58;7C;00;00;00;00;77,True,,True,8400.0,True,,True,255,255,255,255,255,2,24,113,23,0,0,25,0,255,255,129,73,92,89,125,0,0,88,124,0,0,0,0,119,0,0.48828125,0,12.9,33,52,89,125,0,88,124,0
85,186,FF;FF;FF;FF;FF;2;18;71;17;0;0;19;0;FF;FF;81;49;5C;59;7D;0;0;58;7C;0;0;0;0;77,FF;FF;FF;FF;FF;02;18;71;17;00;00;19;00;FF;FF;81;49;5C;59;7D;00;00;58;7C;00;00;00;00;77,True,,True,8500.0,True,,True,255,255,255,255,255,2,24,113,23,0,0,25,0,255,255,129,73,92,89,125,0,0,88,124,0,0,0,0,119,0,0.48828125,0,12.9,33,52,89,125,0,88,124,0
86,188,FF;FF;FF;FF;FF;2;18;71;17;0;0;19;0;FF;FF;81;49;5C;59;7D;0;0;58;7C;0;0;0;0;77,FF;FF;FF;FF;FF;02;18;71;17;00;00;19;00;FF;FF;81;49;5C;59;7D;00;00;58;7C;00;00;00;00;77,True,,True,8600.0,True,,True,255,255,255,255,255,2,24,113,23,0,0,25,0,255,255,129,73,92,89,125,0,0,88,124,0,0,0,0,119,0,0.48828125,0,12.9,33,52,89,125,0,88,124,0
87,190,FF;FF;FF;FF;FF;2;18;71;17;0;0;19;0;FF;FF;81;49;5C;59;7D;0;0;58;7C;0;0;0;0;77,FF;FF;FF;FF;FF;02;18;71;17;00;00;19;00;FF;FF;81;49;5C;59;7D;00;00;58;7C;00;00;00;00;77,True,,True,8700.0,True,,True,255,255,255,255,255,2,24,113,23,0,0,25,0,255,255,129,73,92,89,125,0,0,88,124,0,0,0,0,119,0,0.48828125,0,12.9,33,52,89,125,0,88,124,0
88,192,FF;FF;FF;FF;FF;2;18;71;17;0;0;19;0;FF;FF;81;49;5C;59;7D;0;0;58;7C;0;0;0;0;77,FF;FF;FF;FF;FF;02;18;71;17;00;00;19;00;FF;FF;81;49;5C;59;7D;00;00;58;7C;00;00;00;00;77,True,,True,8800.0,True,,True,255,255,255,255,255,2,24,113,23,0,0,25,0,255,255,129,73,92,89,125,0,0,88,124,0,0,0,0,119,0,0.48828125,0,12.9,33,52,89,125,0,88,124,0
89,194,FF;FF;FF;FF;FF;2;18;71;17;0;0;19;0;FF;FF;81;49;5C;59;7D;0;0;58;7C;0;0;0;0;77,FF;FF;FF;FF;FF;02;18;71;17;00;00;19;00;FF;FF;81;49;5C;59;7D;00;00;58;7C;00;00;00;00;77,True,,True,8900.0,True,,True,255,255,255,255,255,2,24,113,23,0,0,25,0,255,255,129,73,92,89,125,0,0,88,124,0,0,0,0,119,0,0.48828125,0,12.9,33,52,89,125,0,88,124,0
90,196,FF;FF;FF;FF;FF;2;18;71;17;0;0;19;0;FF;FF;81;49;5C;59;7D;0;0;58;7C;0;0;0;0;77,FF;FF;FF;FF;FF;02;18;71;17;00;00;19;00;FF;FF;81;49;5C;59;7D;00;00;58;7C;00;00;00;00;77,True,,True,9000.0,True,,True,255,255,255,255,255,2,24,113,23,0,0,25,0,255,255,129,73,92,89,125,0,0,88,124,0,0,0,0,119,0,0.48828125,0,12.9,33,52,89,125,0,88,124,0
91,198,FF;FF;FF;FF;FF;2;18;71;17;0;0;19;0;FF;FF;81;49;5C;59;7D;0;0;58;7C;0;0;0;0;77,FF;FF;FF;FF;FF;02;18;71;17;00;00;19;00;FF;FF;81;49;5C;59;7D;00;00;58;7C;00;00;00;00;77,True,,True,9100.0,True,,True,255,255,255,255,255,2,24,113,23,0,0,25,0,255,255,129,73,92,89,125,0,0,88,124,0,0,0,0,119,0,0.48828125,0,12.9,33,52,89,125,0,88,124,0
92,200,FF;FF;FF;FF;FF;2;18;71;17;0;0;19;0;FF;FF;81;49;5C;59;7D;0;0;58;7C;0;0;0;0;77,FF;FF;FF;FF;FF;02;18;71;17;00;00;19;00;FF;FF;81;49;5C;59;7D;00;00;58;7C;00;00;00;00;77,True,,True,9200.0,True,,True,255,255,255,255,255,2,24,113,23,0,0,25,0,255,255,129,73,92,89,125,0,0,88,124,0,0,0,0,119,0,0.48828125,0,12.9,33,52,89,125,0,88,124,0
93,202,FF;FF;FF;FF;FF;2;18;71;17;0;0;19;0;FF;FF;81;49;5C;59;7D;0;0;58;7C;0;0;0;0;77,FF;FF;FF;FF;FF;02;18;71;17;00;00;19;00;FF;FF;81;49;5C;59;7D;00;00;58;7C;00;00;00;00;77,True,,True,9300.0,True,,True,255,255,255,255,255,2,24,113,23,0,0,25,0,255,255,129,73,92,89,125,0,0,88,124,0,0,0,0,119,0,0.48828125,0,12.9,33,52,89,125,0,88,124,0
94,204,FF;FF;FF;FF;FF;2;18;71;17;0;0;19;0;FF;FF;81;49;5C;59;7D;0;0;58;7C;0;0;0;0;77,FF;FF;FF;FF;FF;02;18;71;17;00;00;19;00;FF;FF;81;49;5C;59;7D;00;00;58;7C;00;00;00;00;77,True,,True,9400.0,True,,True,255,255,255,255,255,2,24,113,23,0,0,25,0,255,255,129,73,92,89,125,0,0,88,124,0,0,0,0,119,0,0.48828125,0,12.9,33,52,89,125,0,88,124,0
95,206,FF;FF;FF;FF;FF;2;18;71;17;0;0;19;0;FF;FF;81;49;5C;59;7D;0;0;58;7C;0;0;0;0;77,FF;FF;FF;FF;FF;02;18;71;17;00;00;19;00;FF;FF;81;49;5C;59;7D;00;00;58;7C;00;00;00;00;77,True,,True,9500.0,True,,True,255,255,255,255,255,2,24,113,23,0,0,25,0,255,255,129,73,92,89,125,0,0,88,124,0,0,0,0,119,0,0.48828125,0,12.9,33,52,89,125,0,88,124,0
96,208,FF;FF;FF;FF;FF;2;18;71;17;0;0;19;0;FF;FF;81;49;5C;59;7D;0;0;58;7C;0;0;0;0;77,FF;FF;FF;FF;FF;02;18;71;17;00;00;19;00;FF;FF;81;49;5C;59;7D;00;00;58;7C;00;00;00;00;77,True,,True,9600.0,True,,True,255,255,255,255,255,2,24,113,23,0,0,25,0,255,255,129,73,92,89,125,0,0,88,124,0,0,0,0,119,0,0.48828125,0,12.9,33,52,89,125,0,88,124,0
97,210,FF;FF;FF;FF;FF;2;18;71;17;0;0;19;0;FF;FF;81;49;5C;59;7D;0;0;58;7C;0;0;0;0;77,FF;FF;FF;FF;FF;02;18;71;17;00;00;19;00;FF;FF;81;49;5C;59;7D;00;00;58;7C;00;00;00;00;77,True,,True,9700.0,True,,True,255,255,255,255,255,2,24,113,23,0,0,25,0,255,255,129,73,92,89,125,0,0,88,124,0,0,0,0,119,0,0.48828125,0,12.9,33,52,89,125,0,88,124,0
98,212,FF;FF;FF;FF;FF;2;18;71;17;0;0;19;0;FF;FF;81;49;5C;59;7D;0;0;58;7C;0;0;0;0;77,FF;FF;FF;FF;FF;02;18;71;17;00;00;19;00;FF;FF;81;49;5C;59;7D;00;00;58;7C;00;00;00;00;77,True,,True,9800.0,True,,True,255,255,255,255,255,2,24,113,23,0,0,25,0,255,255,129,73,92,89,125,0,0,88,124,0,0,0,0,119,0,0.48828125,0,12.9,33,52,89,125,0,88,124,0
99,214,FF;FF;FF;FF;FF;2;18;71;17;0;0;19;0;FF;FF;81;49;5C;59;7D;0;0;58;7C;0;0;0;0;77,FF;FF;FF;FF;FF;02;18;71;17;00;00;19;00;FF;FF;81;49;5C;59;7D;00;00;58;7C;00;00;00;00;77,True,,True,9900.0,True,,True,255,255,255,255,255,2,24,113,23,0,0,25,0,255,255,129,73,92,89,125,0,0,88,124,0,0,0,0,119,0,0.48828125,0,12.9,33,52,89,125,0,88,124,0
100,216,FF;FF;FF;FF;FF;2;18;71;17;0;0;19;0;FF;FF;81;49;5C;59;7D;0;0;58;7C;0;0;0;0;77,FF;FF;FF;FF;FF;02;18;71;17;00;00;19;00;FF;FF;81;49;5C;59;7D;00;00;58;7C;00;00;00;00;77,True,,True,10000.0,True,,True,255,255,255,255,255,2,24,113,23,0,0,25,0,255,255,129,73,92,89,125,0,0,88,124,0,0,0,0,119,0,0.48828125,0,12.9,33,52,89,125,0,88,124,0
101,218,FF;FF;FF;FF;FF;2;18;71;17;0;0;19;0;FF;FF;81;49;5C;59;7D;0;0;58;7C;0;0;0;0;77,FF;FF;FF;FF;FF;02;18;71;17;00;00;19;00;FF;FF;81;49;5C;59;7D;00;00;58;7C;00;00;00;00;77,True,,True,10100.0,True,,True,255,255,255,255,255,2,24,113,23,0,0,25,0,255,255,129,73,92,89,125,0,0,88,124,0,0,0,0,119,0,0.48828125,0,12.9,33,52,89,125,0,88,124,0
102,220,FF;FF;FF;FF;FF;2;18;71;17;0;0;19;0;FF;FF;81;49;5C;59;7D;0;0;58;7C;0;0;0;0;77,FF;FF;FF;FF;FF;02;18;71;17;00;00;19;00;FF;FF;81;49;5C;59;7D;00;00;58;7C;00;00;00;00;77,True,,True,10200.0,True,,True,255,255,255,255,255,2,24,113,23,0,0,25,0,255,255,129,73,92,89,125,0,0,88,124,0,0,0,0,119,0,0.48828125,0,12.9,33,52,89,125,0,88,124,0
103,222,FF;FF;FF;FF;FF;2;18;71;17;0;0;19;0;FF;FF;81;49;5C;59;7D;0;0;58;7C;0;0;0;0;77,FF;FF;FF;FF;FF;02;18;71;17;00;00;19;00;FF;FF;81;49;5C;59;7D;00;00;58;7C;00;00;00;00;77,True,,True,10300.0,True,,True,255,255,255,255,255,2,24,113,23,0,0,25,0,255,255,129,73,92,89,125,0,0,88,124,0,0,0,0,119,0,0.48828125,0,12.9,33,52,89,125,0,88,124,0
104,224,FF;FF;FF;FF;FF;2;18;71;17;0;0;19;0;FF;FF;81;49;5C;59;7D;0;0;58;7C;0;0;0;0;77,FF;FF;FF;FF;FF;02;18;71;17;00;00;19;00;FF;FF;81;49;5C;59;7D;00;00;58;7C;00;00;00;00;77,True,,True,10400.0,True,,True,255,255,255,255,255,2,24,113,23,0,0,25,0,255,255,129,73,92,89,125,0,0,88,124,0,0,0,0,119,0,0.48828125,0,12.9,33,52,89,125,0,88,124,0
105,226,FF;FF;FF;FF;FF;2;18;71;17;0;0;19;0;FF;FF;81;49;5C;59;7D;0;0;58;7C;0;0;0;0;77,FF;FF;FF;FF;FF;02;18;71;17;00;00;19;00;FF;FF;81;49;5C;59;7D;00;00;58;7C;00;00;00;00;77,True,,True,10500.0,True,,True,255,255,255,255,255,2,24,113,23,0,0,25,0,255,255,129,73,92,89,125,0,0,88,124,0,0,0,0,119,0,0.48828125,0,12.9,33,52,89,125,0,88,124,0
106,228,FF;FF;FF;FF;FF;2;18;71;17;0;0;19;0;FF;FF;81;49;5C;59;7D;0;0;58;7C;0;0;0;0;77,FF;FF;FF;FF;FF;02;18;71;17;00;00;19;00;FF;FF;81;49;5C;59;7D;00;00;58;7C;00;00;00;00;77,True,,True,10600.0,True,,True,255,255,255,255,255,2,24,113,23,0,0,25,0,255,255,129,73,92,89,125,0,0,88,124,0,0,0,0,119,0,0.48828125,0,12.9,33,52,89,125,0,88,124,0
107,230,FF;FF;FF;FF;FF;2;18;71;17;0;0;19;0;FF;FF;81;49;5C;59;7D;0;0;58;7C;0;0;0;0;77,FF;FF;FF;FF;FF;02;18;71;17;00;00;19;00;FF;FF;81;49;5C;59;7D;00;00;58;7C;00;00;00;00;77,True,,True,10700.0,True,,True,255,255,255,255,255,2,24,113,23,0,0,25,0,255,255,129,73,92,89,125,0,0,88,124,0,0,0,0,119,0,0.48828125,0,12.9,33,52,89,125,0,88,124,0
108,232,FF;FF;FF;FF;FF;2;18;71;17;0;0;19;0;FF;FF;81;49;5C;59;7B;0;0;58;7C;0;0;0;0;79,FF;FF;FF;FF;FF;02;18;71;17;00;00;19;00;FF;FF;81;49;5C;59;7B;00;00;58;7C;00;00;00;00;79,True,,True,10800.0,True,,True,255,255,255,255,255,2,24,113,23,0,0,25,0,255,255,129,73,92,89,123,0,0,88,124,0,0,0,0,121,0,0.48828125,0,12.9,33,52,89,123,0,88,124,0
109,234,FF;FF;FF;FF;FF;2;18;71;17;0;0;19;0;FF;FF;81;49;5C;59;7C;0;0;58;7C;0;0;0;0;78,FF;FF;FF;FF;FF;02;18;71;17;00;00;19;00;FF;FF;81;49;5C;59;7C;00;00;58;7C;00;00;00;00;78,True,,True,10900.0,True,,True,255,255,255,255,255,2,24,113,23,0,0,25,0,255,255,129,73,92,89,124,0,0,88,124,0,0,0,0,120,0,0.48828125,0,12.9,33,52,89,124,0,88,124,0
110,236,FF;FF;FF;FF;FF;2;18;71;17;0;0;19;0;FF;FF;81;49;5C;59;7C;0;0;58;7C;0;0;0;0;78,FF;FF;FF;FF;FF;02;18;71;17;00;00;19;00;FF;FF;81;49;5C;59;7C;00;00;58;7C;00;00;00;00;78,True,,True,11000.0,True,,True,255,255,255,255,255,2,24,113,23,0,0,25,0,255,255,129,73,92,89,124,0,0,88,124,0,0,0,0,120,0,0.48828125,0,12.9,33,52,89,124,0,88,124,0
111,238,FF;FF;FF;FF;FF;2;18;71;17;0;0;19;0;FF;FF;81;49;5C;59;7C;0;0;58;7C;0;0;0;0;78,FF;FF;FF;FF;FF;02;18;71;17;00;00;19;00;FF;FF;81;49;5C;59;7C;00;00;58;7C;00;00;00;00;78,True,,True,11100.0,True,,True,255,255,255,255,255,2,24,113,23,0,0,25,0,255,255,129,73,92,89,124,0,0,88,124,0,0,0,0,120,0,0.48828125,0,12.9,33,52,89,124,0,88,124,0
112,240,FF;FF;FF;FF;FF;2;18;71;17;0;0;19;0;FF;FF;81;49;5C;59;7C;0;0;58;7C;0;0;0;0;78,FF;FF;FF;FF;FF;02;18;71;17;00;00;19;00;FF;FF;81;49;5C;59;7C;00;00;58;7C;00;00;00;00;78,True,,True,11200.0,True,,True,255,255,255,255,255,2,24,113,23,0,0,25,0,255,255,129,73,92,89,124,0,0,88,124,0,0,0,0,120,0,0.48828125,0,12.9,33,52,89,124,0,88,124,0
113,242,FF;FF;FF;FF;FF;2;18;71;17;0;0;19;0;FF;FF;81;49;5C;59;7C;0;0;58;7C;0;0;0;0;78,FF;FF;FF;FF;FF;02;18;71;17;00;00;19;00;FF;FF;81;49;5C;59;7C;00;00;58;7C;00;00;00;00;78,True,,True,11300.0,True,,True,255,255,255,255,255,2,24,113,23,0,0,25,0,255,255,129,73,92,89,124,0,0,88,124,0,0,0,0,120,0,0.48828125,0,12.9,33,52,89,124,0,88,124,0
114,244,FF;FF;FF;FF;FF;2;18;71;17;0;0;19;0;FF;FF;81;49;5C;59;7C;0;0;58;7C;0;0;0;0;78,FF;FF;FF;FF;FF;02;18;71;17;00;00;19;00;FF;FF;81;49;5C;59;7C;00;00;58;7C;00;00;00;00;78,True,,True,11400.0,True,,True,255,255,255,255,255,2,24,113,23,0,0,25,0,255,255,129,73,92,89,124,0,0,88,124,0,0,0,0,120,0,0.48828125,0,12.9,33,52,89,124,0,88,124,0
115,246,FF;FF;FF;FF;FF;2;18;71;17;0;0;19;0;FF;FF;81;49;5C;59;7C;0;0;58;7C;0;0;0;0;78,FF;FF;FF;FF;FF;02;18;71;17;00;00;19;00;FF;FF;81;49;5C;59;7C;00;00;58;7C;00;00;00;00;78,True,,True,11500.0,True,,True,255,255,255,255,255,2,24,113,23,0,0,25,0,255,255,129,73,92,89,124,0,0,88,124,0,0,0,0,120,0,0.48828125,0,12.9,33,52,89,124,0,88,124,0
116,248,FF;FF;FF;FF;FF;2;18;71;17;0;0;19;0;FF;FF;81;49;5C;59;7C;0;0;58;7C;0;0;0;0;78,FF;FF;FF;FF;FF;02;18;71;17;00;00;19;00;FF;FF;81;49;5C;59;7C;00;00;58;7C;00;00;00;00;78,True,,True,11600.0,True,,True,255,255,255,255,255,2,24,113,23,0,0,25,0,255,255,129,73,92,89,124,0,0,88,124,0,0,0,0,120,0,0.48828125,0,12.9,33,52,89,124,0,88,124,0
117,250,FF;FF;FF;FF;FF;2;18;71;17;0;0;19;0;FF;FF;81;49;5C;59;7B;0;0;58;7C;0;0;0;0;79,FF;FF;FF;FF;FF;02;18;71;17;00;00;19;00;FF;FF;81;49;5C;59;7B;00;00;58;7C;00;00;00;00;79,True,,True,11700.0,True,,True,255,255,255,255,255,2,24,113,23,0,0,25,0,255,255,129,73,92,89,123,0,0,88,124,0,0,0,0,121,0,0.48828125,0,12.9,33,52,89,123,0,88,124,0
118,252,FF;FF;FF;FF;FF;2;18;71;17;0;0;19;0;FF;FF;81;49;5C;59;7C;0;0;58;7C;0;0;0;0;78,FF;FF;FF;FF;FF;02;18;71;17;00;00;19;00;FF;FF;81;49;5C;59;7C;00;00;58;7C;00;00;00;00;78,True,,True,11800.0,True,,True,255,255,255,255,255,2,24,113,23,0,0,25,0,255,255,129,73,92,89,124,0,0,88,124,0,0,0,0,120,0,0.48828125,0,12.9,33,52,89,124,0,88,124,0
119,254,FF;FF;FF;FF;FF;2;18;71;17;0;0;19;0;FF;FF;81;49;5C;59;7C;0;0;58;7C;0;0;0;0;78,FF;FF;FF;FF;FF;02;18;71;17;00;00;19;00;FF;FF;81;49;5C;59;7C;00;00;58;7C;00;00;00;00;78,True,,True,11900.0,True,,True,255,255,255,255,255,2,24,113,23,0,0,25,0,255,255,129,73,92,89,124,0,0,88,124,0,0,0,0,120,0,0.48828125,0,12.9,33,52,89,124,0,88,124,0
120,256,FF;FF;FF;FF;FF;2;18;71;17;0;0;19;0;FF;FF;81;49;5C;59;64;0;0;58;7C;0;0;0;0;90,FF;FF;FF;FF;FF;02;18;71;17;00;00;19;00;FF;FF;81;49;5C;59;64;00;00;58;7C;00;00;00;00;90,True,,True,12000.0,True,,True,255,255,255,255,255,2,24,113,23,0,0,25,0,255,255,129,73,92,89,100,0,0,88,124,0,0,0,0,144,0,0.48828125,0,12.9,33,52,89,100,0,88,124,0
121,258,FF;FF;FF;FF;FF;2;18;71;17;0;0;1A;0;FF;FF;81;49;5C;59;69;0;0;58;7C;0;0;0;0;8A,FF;FF;FF;FF;FF;02;18;71;17;00;00;1A;00;FF;FF;81;49;5C;59;69;00;00;58;7C;00;00;00;00;8A,True,,True,12100.0,True,,True,255,255,255,255,255,2,24,113,23,0,0,26,0,255,255,129,73,92,89,105,0,0,88,124,0,0,0,0,138,0,0.5078125,0,12.9,33,52,89,105,0,88,124,0
122,260,FF;FF;FF;FF;FF;2;18;71;17;0;0;1A;0;FF;FF;81;49;5C;59;6C;0;0;58;7C;0;0;0;0;87,FF;FF;FF;FF;FF;02;18;71;17;00;00;1A;00;FF;FF;81;49;5C;59;6C;00;00;58;7C;00;00;00;00;87,True,,True,12200.0,True,,True,255,255,255,255,255,2,24,113,23,0,0,26,0,255,255,129,73,92,89,108,0,0,88,124,0,0,0,0,135,0,0.5078125,0,12.9,33,52,89,108,0,88,124,0
123,262,FF;FF;FF;FF;FF;2;18;71;17;0;0;1A;0;FF;FF;81;49;5C;59;5E;0;0;58;7C;0;0;0;0;95,FF;FF;FF;FF;FF;02;18;71;17;00;00;1A;00;FF;FF;81;49;5C;59;5E;00;00;58;7C;00;00;00;00;95,True,,True,12300.0,True,,True,255,255,255,255,255,2,24,113,23,0,0,26,0,255,255,129,73,92,89,94,0,0,88,124,0,0,0,0,149,0,0.5078125,0,12.9,33,52,89,94,0,88,124,0
124,264,FF;FF;FF;FF;FF;2;18;71;17;0;0;1A;0;FF;FF;80;49;5C;59;69;0;0;58;7C;0;0;0;0;8B,FF;FF;FF;FF;FF;02;18;71;17;00;00;1A;00;FF;FF;80;49;5C;59;69;00;00;58;7C;00;00;00;00;8B,True,,True,12400.0,True,,True,255,255,255,255,255,2,24,113,23,0,0,26,0,255,255,128,73,92,89,105,0,0,88,124,0,0,0,0,139,0,0.5078125,0,12.8,33,52,89,105,0,88,124,0
125,266,FF;FF;FF;FF;FF;2;18;71;17;0;14;19;0;FF;FF;81;49;5C;59;69;5;54;9E;7C;0;0;0;0;D8,FF;FF;FF;FF;FF;02;18;71;17;00;14;19;00;FF;FF;81;49;5C;59;69;05;54;9E;7C;00;00;00;00;D8,True,,True,12500.0,True,,True,255,255,255,255,255,2,24,113,23,0,20,25,0,255,255,129,73,92,89,105,5,84,158,124,0,0,0,0,216,20,0.48828125,0,12.9,33,52,89,105,1364,158,124,0
126,268,FF;FF;FF;FF;FF;2;18;71;17;0;14;19;0;FF;FF;81;49;5C;59;69;5;54;9E;7C;0;0;0;0;D8,FF;FF;FF;FF;FF;02;18;71;17;00;14;19;00;FF;FF;81;49;5C;59;69;05;54;9E;7C;00;00;00;00;D8,True,,True,12600.0,True,,True,255,255,255,255,255,2,24,113,23,0,20,25,0,255,255,129,73,92,89,105,5,84,158,124,0,0,0,0,216,20,0.48828125,0,12.9,33,52,89,105,1364,158,124,0
127,270,FF;FF;FF;FF;FF;2;18;71;17;3;1C;19;0;FF;FF;80;49;5C;59;6A;5;50;9E;7C;0;0;0;0;D1,FF;FF;FF;FF;FF;02;18;71;17;03;1C;19;00;FF;FF;80;49;5C;59;6A;05;50;9E;7C;00;00;00;00;D1,True,,True,12700.0,True,,True,255,255,255,255,255,2,24,113,23,3,28,25,0,255,255,128,73,92,89,106,5,80,158,124,0,0,0,0,209,796,0.48828125,0,12.8,33,52,89,106,1360,158,124,0
128,272,FF;FF;FF;FF;FF;2;18;71;17;3;1C;19;0;FF;FF;80;49;5C;59;7B;5;50;9E;7C;0;0;0;0;C0,FF;FF;FF;FF;FF;02;18;71;17;03;1C;19;00;FF;FF;80;49;5C;59;7B;05;50;9E;7C;00;00;00;00;C0,True,,True,12800.0,True,,True,255,255,255,255,255,2,24,113,23,3,28,25,0,255,255,128,73,92,89,123,5,80,158,124,0,0,0,0,192,796,0.48828125,0,12.8,33,52,89,123,1360,158,124,0
129,274,FF;FF;FF;FF;FF;2;18;71;17;4;37;19;0;FF;FF;81;49;5C;59;7A;5;1D;9E;7C;0;0;0;0;D7,FF;FF;FF;FF;FF;02;18;71;17;04;37;19;00;FF;FF;81;49;5C;59;7A;05;1D;9E;7C;00;00;00;00;D7,True,,True,12900.0,True,,True,255,255,255,255,255,2,24,113,23,4,55,25,0,255,255,129,73,92,89,122,5,29,158,124,0,0,0,0,215,1079,0.48828125,0,12.9,33,52,89,122,1309,158,124,0
130,276,FF;FF;FF;FF;FF;2;18;71;17;5;9C;19;0;FF;FF;80;49;5C;59;7A;4;4C;97;6E;0;0;0;0;59,FF;FF;FF;FF;FF;02;18;71;17;05;9C;19;00;FF;FF;80;49;5C;59;7A;04;4C;97;6E;00;00;00;00;59,True,,True,13000.0,True,,True,255,255,255,255,255,2,24,113,23,5,156,25,0,255,255,128,73,92,89,122,4,76,151,110,0,0,0,0,89,1436,0.48828125,0,12.8,33,52,89,122,1100,151,110,0
131,278,FF;FF;FF;FF;FF;2;18;71;17;6;A8;19;0;FF;FF;80;49;5C;59;7D;3;FC;97;6E;0;0;0;0;9A,FF;FF;FF;FF;FF;02;18;71;17;06;A8;19;00;FF;FF;80;49;5C;59;7D;03;FC;97;6E;00;00;00;00;9A,True,,True,13100.0,True,,True,255,255,255,255,255,2,24,113,23,6,168,25,0,255,255,128,73,92,89,125,3,252,151,110,0,0,0,0,154,1704,0.48828125,0,12.8,33,52,89,125,1020,151,110,0
132,280,FF;FF;FF;FF;FF;2;18;71;17;7;5C;19;0;FF;FF;80;49;5C;59;80;3;E2;80;6E;0;0;0;0;13,FF;FF;FF;FF;FF;02;18;71;17;07;5C;19;00;FF;FF;80;49;5C;59;80;03;E2;80;6E;00;00;00;00;13,True,,True,13200.0,True,,True,255,255,255,255,255,2,24,113,23,7,92,25,0,255,255,128,73,92,89,128,3,226,128,110,0,0,0,0,19,1884,0.48828125,0,12.8,33,52,89,128,994,128,110,0
133,282,FF;FF;FF;FF;FF;2;18;71;17;7;3A;19;0;FF;FF;81;49;5C;59;82;3;D9;80;6E;0;0;0;0;3B,FF;FF;FF;FF;FF;02;18;71;17;07;3A;19;00;FF;FF;81;49;5C;59;82;03;D9;80;6E;00;00;00;00;3B,True,,True,13300.0,True,,True,255,255,255,255,255,2,24,113,23,7,58,25,0,255,255,129,73,92,89,130,3,217,128,110,0,0,0,0,59,1850,0.48828125,0,12.9,33,52,89,130,985,128,110,0
134,284,FF;FF;FF;FF;FF;2;18;71;17;7;77;19;0;FF;FF;80;49;5C;59;83;3;D1;80;6E;0;0;0;0;6,FF;FF;FF;FF;FF;02;18;71;17;07;77;19;00;FF;FF;80;49;5C;59;83;03;D1;80;6E;00;00;00;00;06,True,,True,13400.0,True,,True,255,255,255,255,255,2,24,113,23,7,119,25,0,255,255,128,73,92,89,131,3,209,128,110,0,0,0,0,6,1911,0.48828125,0,12.8,33,52,89,131,977,128,110,0
135,286,FF;FF;FF;FF;FF;2;18;71;17;7;A3;19;0;FF;FF;80;49;5C;59;83;3;C8;80;6E;0;0;0;0;E3,FF;FF;FF;FF;FF;02;18;71;17;07;A3;19;00;FF;FF;80;49;5C;59;83;03;C8;80;6E;00;00;00;00;E3,True,,True,13500.0,True,,True,255,255,255,255,255,2,24,113,23,7,163,25,0,255,255,128,73,92,89,131,3,200,128,110,0,0,0,0,227,1955,0.48828125,0,12.8,33,52,89,131,968,128,110,0
136,288,FF;FF;FF;FF;FF;2;18;71;17;7;78;19;0;FF;FF;80;49;5C;59;84;3;C7;80;6E;0;0;0;0;E,FF;FF;FF;FF;FF;02;18;71;17;07;78;19;00;FF;FF;80;49;5C;59;84;03;C7;80;6E;00;00;00;00;0E,True,,True,13600.0,True,,True,255,255,255,255,255,2,24,113,23,7,120,25,0,255,255,128,73,92,89,132,3,199,128,110,0,0,0,0,14,1912,0.48828125,0,12.8,33,52,89,132,967,128,110,0
137,290,FF;FF;FF;FF;FF;2;18;71;17;7;78;19;0;FF;FF;80;49;5C;59;83;3;C5;80;6E;0;0;0;0;11,FF;FF;FF;FF;FF;02;18;71;17;07;78;19;00;FF;FF;80;49;5C;59;83;03;C5;80;6E;00;00;00;00;11,True,,True,13700.0,True,,True,255,255,255,255,255,2,24,113,23,7,120,25,0,255,255,128,73,92,89,131,3,197,128,110,0,0,0,0,17,1912,0.48828125,0,12.8,33,52,89,131,965,128,110,0
138,292,FF;FF;FF;FF;FF;2;18;71;17;7;61;19;0;FF;FF;80;49;5C;59;83;3;C5;83;6E;0;0;0;0;25,FF;FF;FF;FF;FF;02;18;71;17;07;61;19;00;FF;FF;80;49;5C;59;83;03;C5;83;6E;00;00;00;00;25,True,,True,13800.0,True,,True,255,255,255,255,255,2,24,113,23,7,97,25,0,255,255,128,73,92,89,131,3,197,131,110,0,0,0,0,37,1889,0.48828125,0,12.8,33,52,89,131,965,131,110,0
139,294,FF;FF;FF;FF;FF;2;18;71;17;7;62;19;0;FF;FF;80;49;5C;59;83;3;C4;80;6E;0;0;0;0;28,FF;FF;FF;FF;FF;02;18;71;17;07;62;19;00;FF;FF;80;49;5C;59;83;03;C4;80;6E;00;00;00;00;28,True,,True,13900.0,True,,True,255,255,255,255,255,2,24,113,23,7,98,25,0,255,255,128,73,92,89,131,3,196,128,110,0,0,0,0,40,1890,0.48828125,0,12.8,33,52,89,131,964,128,110,0
140,296,FF;FF;FF;FF;FF;2;18;71;17;7;7C;19;0;FF;FF;80;49;5C;59;86;3;C0;80;6E;0;0;0;0;F,FF;FF;FF;FF;FF;02;18;71;17;07;7C;19;00;FF;FF;80;49;5C;59;86;03;C0;80;6E;00;00;00;00;0F,True,,True,14000.0,True,,True,255,255,255,255,255,2,24,113,23,7,124,25,0,255,255,128,73,92,89,134,3,192,128,110,0,0,0,0,15,1916,0.48828125,0,12.8,33,52,89,134,960,128,110,0
141,298,FF;FF;FF;FF;FF;2;18;71;17;7;59;19;0;FF;FF;80;49;5C;59;87;3;BB;87;6E;0;0;0;0;2F,FF;FF;FF;FF;FF;02;18;71;17;07;59;19;00;FF;FF;80;49;5C;59;87;03;BB;87;6E;00;00;00;00;2F,True,,True,14100.0,True,,True,255,255,255,255,255,2,24,113,23,7,89,25,0,255,255,128,73,92,89,135,3,187,135,110,0,0,0,0,47,1881,0.48828125,0,12.8,33,52,89,135,955,135,110,0
142,300,FF;FF;FF;FF;FF;2;18;71;17;7;53;19;0;FF;FF;80;49;5C;59;86;3;B8;8A;6E;0;0;0;0;36,FF;FF;FF;FF;FF;02;18;71;17;07;53;19;00;FF;FF;80;49;5C;59;86;03;B8;8A;6E;00;00;00;00;36,True,,True,14200.0,True,,True,255,255,255,255,255,2,24,113,23,7,83,25,0,255,255,128,73,92,89,134,3,184,138,110,0,0,0,0,54,1875,0.48828125,0,12.8,33,52,89,134,952,138,110,0
143,302,FF;FF;FF;FF;FF;2;18;71;17;7;6F;19;0;FF;FF;80;49;5C;59;87;3;B5;80;6E;0;0;0;0;26,FF;FF;FF;FF;FF;02;18;71;17;07;6F;19;00;FF;FF;80;49;5C;59;87;03;B5;80;6E;00;00;00;00;26,True,,True,14300.0,True,,True,255,255,255,255,255,2,24,113,23,7,111,25,0,255,255,128,73,92,89,135,3,181,128,110,0,0,0,0,38,1903,0.48828125,0,12.8,33,52,89,135,949,128,110,0
144,304,FF;FF;FF;FF;FF;2;18;71;17;7;8C;19;0;FF;FF;80;49;5C;59;88;3;AF;80;6E;0;0;0;0;E,FF;FF;FF;FF;FF;02;18;71;17;07;8C;19;00;FF;FF;80;49;5C;59;88;03;AF;80;6E;00;00;00;00;0E,True,,True,14400.0,True,,True,255,255,255,255,255,2,24,113,23,7,140,25,0,255,255,128,73,92,89,136,3,175,128,110,0,0,0,0,14,1932,0.48828125,0,12.8,33,52,89,136,943,128,110,0
145,306,FF;FF;FF;FF;FF;2;18;71;17;7;6C;19;0;FF;FF;80;49;5C;59;87;3;AF;80;6E;0;0;0;0;2F,FF;FF;FF;FF;FF;02;18;71;17;07;6C;19;00;FF;FF;80;49;5C;59;87;03;AF;80;6E;00;00;00;00;2F,True,,True,14500.0,True,,True,255,255,255,255,255,2,24,113,23,7,108,25,0,255,255,128,73,92,89,135,3,175,128,110,0,0,0,0,47,1900,0.48828125,0,12.8,33,52,89,135,943,128,110,0
146,308,FF;FF;FF;FF;FF;2;18;71;17;7;79;19;0;FF;FF;80;49;5C;59;87;3;AD;80;6E;0;0;0;0;24,FF;FF;FF;FF;FF;02;18;71;17;07;79;19;00;FF;FF;80;49;5C;59;87;03;AD;80;6E;00;00;00;00;24,True,,True,14600.0,True,,True,255,255,255,255,255,2,24,113,23,7,121,25,0,255,255,128,73,92,89,135,3,173,128,110,0,0,0,0,36,1913,0.48828125,0,12.8,33,52,89,135,941,128,110,0
147,310,FF;FF;FF;FF;FF;2;18;71;17;7;67;19;0;FF;FF;80;49;5C;59;88;3;AC;80;6E;0;0;0;0;36,FF;FF;FF;FF;FF;02;18;71;17;07;67;19;00;FF;FF;80;49;5C;59;88;03;AC;80;6E;00;00;00;00;36,True,,True,14700.0,True,,True,255,255,255,255,255,2,24,113,23,7,103,25,0,255,255,128,73,92,89,136,3,172,128,110,0,0,0,0,54,1895,0.48828125,0,12.8,33,52,89,136,940,128,110,0
148,312,FF;FF;FF;FF;FF;2;18;71;17;7;6A;19;0;FF;FF;80;49;5C;59;89;3;A8;80;6E;0;0;0;0;36,FF;FF;FF;FF;FF;02;18;71;17;07;6A;19;00;FF;FF;80;49;5C;59;89;03;A8;80;6E;00;00;00;00;36,True,,True,14800.0,True,,True,255,255,255,255,255,2,24,113,23,7,106,25,0,255,255,128,73,92,89,137,3,168,128,110,0,0,0,0,54,1898,0.48828125,0,12.8,33,52,89,137,936,128,110,0
149,314,FF;FF;FF;FF;FF;2;18;71;17;7;52;19;0;FF;FF;80;49;5C;59;89;3;A7;87;6E;0;0;0;0;48,FF;FF;FF;FF;FF;02;18;71;17;07;52;19;00;FF;FF;80;49;5C;59;89;03;A7;87;6E;00;00;00;00;48,True,,True,14900.0,True,,True,255,255,255,255,255,2,24,113,23,7,82,25,0,255,255,128,73,92,89,137,3,167,135,110,0,0,0,0,72,1874,0.48828125,0,12.8,33,52,89,137,935,135,110,0
150,316,FF;FF;FF;FF;FF;2;18;71;17;7;95;19;0;FF;FF;80;49;5C;59;89;3;A1;80;6E;0;0;0;0;12,FF;FF;FF;FF;FF;02;18;71;17;07;95;19;00;FF;FF;80;49;5C;59;89;03;A1;80;6E;00;00;00;00;12,True,,True,15000.0,True,,True,255,255,255,255,255,2,24,113,23,7,149,25,0,255,255,128,73,92,89,137,3,161,128,110,0,0,0,0,18,1941,0.48828125,0,12.8,33,52,89,137,929,128,110,0
151,318,FF;FF;FF;FF;FF;2;18;71;17;7;AF;19;0;FF;FF;80;49;5C;59;89;3;9B;80;6E;0;0;0;0;FE,FF;FF;FF;FF;FF;02;18;71;17;07;AF;19;00;FF;FF;80;49;5C;59;89;03;9B;80;6E;00;00;00;00;FE,True,,True,15100.0,True,,True,255,255,255,255,255,2,24,113,23,7,175,25,0,255,255,128,73,92,89,137,3,155,128,110,0,0,0,0,254,1967,0.48828125,0,12.8,33,52,89,137,923,128,110,0
152,320,FF;FF;FF;FF;FF;2;18;71;17;7;AA;19;0;FF;FF;80;49;5C;59;88;3;9A;80;6E;0;0;0;0;5,FF;FF;FF;FF;FF;02;18;71;17;07;AA;19;00;FF;FF;80;49;5C;59;88;03;9A;80;6E;00;00;00;00;05,True,,True,15200.0,True,,True,255,255,255,255,255,2,24,113,23,7,170,25,0,255,255,128,73,92,89,136,3,154,128,110,0,0,0,0,5,1962,0.48828125,0,12.8,33,52,89,136,922,128,110,0
153,322,FF;FF;FF;FF;FF;2;18;71;17;7;AD;19;0;FF;FF;80;49;5C;59;89;3;98;80;6E;0;0;0;0;3,FF;FF;FF;FF;FF;02;18;71;17;07;AD;19;00;FF;FF;80;49;5C;59;89;03;98;80;6E;00;00;00;00;03,True,,True,15300.0,True,,True,255,255,255,255,255,2,24,113,23,7,173,25,0,255,255,128,73,92,89,137,3,152,128,110,0,0,0,0,3,1965,0.48828125,0,12.8,33,52,89,137,920,128,110,0
154,324,FF;FF;FF;FF;FF;2;18;71;17;7;AA;19;0;FF;FF;80;49;5C;59;8A;3;97;80;6E;0;0;0;0;6,FF;FF;FF;FF;FF;02;18;71;17;07;AA;19;00;FF;FF;80;49;5C;59;8A;03;97;80;6E;00;00;00;00;06,True,,True,15400.0,True,,True,255,255,255,255,255,2,24,113,23,7,170,25,0,255,255,128,73,92,89,138,3,151,128,110,0,0,0,0,6,1962,0.48828125,0,12.8,33,52,89,138,919,128,110,0
155,326,FF;FF;FF;FF;FF;2;18;71;17;7;94;19;0;FF;FF;80;49;5C;59;8B;3;93;80;6E;0;0;0;0;1F,FF;FF;FF;FF;FF;02;18;71;17;07;94;19;00;FF;FF;80;49;5C;59;8B;03;93;80;6E;00;00;00;00;1F,True,,True,15500.0,True,,True,255,255,255,255,255,2,24,113,23,7,148,25,0,255,255,128,73,92,89,139,3,147,128,110,0,0,0,0,31,1940,0.48828125,0,12.8,33,52,89,139,915,128,110,0
156,328,FF;FF;FF;FF;FF;2;18;71;17;7;A5;19;0;FF;FF;80;49;5C;59;8B;3;90;80;6E;0;0;0;0;11,FF;FF;FF;FF;FF;02;18;71;17;07;A5;19;00;FF;FF;80;49;5C;59;8B;03;90;80;6E;00;00;00;00;11,True,,True,15600.0,True,,True,255,255,255,255,255,2,24,113,23,7,165,25,0,255,255,128,73,92,89,139,3,144,128,110,0,0,0,0,17,1957,0.48828125,0,12.8,33,52,89,139,912,128,110,0
157,330,FF;FF;FF;FF;FF;2;18;71;17;7;A9;19;0;FF;FF;80;49;5C;59;8B;3;8D;80;6E;0;0;0;0;10,FF;FF;FF;FF;FF;02;18;71;17;07;A9;19;00;FF;FF;80;49;5C;59;8B;03;8D;80;6E;00;00;00;00;10,True,,True,15700.0,True,,True,255,255,255,255,255,2,24,113,23,7,169,25,0,255,255,128,73,92,89,139,3,141,128,110,0,0,0,0,16,1961,0.48828125,0,12.8,33,52,89,139,909,128,110,0
158,332,FF;FF;FF;FF;FF;2;18;71;17;7;9B;19;0;FF;FF;80;49;5C;59;8C;3;8C;80;6E;0;0;0;0;1E,FF;FF;FF;FF;FF;02;18;71;17;07;9B;19;00;FF;FF;80;49;5C;59;8C;03;8C;80;6E;00;00;00;00;1E,True,,True,15800.0,True,,True,255,255,255,255,255,2,24,113,23,7,155,25,0,255,255,128,73,92,89,140,3,140,128,110,0,0,0,0,30,1947,0.48828125,0,12.8,33,52,89,140,908,128,110,0
159,334,FF;FF;FF;FF;FF;2;18;71;17;7;72;19;0;FF;FF;80;49;5C;59;8B;3;8D;80;6E;0;0;0;0;47,FF;FF;FF;FF;FF;02;18;71;17;07;72;19;00;FF;FF;80;49;5C;59;8B;03;8D;80;6E;00;00;00;00;47,True,,True,15900.0,True,,True,255,255,255,255,255,2,24,113,23,7,114,25,0,255,255,128,73,92,89,139,3,141,128,110,0,0,0,0,71,1906,0.48828125,0,12.8,33,52,89,139,909,128,110,0
160,336,FF;FF;FF;FF;FF;2;18;71;17;7;6B;19;0;FF;FF;80;49;5C;59;8B;3;89;80;6E;0;0;0;0;52,FF;FF;FF;FF;FF;02;18;71;17;07;6B;19;00;FF;FF;80;49;5C;59;8B;03;89;80;6E;00;00;00;00;52,True,,True,16000.0,True,,True,255,255,255,255,255,2,24,113,23,7,107,25,0,255,255,128,73,92,89,139,3,137,128,110,0,0,0,0,82,1899,0.48828125,0,12.8,33,52,89,139,905,128,110,0
161,338,FF;FF;FF;FF;FF;2;18;71;17;7;73;19;0;FF;FF;80;49;5C;59;8C;3;87;80;6E;0;0;0;0;4B,FF;FF;FF;FF;FF;02;18;71;17;07;73;19;00;FF;FF;80;49;5C;59;8C;03;87;80;6E;00;00;00;00;4B,True,,True,16100.0,True,,True,255,255,255,255,255,2,24,113,23,7,115,25,0,255,255,128,73,92,89,140,3,135,128,110,0,0,0,0,75,1907,0.48828125,0,12.8,33,52,89,140,903,128,110,0
162,340,FF;FF;FF;FF;FF;2;18;71;17;7;77;19;0;FF;FF;80;49;5C;59;8E;3;84;80;6E;0;0;0;0;48,FF;FF;FF;FF;FF;02;18;71;17;07;77;19;00;FF;FF;80;49;5C;59;8E;03;84;80;6E;00;00;00;00;48,True,,True,16200.0,True,,True,255,255,255,255,255,2,24,113,23,7,119,25,0,255,255,128,73,92,89,142,3,132,128,110,0,0,0,0,72,1911,0.48828125,0,12.8,33,52,89,142,900,128,110,0
163,342,FF;FF;FF;FF;FF;2;18;71;17;7;7D;19;0;FF;FF;80;49;5C;59;8E;3;80;80;6E;0;0;0;0;46,FF;FF;FF;FF;FF;02;18;71;17;07;7D;19;00;FF;FF;80;49;5C;59;8E;03;80;80;6E;00;00;00;00;46,True,,True,16300.0,True,,True,255,255,255,255,255,2,24,113,23,7,125,25,0,255,255,128,73,92,89,142,3,128,128,110,0,0,0,0,70,1917,0.48828125,0,12.8,33,52,89,142,896,128,110,0
164,344,FF;FF;FF;FF;FF;2;18;71;17;7;84;19;0;FF;FF;80;49;5C;59;8D;3;7E;80;6E;0;0;0;0;42,FF;FF;FF;FF;FF;02;18;71;17;07;84;19;00;FF;FF;80;49;5C;59;8D;03;7E;80;6E;00;00;00;00;42,True,,True,16400.0,True,,True,255,255,255,255,255,2,24,113,23,7,132,25,0,255,255,128,73,92,89,141,3,126,128,110,0,0,0,0,66,1924,0.48828125,0,12.8,33,52,89,141,894,128,110,0
165,346,FF;FF;FF;FF;FF;2;18;71;17;7;9E;19;0;FF;FF;80;49;5C;59;8F;3;79;80;6E;0;0;0;0;2B,FF;FF;FF;FF;FF;02;18;71;17;07;9E;19;00;FF;FF;80;49;5C;59;8F;03;79;80;6E;00;00;00;00;2B,True,,True,16500.0,True,,True,255,255,255,255,255,2,24,113,23,7,158,25,0,255,255,128,73,92,89,143,3,121,128,110,0,0,0,0,43,1950,0.48828125,0,12.8,33,52,89,143,889,128,110,0
166,348,FF;FF;FF;FF;FF;2;18;71;17;7;A8;19;0;FF;FF;80;49;5C;59;8F;3;77;80;6E;0;0;0;0;23,FF;FF;FF;FF;FF;02;18;71;17;07;A8;19;00;FF;FF;80;49;5C;59;8F;03;77;80;6E;00;00;00;00;23,True,,True,16600.0,True,,True,255,255,255,255,255,2,24,113,23,7,168,25,0,255,255,128,73,92,89,143,3,119,128,110,0,0,0,0,35,1960,0.48828125,0,12.8,33,52,89,143,887,128,110,0
167,350,FF;FF;FF;FF;FF;2;18;71;17;7;AB;19;0;FF;FF;80;49;5C;59;8F;3;76;80;6E;0;0;0;0;21,FF;FF;FF;FF;FF;02;18;71;17;07;AB;19;00;FF;FF;80;49;5C;59;8F;03;76;80;6E;00;00;00;00;21,True,,True,16700.0,True,,True,255,255,255,255,255,2,24,113,23,7,171,25,0,255,255,128,73,92,89,143,3,118,128,110,0,0,0,0,33,1963,0.48828125,0,12.8,33,52,89,143,886,128,110,0
168,352,FF;FF;FF;FF;FF;2;18;71;17;7;A2;19;0;FF;FF;80;49;5C;59;90;3;72;80;6E;0;0;0;0;2D,FF;FF;FF;FF;FF;02;18;71;17;07;A2;19;00;FF;FF;80;49;5C;59;90;03;72;80;6E;00;00;00;00;2D,True,,True,16800.0,True,,True,255,255,255,255,255,2,24,113,23,7,162,25,0,255,255,128,73,92,89,144,3,114,128,110,0,0,0,0,45,1954,0.48828125,0,12.8,33,52,89,144,882,128,110,0
169,354,FF;FF;FF;FF;FF;2;18;71;17;7;8D;19;0;FF;FF;80;49;5C;59;91;3;6F;80;6E;0;0;0;0;44,FF;FF;FF;FF;FF;02;18;71;17;07;8D;19;00;FF;FF;80;49;5C;59;91;03;6F;80;6E;00;00;00;00;44,True,,True,16900.0,True,,True,255,255,255,255,255,2,24,113,23,7,141,25,0,255,255,128,73,92,89,145,3,111,128,110,0,0,0,0,68,1933,0.48828125,0,12.8,33,52,89,145,879,128,110,0
170,356,FF;FF;FF;FF;FF;2;18;71;17;7;99;19;0;FF;FF;80;49;5C;59;90;3;6D;80;6E;0;0;0;0;3B,FF;FF;FF;FF;FF;02;18;71;17;07;99;19;00;FF;FF;80;49;5C;59;90;03;6D;80;6E;00;00;00;00;3B,True,,True,17000.0,True,,True,255,255,255,255,255,2,24,113,23,7,153,25,0,255,255,128,73,92,89,144,3,109,128,110,0,0,0,0,59,1945,0.48828125,0,12.8,33,52,89,144,877,128,110,0
171,358,FF;FF;FF;FF;FF;2;18;71;17;7;A6;19;0;FF;FF;80;49;5C;59;92;1;EB;B1;6E;0;0;0;0;7F,FF;FF;FF;FF;FF;02;18;71;17;07;A6;19;00;FF;FF;80;49;5C;59;92;01;EB;B1;6E;00;00;00;00;7F,True,,True,17100.0,True,,True,255,255,255,255,255,2,24,113,23,7,166,25,0,255,255,128,73,92,89,146,1,235,177,110,0,0,0,0,127,1958,0.48828125,0,12.8,33,52,89,146,491,177,110,0
172,360,FF;FF;FF;FF;FF;2;18;71;17;7;BE;19;0;FF;FF;80;49;5C;59;93;1;E5;B1;6E;0;0;0;0;6C,FF;FF;FF;FF;FF;02;18;71;17;07;BE;19;00;FF;FF;80;49;5C;59;93;01;E5;B1;6E;00;00;00;00;6C,True,,True,17200.0,True,,True,255,255,255,255,255,2,24,113,23,7,190,25,0,255,255,128,73,92,89,147,1,229,177,110,0,0,0,0,108,1982,0.48828125,0,12.8,33,52,89,147,485,177,110,0
173,362,FF;FF;FF;FF;FF;2;18;71;17;7;84;19;0;FF;FF;80;49;5C;59;92;1;EE;B1;6E;0;0;0;0;9E,FF;FF;FF;FF;FF;02;18;71;17;07;84;19;00;FF;FF;80;49;5C;59;92;01;EE;B1;6E;00;00;00;00;9E,True,,True,17300.0,True,,True,255,255,255,255,255,2,24,113,23,7,132,25,0,255,255,128,73,92,89,146,1,238,177,110,0,0,0,0,158,1924,0.48828125,0,12.8,33,52,89,146,494,177,110,0
174,364,FF;FF;FF;FF;FF;2;18;71;17;6;AB;19;0;FF;FF;80;49;5C;59;90;2;19;B1;6E;0;0;0;0;4E,FF;FF;FF;FF;FF;02;18;71;17;06;AB;19;00;FF;FF;80;49;5C;59;90;02;19;B1;6E;00;00;00;00;4E,True,,True,17400.0,True,,True,255,255,255,255,255,2,24,113,23,6,171,25,0,255,255,128,73,92,89,144,2,25,177,110,0,0,0,0,78,1707,0.48828125,0,12.8,33,52,89,144,537,177,110,0
175,366,FF;FF;FF;FF;FF;2;18;71;17;5;EF;19;0;FF;FF;80;49;5C;59;8F;2;41;B1;6E;0;0;0;0;E4,FF;FF;FF;FF;FF;02;18;71;17;05;EF;19;00;FF;FF;80;49;5C;59;8F;02;41;B1;6E;00;00;00;00;E4,True,,True,17500.0,True,,True,255,255,255,255,255,2,24,113,23,5,239,25,0,255,255,128,73,92,89,143,2,65,177,110,0,0,0,0,228,1519,0.48828125,0,12.8,33,52,89,143,577,177,110,0
176,368,FF;FF;FF;FF;FF;2;18;71;17;5;7D;19;0;FF;FF;80;49;5C;59;8D;2;5B;A8;6E;0;0;0;0;47,FF;FF;FF;FF;FF;02;18;71;17;05;7D;19;00;FF;FF;80;49;5C;59;8D;02;5B;A8;6E;00;00;00;00;47,True,,True,17600.0,True,,True,255,255,255,255,255,2,24,113,23,5,125,25,0,255,255,128,73,92,89,141,2,91,168,110,0,0,0,0,71,1405,0.48828125,0,12.8,33,52,89,141,603,168,110,0
177,370,FF;FF;FF;FF;FF;2;18;71;17;5;1A;19;0;FF;FF;80;49;5C;59;8C;2;69;A8;6E;0;0;0;0;9D,FF;FF;FF;FF;FF;02;18;71;17;05;1A;19;00;FF;FF;80;49;5C;59;8C;02;69;A8;6E;00;00;00;00;9D,True,,True,17700.0,True,,True,255,255,255,255,255,2,24,113,23,5,26,25,0,255,255,128,73,92,89,140,2,105,168,110,0,0,0,0,157,1306,0.48828125,0,12.8,33,52,89,140,617,168,110,0
178,372,FF;FF;FF;FF;FF;2;18;71;17;5;1A;19;0;FF;FF;80;49;5C;59;8A;2;69;A8;6E;0;0;0;0;9F,FF;FF;FF;FF;FF;02;18;71;17;05;1A;19;00;FF;FF;80;49;5C;59;8A;02;69;A8;6E;00;00;00;00;9F,True,,True,17800.0,True,,True,255,255,255,255,255,2,24,113,23,5,26,25,0,255,255,128,73,92,89,138,2,105,168,110,0,0,0,0,159,1306,0.48828125,0,12.8,33,52,89,138,617,168,110,0
179,374,FF;FF;FF;FF;FF;2;18;71;17;5;5;19;0;FF;FF;80;49;5C;59;88;2;6E;A8;6E;0;0;0;0;B1,FF;FF;FF;FF;FF;02;18;71;17;05;05;19;00;FF;FF;80;49;5C;59;88;02;6E;A8;6E;00;00;00;00;B1,True,,True,17900.0,True,,True,255,255,255,255,255,2,24,113,23,5,5,25,0,255,255,128,73,92,89,136,2,110,168,110,0,0,0,0,177,1285,0.48828125,0,12.8,33,52,89,136,622,168,110,0
180,376,FF;FF;FF;FF;FF;2;18;71;17;5;1F;19;0;FF;FF;80;49;5C;59;89;2;6B;A8;6E;0;0;0;0;99,FF;FF;FF;FF;FF;02;18;71;17;05;1F;19;00;FF;FF;80;49;5C;59;89;02;6B;A8;6E;00;00;00;00;99,True,,True,18000.0,True,,True,255,255,255,255,255,2,24,113,23,5,31,25,0,255,255,128,73,92,89,137,2,107,168,110,0,0,0,0,153,1311,0.48828125,0,12.8,33,52,89,137,619,168,110,0
181,378,FF;FF;FF;FF;FF;2;18;71;17;5;3F;19;0;FF;FF;80;49;5C;59;8B;2;69;A8;6E;0;0;0;0;79,FF;FF;FF;FF;FF;02;18;71;17;05;3F;19;00;FF;FF;80;49;5C;59;8B;02;69;A8;6E;00;00;00;00;79,True,,True,18100.0,True,,True,255,255,255,255,255,2,24,113,23,5,63,25,0,255,255,128,73,92,89,139,2,105,168,110,0,0,0,0,121,1343,0.48828125,0,12.8,33,52,89,139,617,168,110,0
182,380,FF;FF;FF;FF;FF;2;18;71;17;5;3F;19;0;FF;FF;80;49;5C;59;8B;2;69;A8;6E;0;0;0;0;79,FF;FF;FF;FF;FF;02;18;71;17;05;3F;19;00;FF;FF;80;49;5C;59;8B;02;69;A8;6E;00;00;00;00;79,True,,True,18200.0,True,,True,255,255,255,255,255,2,24,113,23,5,63,25,0,255,255,128,73,92,89,139,2,105,168,110,0,0,0,0,121,1343,0.48828125,0,12.8,33,52,89,139,617,168,110,0
183,382,FF;FF;FF;FF;FF;2;18;71;17;5;62;19;0;FF;FF;80;49;5C;59;8A;2;62;A8;6E;0;0;0;0;5E,FF;FF;FF;FF;FF;02;18;71;17;05;62;19;00;FF;FF;80;49;5C;59;8A;02;62;A8;6E;00;00;00;00;5E,True,,True,18300.0,True,,True,255,255,255,255,255,2,24,113,23,5,98,25,0,255,255,128,73,92,89,138,2,98,168,110,0,0,0,0,94,1378,0.48828125,0,12.8,33,52,89,138,610,168,110,0
184,384,FF;FF;FF;FF;FF;2;18;71;17;5;71;19;0;FF;FF;80;49;5C;59;8A;2;60;A8;6E;0;0;0;0;51,FF;FF;FF;FF;FF;02;18;71;17;05;71;19;00;FF;FF;80;49;5C;59;8A;02;60;A8;6E;00;00;00;00;51,True,,True,18400.0,True,,True,255,255,255,255,255,2,24,113,23,5,113,25,0,255,255,128,73,92,89,138,2,96,168,110,0,0,0,0,81,1393,0.48828125,0,12.8,33,52,89,138,608,168,110,0
185,386,FF;FF;FF;FF;FF;2;18;71;17;5;78;19;0;FF;FF;80;49;5C;59;8B;2;5C;A8;6E;0;0;0;0;4D,FF;FF;FF;FF;FF;02;18;71;17;05;78;19;00;FF;FF;80;49;5C;59;8B;02;5C;A8;6E;00;00;00;00;4D,True,,True,18500.0,True,,True,255,255,255,255,255,2,24,113,23,5,120,25,0,255,255,128,73,92,89,139,2,92,168,110,0,0,0,0,77,1400,0.48828125,0,12.8,33,52,89,139,604,168,110,0
186,388,FF;FF;FF;FF;FF;2;18;71;17;5;7F;19;0;FF;FF;80;49;5C;59;8C;2;5A;AA;6E;0;0;0;0;45,FF;FF;FF;FF;FF;02;18;71;17;05;7F;19;00;FF;FF;80;49;5C;59;8C;02;5A;AA;6E;00;00;00;00;45,True,,True,18600.0,True,,True,255,255,255,255,255,2,24,113,23,5,127,25,0,255,255,128,73,92,89,140,2,90,170,110,0,0,0,0,69,1407,0.48828125,0,12.8,33,52,89,140,602,170,110,0
187,390,FF;FF;FF;FF;FF;2;18;71;17;5;7D;19;0;FF;FF;80;49;5C;59;8D;2;57;A8;6E;1;0;0;0;4A,FF;FF;FF;FF;FF;02;18;71;17;05;7D;19;00;FF;FF;80;49;5C;59;8D;02;57;A8;6E;01;00;00;00;4A,True,,True,18700.0,True,,True,255,255,255,255,255,2,24,113,23,5,125,25,0,255,255,128,73,92,89,141,2,87,168,110,1,0,0,0,74,1405,0.48828125,0,12.8,33,52,89,141,599,168,110,1
188,392,FF;FF;FF;FF;FF;2;18;71;17;5;7D;19;0;FF;FF;80;49;5C;59;8B;2;57;A8;6E;1;0;0;0;4C,FF;FF;FF;FF;FF;02;18;71;17;05;7D;19;00;FF;FF;80;49;5C;59;8B;02;57;A8;6E;01;00;00;00;4C,True,,True,18800.0,True,,True,255,255,255,255,255,2,24,113,23,5,125,25,0,255,255,128,73,92,89,139,2,87,168,110,1,0,0,0,76,1405,0.48828125,0,12.8,33,52,89,139,599,168,110,1
189,394,FF;FF;FF;FF;FF;2;18;71;17;5;5C;19;0;FF;FF;80;49;5C;59;8A;2;59;A8;6E;1;0;0;0;6C,FF;FF;FF;FF;FF;02;18;71;17;05;5C;19;00;FF;FF;80;49;5C;59;8A;02;59;A8;6E;01;00;00;00;6C,True,,True,18900.0,True,,True,255,255,255,255,255,2,24,113,23,5,92,25,0,255,255,128,73,92,89,138,2,89,168,110,1,0,0,0,108,1372,0.48828125,0,12.8,33,52,89,138,601,168,110,1
190,396,FF;FF;FF;FF;FF;2;18;71;17;5;2C;19;0;FF;FF;80;49;5C;59;8A;2;5F;A8;6E;1;0;0;0;96,FF;FF;FF;FF;FF;02;18;71;17;05;2C;19;00;FF;FF;80;49;5C;59;8A;02;5F;A8;6E;01;00;00;00;96,True,,True,19000.0,True,,True,255,255,255,255,255,2,24,113,23,5,44,25,0,255,255,128,73,92,89,138,2,95,168,110,1,0,0,0,150,1324,0.48828125,0,12.8,33,52,89,138,607,168,110,1
191,398,FF;FF;FF;FF;FF;2;18;71;17;5;37;19;0;FF;FF;80;49;5C;59;8B;2;5D;A8;6E;1;0;0;0;8C,FF;FF;FF;FF;FF;02;18;71;17;05;37;19;00;FF;FF;80;49;5C;59;8B;02;5D;A8;6E;01;00;00;00;8C,True,,True,19100.0,True,,True,255,255,255,255,255,2,24,113,23,5,55,25,0,255,255,128,73,92,89,139,2,93,168,110,1,0,0,0,140,1335,0.48828125,0,12.8,33,52,89,139,605,168,110,1
192,400,FF;FF;FF;FF;FF;2;18;71;17;5;5C;19;0;FF;FF;80;49;5C;59;8D;2;58;A8;6E;1;0;0;0;6A,FF;FF;FF;FF;FF;02;18;71;17;05;5C;19;00;FF;FF;80;49;5C;59;8D;02;58;A8;6E;01;00;00;00;6A,True,,True,19200.0,True,,True,255,255,255,255,255,2,24,113,23,5,92,25,0,255,255,128,73,92,89,141,2,88,168,110,1,0,0,0,106,1372,0.48828125,0,12.8,33,52,89,141,600,168,110,1
193,402,FF;FF;FF;FF;FF;2;18;71;17;5;5C;19;0;FF;FF;80;49;5C;59;8C;2;58;A8;6E;1;0;0;0;6B,FF;FF;FF;FF;FF;02;18;71;17;05;5C;19;00;FF;FF;80;49;5C;59;8C;02;58;A8;6E;01;00;00;00;6B,True,,True,19300.0,True,,True,255,255,255,255,255,2,24,113,23,5,92,25,0,255,255,128,73,92,89,140,2,88,168,110,1,0,0,0,107,1372,0.48828125,0,12.8,33,52,89,140,600,168,110,1
194,404,FF;FF;FF;FF;FF;2;18;71;17;5;6D;19;0;FF;FF;80;49;5C;59;8B;2;56;A8;6E;1;0;0;0;5D,FF;FF;FF;FF;FF;02;18;71;17;05;6D;19;00;FF;FF;80;49;5C;59;8B;02;56;A8;6E;01;00;00;00;5D,True,,True,19400.0,True,,True,255,255,255,255,255,2,24,113,23,5,109,25,0,255,255,128,73,92,89,139,2,86,168,110,1,0,0,0,93,1389,0.48828125,0,12.8,33,52,89,139,598,168,110,1
195,406,FF;FF;FF;FF;FF;2;18;71;17;5;73;19;0;FF;FF;80;49;5C;59;8B;2;52;A8;6E;1;0;0;0;5B,FF;FF;FF;FF;FF;02;18;71;17;05;73;19;00;FF;FF;80;49;5C;59;8B;02;52;A8;6E;01;00;00;00;5B,True,,True,19500.0,True,,True,255,255,255,255,255,2,24,113,23,5,115,25,0,255,255,128,73,92,89,139,2,82,168,110,1,0,0,0,91,1395,0.48828125,0,12.8,33,52,89,139,594,168,110,1
196,408,FF;FF;FF;FF;FF;2;18;71;17;5;5D;19;0;FF;FF;80;49;5C;59;8B;2;53;A8;6E;1;0;0;0;70,FF;FF;FF;FF;FF;02;18;71;17;05;5D;19;00;FF;FF;80;49;5C;59;8B;02;53;A8;6E;01;00;00;00;70,True,,True,19600.0,True,,True,255,255,255,255,255,2,24,113,23,5,93,25,0,255,255,128,73,92,89,139,2,83,168,110,1,0,0,0,112,1373,0.48828125,0,12.8,33,52,89,139,595,168,110,1
197,410,FF;FF;FF;FF;FF;2;18;71;17;5;48;19;0;FF;FF;80;49;5C;59;8C;2;54;A8;6E;1;0;0;0;83,FF;FF;FF;FF;FF;02;18;71;17;05;48;19;00;FF;FF;80;49;5C;59;8C;02;54;A8;6E;01;00;00;00;83,True,,True,19700.0,True,,True,255,255,255,255,255,2,24,113,23,5,72,25,0,255,255,128,73,92,89,140,2,84,168,110,1,0,0,0,131,1352,0.48828125,0,12.8,33,52,89,140,596,168,110,1
198,412,FF;FF;FF;FF;FF;2;18;71;17;5;48;19;0;FF;FF;80;49;5C;59;8C;2;54;A8;6E;1;0;0;0;83,FF;FF;FF;FF;FF;02;18;71;17;05;48;19;00;FF;FF;80;49;5C;59;8C;02;54;A8;6E;01;00;00;00;83,True,,True,19800.0,True,,True,255,255,255,255,255,2,24,113,23,5,72,25,0,255,255,128,73,92,89,140,2,84,168,110,1,0,0,0,131,1352,0.48828125,0,12.8,33,52,89,140,596,168,110,1
199,414,FF;FF;FF;FF;FF;2;18;71;17;5;3C;19;0;FF;FF;80;49;5C;59;8B;2;56;A8;6E;1;0;0;0;8E,FF;FF;FF;FF;FF;02;18;71;17;05;3C;19;00;FF;FF;80;49;5C;59;8B;02;56;A8;6E;01;00;00;00;8E,True,,True,19900.0,True,,True,255,255,255,255,255,2,24,113,23,5,60,25,0,255,255,128,73,92,89,139,2,86,168,110,1,0,0,0,142,1340,0.48828125,0,12.8,33,52,89,139,598,168,110,1
200,416,FF;FF;FF;FF;FF;2;18;71;17;5;3E;19;0;FF;FF;80;49;5C;59;8A;2;54;A8;6E;1;0;0;0;8F,FF;FF;FF;FF;FF;02;18;71;17;05;3E;19;00;FF;FF;80;49;5C;59;8A;02;54;A8;6E;01;00;00;00;8F,True,,True,20000.0,True,,True,255,255,255,255,255,2,24,113,23,5,62,25,0,255,255,128,73,92,89,138,2,84,168,110,1,0,0,0,143,1342,0.48828125,0,12.8,33,52,89,138,596,168,110,1
201,418,FF;FF;FF;FF;FF;2;18;71;17;5;3F;19;0;FF;FF;80;49;5C;59;8B;2;53;A8;6E;1;0;0;0;8E,FF;FF;FF;FF;FF;02;18;71;17;05;3F;19;00;FF;FF;80;49;5C;59;8B;02;53;A8;6E;01;00;00;00;8E,True,,True,20100.0,True,,True,255,255,255,255,255,2,24,113,23,5,63,25,0,255,255,128,73,92,89,139,2,83,168,110,1,0,0,0,142,1343,0.48828125,0,12.8,33,52,89,139,595,168,110,1
202,420,FF;FF;FF;FF;FF;2;18;71;17;5;4B;19;0;FF;FF;80;49;5C;59;8D;2;51;A8;6E;1;0;0;0;82,FF;FF;FF;FF;FF;02;18;71;17;05;4B;19;00;FF;FF;80;49;5C;59;8D;02;51;A8;6E;01;00;00;00;82,True,,True,20200.0,True,,True,255,255,255,255,255,2,24,113,23,5,75,25,0,255,255,128,73,92,89,141,2,81,168,110,1,0,0,0,130,1355,0.48828125,0,12.8,33,52,89,141,593,168,110,1
203,422,FF;FF;FF;FF;FF;2;18;71;17;5;4B;19;0;FF;FF;80;49;5C;59;8C;2;51;A8;6E;1;0;0;0;83,FF;FF;FF;FF;FF;02;18;71;17;05;4B;19;00;FF;FF;80;49;5C;59;8C;02;51;A8;6E;01;00;00;00;83,True,,True,20300.0,True,,True,255,255,255,255,255,2,24,113,23,5,75,25,0,255,255,128,73,92,89,140,2,81,168,110,1,0,0,0,131,1355,0.48828125,0,12.8,33,52,89,140,593,168,110,1
204,424,FF;FF;FF;FF;FF;2;18;71;17;5;35;19;0;FF;FF;80;49;5C;59;8B;2;52;A8;6E;1;0;0;0;99,FF;FF;FF;FF;FF;02;18;71;17;05;35;19;00;FF;FF;80;49;5C;59;8B;02;52;A8;6E;01;00;00;00;99,True,,True,20400.0,True,,True,255,255,255,255,255,2,24,113,23,5,53,25,0,255,255,128,73,92,89,139,2,82,168,110,1,0,0,0,153,1333,0.48828125,0,12.8,33,52,89,139,594,168,110,1
205,426,FF;FF;FF;FF;FF;2;18;71;17;5;1D;19;0;FF;FF;80;49;5C;59;8B;2;53;A8;6E;1;0;0;0;B0,FF;FF;FF;FF;FF;02;18;71;17;05;1D;19;00;FF;FF;80;49;5C;59;8B;02;53;A8;6E;01;00;00;00;B0,True,,True,20500.0,True,,True,255,255,255,255,255,2,24,113,23,5,29,25,0,255,255,128,73,92,89,139,2,83,168,110,1,0,0,0,176,1309,0.48828125,0,12.8,33,52,89,139,595,168,110,1
206,428,FF;FF;FF;FF;FF;2;18;71;17;5;3F;19;0;FF;FF;80;49;5C;59;8B;2;4F;A8;6E;1;0;0;0;92,FF;FF;FF;FF;FF;02;18;71;17;05;3F;19;00;FF;FF;80;49;5C;59;8B;02;4F;A8;6E;01;00;00;00;92,True,,True,20600.0,True,,True,255,255,255,255,255,2,24,113,23,5,63,25,0,255,255,128,73,92,89,139,2,79,168,110,1,0,0,0,146,1343,0.48828125,0,12.8,33,52,89,139,591,168,110,1
207,430,FF;FF;FF;FF;FF;2;18;71;17;5;31;19;0;FF;FF;80;49;5C;59;8D;2;4F;A8;6E;1;0;0;0;9E,FF;FF;FF;FF;FF;02;18;71;17;05;31;19;00;FF;FF;80;49;5C;59;8D;02;4F;A8;6E;01;00;00;00;9E,True,,True,20700.0,True,,True,255,255,255,255,255,2,24,113,23,5,49,25,0,255,255,128,73,92,89,141,2,79,168,110,1,0,0,0,158,1329,0.48828125,0,12.8,33,52,89,141,591,168,110,1
208,432,FF;FF;FF;FF;FF;2;18;71;17;5;31;19;0;FF;FF;80;49;5C;59;8B;2;4F;A8;6E;1;0;0;0;A0,FF;FF;FF;FF;FF;02;18;71;17;05;31;19;00;FF;FF;80;49;5C;59;8B;02;4F;A8;6E;01;00;00;00;A0,True,,True,20800.0,True,,True,255,255,255,255,255,2,24,113,23,5,49,25,0,255,255,128,73,92,89,139,2,79,168,110,1,0,0,0,160,1329,0.48828125,0,12.8,33,52,89,139,591,168,110,1
209,434,FF;FF;FF;FF;FF;2;18;71;17;5;38;19;0;FF;FF;80;49;5C;59;8B;2;4D;A8;6E;1;0;0;0;9B,FF;FF;FF;FF;FF;02;18;71;17;05;38;19;00;FF;FF;80;49;5C;59;8B;02;4D;A8;6E;01;00;00;00;9B,True,,True,20900.0,True,,True,255,255,255,255,255,2,24,113,23,5,56,25,0,255,255,128,73,92,89,139,2,77,168,110,1,0,0,0,155,1336,0.48828125,0,12.8,33,52,89,139,589,168,110,1
210,436,FF;FF;FF;FF;FF;2;18;71;17;5;34;19;0;FF;FF;80;49;5C;59;8C;2;4D;A8;6E;1;0;0;0;9E,FF;FF;FF;FF;FF;02;18;71;17;05;34;19;00;FF;FF;80;49;5C;59;8C;02;4D;A8;6E;01;00;00;00;9E,True,,True,21000.0,True,,True,255,255,255,255,255,2,24,113,23,5,52,25,0,255,255,128,73,92,89,140,2,77,168,110,1,0,0,0,158,1332,0.48828125,0,12.8,33,52,89,140,589,168,110,1
211,438,FF;FF;FF;FF;FF;2;18;71;17;5;67;19;0;FF;FF;80;49;5C;59;8C;2;45;A8;6E;1;0;0;0;73,FF;FF;FF;FF;FF;02;18;71;17;05;67;19;00;FF;FF;80;49;5C;59;8C;02;45;A8;6E;01;00;00;00;73,True,,True,21100.0,True,,True,255,255,255,255,255,2,24,113,23,5,103,25,0,255,255,128,73,92,89,140,2,69,168,110,1,0,0,0,115,1383,0.48828125,0,12.8,33,52,89,140,581,168,110,1
212,440,FF;FF;FF;FF;FF;2;18;71;17;5;62;19;0;FF;FF;80;49;5C;59;8E;2;44;A8;6E;1;0;0;0;77,FF;FF;FF;FF;FF;02;18;71;17;05;62;19;00;FF;FF;80;49;5C;59;8E;02;44;A8;6E;01;00;00;00;77,True,,True,21200.0,True,,True,255,255,255,255,255,2,24,113,23,5,98,25,0,255,255,128,73,92,89,142,2,68,168,110,1,0,0,0,119,1378,0.48828125,0,12.8,33,52,89,142,580,168,110,1
213,442,FF;FF;FF;FF;FF;2;18;71;17;5;62;19;0;FF;FF;80;49;5C;59;8D;2;44;A8;6E;1;0;0;0;78,FF;FF;FF;FF;FF;02;18;71;17;05;62;19;00;FF;FF;80;49;5C;59;8D;02;44;A8;6E;01;00;00;00;78,True,,True,21300.0,True,,True,255,255,255,255,255,2,24,113,23,5,98,25,0,255,255,128,73,92,89,141,2,68,168,110,1,0,0,0,120,1378,0.48828125,0,12.8,33,52,89,141,580,168,110,1
214,444,FF;FF;FF;FF;FF;2;18;71;17;5;56;19;0;FF;FF;80;49;5C;59;8C;2;43;A8;6E;1;0;0;0;86,FF;FF;FF;FF;FF;02;18;71;17;05;56;19;00;FF;FF;80;49;5C;59;8C;02;43;A8;6E;01;00;00;00;86,True,,True,21400.0,True,,True,255,255,255,255,255,2,24,113,23,5,86,25,0,255,255,128,73,92,89,140,2,67,168,110,1,0,0,0,134,1366,0.48828125,0,12.8,33,52,89,140,579,168,110,1
215,446,FF;FF;FF;FF;FF;2;18;71;17;5;64;19;0;FF;FF;80;49;5C;59;8C;2;41;A8;6E;1;0;0;0;7A,FF;FF;FF;FF;FF;02;18;71;17;05;64;19;00;FF;FF;80;49;5C;59;8C;02;41;A8;6E;01;00;00;00;7A,True,,True,21500.0,True,,True,255,255,255,255,255,2,24,113,23,5,100,25,0,255,255,128,73,92,89,140,2,65,168,110,1,0,0,0,122,1380,0.48828125,0,12.8,33,52,89,140,577,168,110,1
216,448,FF;FF;FF;FF;FF;2;18;71;17;5;42;19;0;FF;FF;80;49;5C;59;8C;2;44;A8;6E;1;0;0;0;99,FF;FF;FF;FF;FF;02;18;71;17;05;42;19;00;FF;FF;80;49;5C;59;8C;02;44;A8;6E;01;00;00;00;99,True,,True,21600.0,True,,True,255,255,255,255,255,2,24,113,23,5,66,25,0,255,255,128,73,92,89,140,2,68,168,110,1,0,0,0,153,1346,0.48828125,0,12.8,33,52,89,140,580,168,110,1
217,450,FF;FF;FF;FF;FF;2;18;71;17;5;32;19;0;FF;FF;80;49;5C;59;8E;2;46;A8;6E;1;0;0;0;A5,FF;FF;FF;FF;FF;02;18;71;17;05;32;19;00;FF;FF;80;49;5C;59;8E;02;46;A8;6E;01;00;00;00;A5,True,,True,21700.0,True,,True,255,255,255,255,255,2,24,113,23,5,50,25,0,255,255,128,73,92,89,142,2,70,168,110,1,0,0,0,165,1330,0.48828125,0,12.8,33,52,89,142,582,168,110,1
218,452,FF;FF;FF;FF;FF;2;18;71;17;5;32;19;0;FF;FF;80;49;5C;59;8C;2;46;A8;6E;1;0;0;0;A7,FF;FF;FF;FF;FF;02;18;71;17;05;32;19;00;FF;FF;80;49;5C;59;8C;02;46;A8;6E;01;00;00;00;A7,True,,True,21800.0,True,,True,255,255,255,255,255,2,24,113,23,5,50,25,0,255,255,128,73,92,89,140,2,70,168,110,1,0,0,0,167,1330,0.48828125,0,12.8,33,52,89,140,582,168,110,1
219,454,FF;FF;FF;FF;FF;2;18;71;17;5;2F;19;0;FF;FF;80;49;5C;59;8B;2;46;A8;6E;1;0;0;0;AB,FF;FF;FF;FF;FF;02;18;71;17;05;2F;19;00;FF;FF;80;49;5C;59;8B;02;46;A8;6E;01;00;00;00;AB,True,,True,21900.0,True,,True,255,255,255,255,255,2,24,113,23,5,47,25,0,255,255,128,73,92,89,139,2,70,168,110,1,0,0,0,171,1327,0.48828125,0,12.8,33,52,89,139,582,168,110,1
220,456,FF;FF;FF;FF;FF;2;18;71;17;5;1C;19;0;FF;FF;80;49;5C;59;8C;2;47;A8;6E;1;0;0;0;BC,FF;FF;FF;FF;FF;02;18;71;17;05;1C;19;00;FF;FF;80;49;5C;59;8C;02;47;A8;6E;01;00;00;00;BC,True,,True,22000.0,True,,True,255,255,255,255,255,2,24,113,23,5,28,25,0,255,255,128,73,92,89,140,2,71,168,110,1,0,0,0,188,1308,0.48828125,0,12.8,33,52,89,140,583,168,110,1
221,458,FF;FF;FF;FF;FF;2;18;71;17;5;2D;19;0;FF;FF;80;49;5C;59;8C;2;45;A8;6E;1;0;0;0;AD,FF;FF;FF;FF;FF;02;18;71;17;05;2D;19;00;FF;FF;80;49;5C;59;8C;02;45;A8;6E;01;00;00;00;AD,True,,True,22100.0,True,,True,255,255,255,255,255,2,24,113,23,5,45,25,0,255,255,128,73,92,89,140,2,69,168,110,1,0,0,0,173,1325,0.48828125,0,12.8,33,52,89,140,581,168,110,1
222,460,FF;FF;FF;FF;FF;2;18;71;17;5;3E;19;0;FF;FF;80;49;5C;59;8E;2;44;A8;6E;1;0;0;0;9B,FF;FF;FF;FF;FF;02;18;71;17;05;3E;19;00;FF;FF;80;49;5C;59;8E;02;44;A8;6E;01;00;00;00;9B,True,,True,22200.0,True,,True,255,255,255,255,255,2,24,113,23,5,62,25,0,255,255,128,73,92,89,142,2,68,168,110,1,0,0,0,155,1342,0.48828125,0,12.8,33,52,89,142,580,168,110,1
223,462,FF;FF;FF;FF;FF;2;18;71;17;5;3E;19;0;FF;FF;80;49;5C;59;8D;2;44;A8;6E;1;0;0;0;9C,FF;FF;FF;FF;FF;02;18;71;17;05;3E;19;00;FF;FF;80;49;5C;59;8D;02;44;A8;6E;01;00;00;00;9C,True,,True,22300.0,True,,True,255,255,255,255,255,2,24,113,23,5,62,25,0,255,255,128,73,92,89,141,2,68,168,110,1,0,0,0,156,1342,0.48828125,0,12.8,33,52,89,141,580,168,110,1
224,464,FF;FF;FF;FF;FF;2;18;71;17;5;57;19;0;FF;FF;80;49;5C;59;8C;2;3F;A8;6E;1;0;0;0;89,FF;FF;FF;FF;FF;02;18;71;17;05;57;19;00;FF;FF;80;49;5C;59;8C;02;3F;A8;6E;01;00;00;00;89,True,,True,22400.0,True,,True,255,255,255,255,255,2,24,113,23,5,87,25,0,255,255,128,73,92,89,140,2,63,168,110,1,0,0,0,137,1367,0.48828125,0,12.8,33,52,89,140,575,168,110,1
225,466,FF;FF;FF;FF;FF;2;18;71;17;5;61;19;0;FF;FF;80;49;5C;59;8E;2;3E;A8;6E;1;0;0;0;7E,FF;FF;FF;FF;FF;02;18;71;17;05;61;19;00;FF;FF;80;49;5C;59;8E;02;3E;A8;6E;01;00;00;00;7E,True,,True,22500.0,True,,True,255,255,255,255,255,2,24,113,23,5,97,25,0,255,255,128,73,92,89,142,2,62,168,110,1,0,0,0,126,1377,0.48828125,0,12.8,33,52,89,142,574,168,110,1
226,468,FF;FF;FF;FF;FF;2;18;71;17;5;57;19;0;FF;FF;80;49;5C;59;8D;2;3D;A8;6E;1;0;0;0;8A,FF;FF;FF;FF;FF;02;18;71;17;05;57;19;00;FF;FF;80;49;5C;59;8D;02;3D;A8;6E;01;00;00;00;8A,True,,True,22600.0,True,,True,255,255,255,255,255,2,24,113,23,5,87,25,0,255,255,128,73,92,89,141,2,61,168,110,1,0,0,0,138,1367,0.48828125,0,12.8,33,52,89,141,573,168,110,1
227,470,FF;FF;FF;FF;FF;2;18;71;17;5;47;19;0;FF;FF;80;49;5C;59;8F;2;3E;A8;6E;1;0;0;0;97,FF;FF;FF;FF;FF;02;18;71;17;05;47;19;00;FF;FF;80;49;5C;59;8F;02;3E;A8;6E;01;00;00;00;97,True,,True,22700.0,True,,True,255,255,255,255,255,2,24,113,23,5,71,25,0,255,255,128,73,92,89,143,2,62,168,110,1,0,0,0,151,1351,0.48828125,0,12.8,33,52,89,143,574,168,110,1
228,472,FF;FF;FF;FF;FF;2;18;71;17;5;47;19;0;FF;FF;80;49;5C;59;8E;2;3E;A8;6E;1;0;0;0;98,FF;FF;FF;FF;FF;02;18;71;17;05;47;19;00;FF;FF;80;49;5C;59;8E;02;3E;A8;6E;01;00;00;00;98,True,,True,22800.0,True,,True,255,255,255,255,255,2,24,113,23,5,71,25,0,255,255,128,73,92,89,142,2,62,168,110,1,0,0,0,152,1351,0.48828125,0,12.8,33,52,89,142,574,168,110,1
229,474,FF;FF;FF;FF;FF;2;18;71;17;5;4B;19;0;FF;FF;80;49;5C;59;8C;2;3D;A8;6E;1;0;0;0;97,FF;FF;FF;FF;FF;02;18;71;17;05;4B;19;00;FF;FF;80;49;5C;59;8C;02;3D;A8;6E;01;00;00;00;97,True,,True,22900.0,True,,True,255,255,255,255,255,2,24,113,23,5,75,25,0,255,255,128,73,92,89,140,2,61,168,110,1,0,0,0,151,1355,0.48828125,0,12.8,33,52,89,140,573,168,110,1
230,476,FF;FF;FF;FF;FF;2;18;71;17;5;52;19;0;FF;FF;80;49;5C;59;8E;2;3C;A8;6E;1;0;0;0;8F,FF;FF;FF;FF;FF;02;18;71;17;05;52;19;00;FF;FF;80;49;5C;59;8E;02;3C;A8;6E;01;00;00;00;8F,True,,True,23000.0,True,,True,255,255,255,255,255,2,24,113,23,5,82,25,0,255,255,128,73,92,89,142,2,60,168,110,1,0,0,0,143,1362,0.48828125,0,12.8,33,52,89,142,572,168,110,1
231,478,FF;FF;FF;FF;FF;2;18;71;17;5;4C;19;0;FF;FF;80;49;5C;59;8E;2;3C;A8;6E;1;0;0;0;95,FF;FF;FF;FF;FF;02;18;71;17;05;4C;19;00;FF;FF;80;49;5C;59;8E;02;3C;A8;6E;01;00;00;00;95,True,,True,23100.0,True,,True,255,255,255,255,255,2,24,113,23,5,76,25,0,255,255,128,73,92,89,142,2,60,168,110,1,0,0,0,149,1356,0.48828125,0,12.8,33,52,89,142,572,168,110,1
232,480,FF;FF;FF;FF;FF;2;18;71;17;5;5B;19;0;FF;FF;80;49;5C;59;90;2;3A;A8;6E;1;0;0;0;86,FF;FF;FF;FF;FF;02;18;71;17;05;5B;19;00;FF;FF;80;49;5C;59;90;02;3A;A8;6E;01;00;00;00;86,True,,True,23200.0,True,,True,255,255,255,255,255,2,24,113,23,5,91,25,0,255,255,128,73,92,89,144,2,58,168,110,1,0,0,0,134,1371,0.48828125,0,12.8,33,52,89,144,570,168,110,1
233,482,FF;FF;FF;FF;FF;2;18;71;17;5;5B;19;0;FF;FF;80;49;5C;59;8F;2;3A;A8;6E;1;0;0;0;87,FF;FF;FF;FF;FF;02;18;71;17;05;5B;19;00;FF;FF;80;49;5C;59;8F;02;3A;A8;6E;01;00;00;00;87,True,,True,23300.0,True,,True,255,255,255,255,255,2,24,113,23,5,91,25,0,255,255,128,73,92,89,143,2,58,168,110,1,0,0,0,135,1371,0.48828125,0,12.8,33,52,89,143,570,168,110,1
234,484,FF;FF;FF;FF;FF;2;18;71;17;5;5F;19;0;FF;FF;80;49;5C;59;8E;2;3A;A8;6E;1;0;0;0;84,FF;FF;FF;FF;FF;02;18;71;17;05;5F;19;00;FF;FF;80;49;5C;59;8E;02;3A;A8;6E;01;00;00;00;84,True,,True,23400.0,True,,True,255,255,255,255,255,2,24,113,23,5,95,25,0,255,255,128,73,92,89,142,2,58,168,110,1,0,0,0,132,1375,0.48828125,0,12.8,33,52,89,142,570,168,110,1
235,486,FF;FF;FF;FF;FF;2;18;71;17;5;5C;19;0;FF;FF;80;49;5C;59;8E;2;3A;A8;6E;1;0;0;0;87,FF;FF;FF;FF;FF;02;18;71;17;05;5C;19;00;FF;FF;80;49;5C;59;8E;02;3A;A8;6E;01;00;00;00;87,True,,True,23500.0,True,,True,255,255,255,255,255,2,24,113,23,5,92,25,0,255,255,128,73,92,89,142,2,58,168,110,1,0,0,0,135,1372,0.48828125,0,12.8,33,52,89,142,570,168,110,1
236,488,FF;FF;FF;FF;FF;2;18;71;17;5;68;19;0;FF;FF;80;49;5C;59;8F;2;36;A8;6E;1;0;0;0;7E,FF;FF;FF;FF;FF;02;18;71;17;05;68;19;00;FF;FF;80;49;5C;59;8F;02;36;A8;6E;01;00;00;00;7E,True,,True,23600.0,True,,True,255,255,255,255,255,2,24,113,23,5,104,25,0,255,255,128,73,92,89,143,2,54,168,110,1,0,0,0,126,1384,0.48828125,0,12.8,33,52,89,143,566,168,110,1
237,490,FF;FF;FF;FF;FF;2;18;71;17;5;7B;19;0;FF;FF;80;49;5C;59;90;2;34;A8;6E;1;0;0;0;6C,FF;FF;FF;FF;FF;02;18;71;17;05;7B;19;00;FF;FF;80;49;5C;59;90;02;34;A8;6E;01;00;00;00;6C,True,,True,23700.0,True,,True,255,255,255,255,255,2,24,113,23,5,123,25,0,255,255,128,73,92,89,144,2,52,168,110,1,0,0,0,108,1403,0.48828125,0,12.8,33,52,89,144,564,168,110,1
238,492,FF;FF;FF;FF;FF;2;18;71;17;5;81;19;0;FF;FF;80;49;5C;59;91;2;31;A8;6E;1;0;0;0;68,FF;FF;FF;FF;FF;02;18;71;17;05;81;19;00;FF;FF;80;49;5C;59;91;02;31;A8;6E;01;00;00;00;68,True,,True,23800.0,True,,True,255,255,255,255,255,2,24,113,23,5,129,25,0,255,255,128,73,92,89,145,2,49,168,110,1,0,0,0,104,1409,0.48828125,0,12.8,33,52,89,145,561,168,110,1
239,494,FF;FF;FF;FF;FF;2;18;71;17;5;81;19;0;FF;FF;80;49;5C;59;90;2;31;AA;6E;1;0;0;0;67,FF;FF;FF;FF;FF;02;18;71;17;05;81;19;00;FF;FF;80;49;5C;59;90;02;31;AA;6E;01;00;00;00;67,True,,True,23900.0,True,,True,255,255,255,255,255,2,24,113,23,5,129,25,0,255,255,128,73,92,89,144,2,49,170,110,1,0,0,0,103,1409,0.48828125,0,12.8,33,52,89,144,561,170,110,1
240,496,FF;FF;FF;FF;FF;2;18;71;17;5;80;19;0;FF;FF;80;49;5C;59;8F;2;31;A9;6E;1;0;0;0;6A,FF;FF;FF;FF;FF;02;18;71;17;05;80;19;00;FF;FF;80;49;5C;59;8F;02;31;A9;6E;01;00;00;00;6A,True,,True,24000.0,True,,True,255,255,255,255,255,2,24,113,23,5,128,25,0,255,255,128,73,92,89,143,2,49,169,110,1,0,0,0,106,1408,0.48828125,0,12.8,33,52,89,143,561,169,110,1
241,498,FF;FF;FF;FF;FF;2;18;71;17;5;67;19;0;FF;FF;80;49;5C;59;8F;2;33;A8;6E;1;0;0;0;82,FF;FF;FF;FF;FF;02;18;71;17;05;67;19;00;FF;FF;80;49;5C;59;8F;02;33;A8;6E;01;00;00;00;82,True,,True,24100.0,True,,True,255,255,255,255,255,2,24,113,23,5,103,25,0,255,255,128,73,92,89,143,2,51,168,110,1,0,0,0,130,1383,0.48828125,0,12.8,33,52,89,143,563,168,110,1
242,500,FF;FF;FF;FF;FF;2;18;71;17;5;4F;19;0;FF;FF;80;49;5C;59;8F;2;35;A8;6E;1;0;0;0;98,FF;FF;FF;FF;FF;02;18;71;17;05;4F;19;00;FF;FF;80;49;5C;59;8F;02;35;A8;6E;01;00;00;00;98,True,,True,24200.0,True,,True,255,255,255,255,255,2,24,113,23,5,79,25,0,255,255,128,73,92,89,143,2,53,168,110,1,0,0,0,152,1359,0.48828125,0,12.8,33,52,89,143,565,168,110,1
243,502,FF;FF;FF;FF;FF;2;18;71;17;5;53;19;0;FF;FF;80;49;5C;59;91;2;34;A8;6E;1;0;0;0;93,FF;FF;FF;FF;FF;02;18;71;17;05;53;19;00;FF;FF;80;49;5C;59;91;02;34;A8;6E;01;00;00;00;93,True,,True,24300.0,True,,True,255,255,255,255,255,2,24,113,23,5,83,25,0,255,255,128,73,92,89,145,2,52,168,110,1,0,0,0,147,1363,0.48828125,0,12.8,33,52,89,145,564,168,110,1
244,504,FF;FF;FF;FF;FF;2;18;71;17;5;53;19;0;FF;FF;80;49;5C;59;90;2;34;A8;6E;1;0;0;0;94,FF;FF;FF;FF;FF;02;18;71;17;05;53;19;00;FF;FF;80;49;5C;59;90;02;34;A8;6E;01;00;00;00;94,True,,True,24400.0,True,,True,255,255,255,255,255,2,24,113,23,5,83,25,0,255,255,128,73,92,89,144,2,52,168,110,1,0,0,0,148,1363,0.48828125,0,12.8,33,52,89,144,564,168,110,1
245,506,FF;FF;FF;FF;FF;2;18;71;17;5;5B;19;0;FF;FF;80;49;5C;59;8E;2;33;A8;6E;1;0;0;0;8F,FF;FF;FF;FF;FF;02;18;71;17;05;5B;19;00;FF;FF;80;49;5C;59;8E;02;33;A8;6E;01;00;00;00;8F,True,,True,24500.0,True,,True,255,255,255,255,255,2,24,113,23,5,91,25,0,255,255,128,73,92,89,142,2,51,168,110,1,0,0,0,143,1371,0.48828125,0,12.8,33,52,89,142,563,168,110,1
246,508,FF;FF;FF;FF;FF;2;18;71;17;5;41;19;0;FF;FF;80;49;5C;59;8E;2;36;A8;6E;1;0;0;0;A6,FF;FF;FF;FF;FF;02;18;71;17;05;41;19;00;FF;FF;80;49;5C;59;8E;02;36;A8;6E;01;00;00;00;A6,True,,True,24600.0,True,,True,255,255,255,255,255,2,24,113,23,5,65,25,0,255,255,128,73,92,89,142,2,54,168,110,1,0,0,0,166,1345,0.48828125,0,12.8,33,52,89,142,566,168,110,1
247,510,FF;FF;FF;FF;FF;2;18;71;17;5;21;19;0;FF;FF;80;49;5C;59;8E;2;39;A8;6E;1;0;0;0;C3,FF;FF;FF;FF;FF;02;18;71;17;05;21;19;00;FF;FF;80;49;5C;59;8E;02;39;A8;6E;01;00;00;00;C3,True,,True,24700.0,True,,True,255,255,255,255,255,2,24,113,23,5,33,25,0,255,255,128,73,92,89,142,2,57,168,110,1,0,0,0,195,1313,0.48828125,0,12.8,33,52,89,142,569,168,110,1
248,512,FF;FF;FF;FF;FF;2;18;71;17;5;21;19;0;FF;FF;80;49;5C;59;90;2;3A;A8;6E;1;0;0;0;C0,FF;FF;FF;FF;FF;02;18;71;17;05;21;19;00;FF;FF;80;49;5C;59;90;02;3A;A8;6E;01;00;00;00;C0,True,,True,24800.0,True,,True,255,255,255,255,255,2,24,113,23,5,33,25,0,255,255,128,73,92,89,144,2,58,168,110,1,0,0,0,192,1313,0.48828125,0,12.8,33,52,89,144,570,168,110,1
249,514,FF;FF;FF;FF;FF;2;18;71;17;5;21;19;0;FF;FF;80;49;5C;59;8F;2;3A;A8;6E;1;0;0;0;C1,FF;FF;FF;FF;FF;02;18;71;17;05;21;19;00;FF;FF;80;49;5C;59;8F;02;3A;A8;6E;01;00;00;00;C1,True,,True,24900.0,True,,True,255,255,255,255,255,2,24,113,23,5,33,25,0,255,255,128,73,92,89,143,2,58,168,110,1,0,0,0,193,1313,0.48828125,0,12.8,33,52,89,143,570,168,110,1
250,516,FF;FF;FF;FF;FF;2;18;71;17;5;3D;19;0;FF;FF;80;49;5C;59;8D;2;37;A8;6E;1;0;0;0;AA,FF;FF;FF;FF;FF;02;18;71;17;05;3D;19;00;FF;FF;80;49;5C;59;8D;02;37;A8;6E;01;00;00;00;AA,True,,True,25000.0,True,,True,255,255,255,255,255,2,24,113,23,5,61,25,0,255,255,128,73,92,89,141,2,55,168,110,1,0,0,0,170,1341,0.48828125,0,12.8,33,52,89,141,567,168,110,1
251,518,FF;FF;FF;FF;FF;2;18;71;17;5;36;19;0;FF;FF;80;49;5C;59;8E;2;37;A8;6E;1;0;0;0;B0,FF;FF;FF;FF;FF;02;18;71;17;05;36;19;00;FF;FF;80;49;5C;59;8E;02;37;A8;6E;01;00;00;00;B0,True,,True,25100.0,True,,True,255,255,255,255,255,2,24,113,23,5,54,25,0,255,255,128,73,92,89,142,2,55,168,110,1,0,0,0,176,1334,0.48828125,0,12.8,33,52,89,142,567,168,110,1
252,520,FF;FF;FF;FF;FF;2;18;71;17;5;3F;19;0;FF;FF;80;49;5C;59;8F;2;36;A8;6E;1;0;0;0;A7,FF;FF;FF;FF;FF;02;18;71;17;05;3F;19;00;FF;FF;80;49;5C;59;8F;02;36;A8;6E;01;00;00;00;A7,True,,True,25200.0,True,,True,255,255,255,255,255,2,24,113,23,5,63,25,0,255,255,128,73,92,89,143,2,54,168,110,1,0,0,0,167,1343,0.48828125,0,12.8,33,52,89,143,566,168,110,1
253,522,FF;FF;FF;FF;FF;2;18;71;17;5;4D;19;0;FF;FF;80;49;5C;59;90;2;33;A8;6E;1;0;0;0;9B,FF;FF;FF;FF;FF;02;18;71;17;05;4D;19;00;FF;FF;80;49;5C;59;90;02;33;A8;6E;01;00;00;00;9B,True,,True,25300.0,True,,True,255,255,255,255,255,2,24,113,23,5,77,25,0,255,255,128,73,92,89,144,2,51,168,110,1,0,0,0,155,1357,0.48828125,0,12.8,33,52,89,144,563,168,110,1
254,524,FF;FF;FF;FF;FF;2;18;71;17;5;4D;19;0;FF;FF;80;49;5C;59;8F;2;33;A8;6E;1;0;0;0;9C,FF;FF;FF;FF;FF;02;18;71;17;05;4D;19;00;FF;FF;80;49;5C;59;8F;02;33;A8;6E;01;00;00;00;9C,True,,True,25400.0,True,,True,255,255,255,255,255,2,24,113,23,5,77,25,0,255,255,128,73,92,89,143,2,51,168,110,1,0,0,0,156,1357,0.48828125,0,12.8,33,52,89,143,563,168,110,1
255,526,FF;FF;FF;FF;FF;2;18;71;17;5;38;19;0;FF;FF;80;49;5C;59;8D;2;34;A8;6E;1;0;0;0;B2,FF;FF;FF;FF;FF;02;18;71;17;05;38;19;00;FF;FF;80;49;5C;59;8D;02;34;A8;6E;01;00;00;00;B2,True,,True,25500.0,True,,True,255,255,255,255,255,2,24,113,23,5,56,25,0,255,255,128,73,92,89,141,2,52,168,110,1,0,0,0,178,1336,0.48828125,0,12.8,33,52,89,141,564,168,110,1
256,528,FF;FF;FF;FF;FF;2;18;71;17;5;2D;19;0;FF;FF;80;49;5C;59;8E;2;35;A8;6E;1;0;0;0;BB,FF;FF;FF;FF;FF;02;18;71;17;05;2D;19;00;FF;FF;80;49;5C;59;8E;02;35;A8;6E;01;00;00;00;BB,True,,True,25600.0,True,,True,255,255,255,255,255,2,24,113,23,5,45,25,0,255,255,128,73,92,89,142,2,53,168,110,1,0,0,0,187,1325,0.48828125,0,12.8,33,52,89,142,565,168,110,1
257,530,FF;FF;FF;FF;FF;2;18;71;17;5;25;19;0;FF;FF;80;49;5C;59;8F;2;37;A8;6E;1;0;0;0;C0,FF;FF;FF;FF;FF;02;18;71;17;05;25;19;00;FF;FF;80;49;5C;59;8F;02;37;A8;6E;01;00;00;00;C0,True,,True,25700.0,True,,True,255,255,255,255,255,2,24,113,23,5,37,25,0,255,255,128,73,92,89,143,2,55,168,110,1,0,0,0,192,1317,0.48828125,0,12.8,33,52,89,143,567,168,110,1
258,532,FF;FF;FF;FF;FF;2;18;71;17;5;25;19;0;FF;FF;80;49;5C;59;8F;2;37;A8;6E;1;0;0;0;C0,FF;FF;FF;FF;FF;02;18;71;17;05;25;19;00;FF;FF;80;49;5C;59;8F;02;37;A8;6E;01;00;00;00;C0,True,,True,25800.0,True,,True,255,255,255,255,255,2,24,113,23,5,37,25,0,255,255,128,73,92,89,143,2,55,168,110,1,0,0,0,192,1317,0.48828125,0,12.8,33,52,89,143,567,168,110,1
259,534,FF;FF;FF;FF;FF;2;18;71;17;5;27;19;0;FF;FF;80;49;5C;59;8D;2;36;A8;6E;1;0;0;0;C1,FF;FF;FF;FF;FF;02;18;71;17;05;27;19;00;FF;FF;80;49;5C;59;8D;02;36;A8;6E;01;00;00;00;C1,True,,True,25900.0,True,,True,255,255,255,255,255,2,24,113,23,5,39,25,0,255,255,128,73,92,89,141,2,54,168,110,1,0,0,0,193,1319,0.48828125,0,12.8,33,52,89,141,566,168,110,1
260,536,FF;FF;FF;FF;FF;2;18;71;17;5;24;19;0;FF;FF;80;49;5C;59;8E;2;36;A8;6E;1;0;0;0;C3,FF;FF;FF;FF;FF;02;18;71;17;05;24;19;00;FF;FF;80;49;5C;59;8E;02;36;A8;6E;01;00;00;00;C3,True,,True,26000.0,True,,True,255,255,255,255,255,2,24,113,23,5,36,25,0,255,255,128,73,92,89,142,2,54,168,110,1,0,0,0,195,1316,0.48828125,0,12.8,33,52,89,142,566,168,110,1
261,538,FF;FF;FF;FF;FF;2;18;71;17;5;31;19;0;FF;FF;80;49;5C;59;8E;2;35;A8;6E;1;0;0;0;B7,FF;FF;FF;FF;FF;02;18;71;17;05;31;19;00;FF;FF;80;49;5C;59;8E;02;35;A8;6E;01;00;00;00;B7,True,,True,26100.0,True,,True,255,255,255,255,255,2,24,113,23,5,49,25,0,255,255,128,73,92,89,142,2,53,168,110,1,0,0,0,183,1329,0.48828125,0,12.8,33,52,89,142,565,168,110,1
262,540,FF;FF;FF;FF;FF;2;18;71;17;5;2C;19;0;FF;FF;80;49;5C;59;90;2;34;A8;6E;1;0;0;0;BB,FF;FF;FF;FF;FF;02;18;71;17;05;2C;19;00;FF;FF;80;49;5C;59;90;02;34;A8;6E;01;00;00;00;BB,True,,True,26200.0,True,,True,255,255,255,255,255,2,24,113,23,5,44,25,0,255,255,128,73,92,89,144,2,52,168,110,1,0,0,0,187,1324,0.48828125,0,12.8,33,52,89,144,564,168,110,1
263,542,FF;FF;FF;FF;FF;2;18;71;17;5;2C;19;0;FF;FF;80;49;5C;59;8F;2;34;A8;6E;1;0;0;0;BC,FF;FF;FF;FF;FF;02;18;71;17;05;2C;19;00;FF;FF;80;49;5C;59;8F;02;34;A8;6E;01;00;00;00;BC,True,,True,26300.0,True,,True,255,255,255,255,255,2,24,113,23,5,44,25,0,255,255,128,73,92,89,143,2,52,168,110,1,0,0,0,188,1324,0.48828125,0,12.8,33,52,89,143,564,168,110,1
264,544,FF;FF;FF;FF;FF;2;18;71;17;5;33;19;0;FF;FF;80;49;5C;59;8C;2;34;A8;6E;1;0;0;0;B8,FF;FF;FF;FF;FF;02;18;71;17;05;33;19;00;FF;FF;80;49;5C;59;8C;02;34;A8;6E;01;00;00;00;B8,True,,True,26400.0,True,,True,255,255,255,255,255,2,24,113,23,5,51,25,0,255,255,128,73,92,89,140,2,52,168,110,1,0,0,0,184,1331,0.48828125,0,12.8,33,52,89,140,564,168,110,1
265,546,FF;FF;FF;FF;FF;2;18;71;17;5;3B;19;0;FF;FF;80;49;5C;59;8E;2;31;A8;6E;1;0;0;0;B1,FF;FF;FF;FF;FF;02;18;71;17;05;3B;19;00;FF;FF;80;49;5C;59;8E;02;31;A8;6E;01;00;00;00;B1,True,,True,26500.0,True,,True,255,255,255,255,255,2,24,113,23,5,59,25,0,255,255,128,73,92,89,142,2,49,168,110,1,0,0,0,177,1339,0.48828125,0,12.8,33,52,89,142,561,168,110,1
266,548,FF;FF;FF;FF;FF;2;18;71;17;5;1B;19;0;FF;FF;80;49;5C;59;8F;2;35;A8;6E;1;0;0;0;CC,FF;FF;FF;FF;FF;02;18;71;17;05;1B;19;00;FF;FF;80;49;5C;59;8F;02;35;A8;6E;01;00;00;00;CC,True,,True,26600.0,True,,True,255,255,255,255,255,2,24,113,23,5,27,25,0,255,255,128,73,92,89,143,2,53,168,110,1,0,0,0,204,1307,0.48828125,0,12.8,33,52,89,143,565,168,110,1
267,550,FF;FF;FF;FF;FF;2;18;71;17;5;1B;19;0;FF;FF;80;49;5C;59;8F;2;35;A8;6E;1;0;0;0;CC,FF;FF;FF;FF;FF;02;18;71;17;05;1B;19;00;FF;FF;80;49;5C;59;8F;02;35;A8;6E;01;00;00;00;CC,True,,True,26700.0,True,,True,255,255,255,255,255,2,24,113,23,5,27,25,0,255,255,128,73,92,89,143,2,53,168,110,1,0,0,0,204,1307,0.48828125,0,12.8,33,52,89,143,565,168,110,1
268,552,FF;FF;FF;FF;FF;2;18;71;17;5;1C;19;0;FF;FF;80;49;5C;59;8C;2;34;A8;6E;1;0;0;0;CF,FF;FF;FF;FF;FF;02;18;71;17;05;1C;19;00;FF;FF;80;49;5C;59;8C;02;34;A8;6E;01;00;00;00;CF,True,,True,26800.0,True,,True,255,255,255,255,255,2,24,113,23,5,28,25,0,255,255,128,73,92,89,140,2,52,168,110,1,0,0,0,207,1308,0.48828125,0,12.8,33,52,89,140,564,168,110,1
269,554,FF;FF;FF;FF;FF;2;18;71;17;5;2;19;0;FF;FF;80;49;5C;59;8C;2;38;A8;6E;1;0;0;0;E5,FF;FF;FF;FF;FF;02;18;71;17;05;02;19;00;FF;FF;80;49;5C;59;8C;02;38;A8;6E;01;00;00;00;E5,True,,True,26900.0,True,,True,255,255,255,255,255,2,24,113,23,5,2,25,0,255,255,128,73,92,89,140,2,56,168,110,1,0,0,0,229,1282,0.48828125,0,12.8,33,52,89,140,568,168,110,1
270,556,FF;FF;FF;FF;FF;2;18;71;17;5;1;19;0;FF;FF;80;49;5C;59;8B;2;37;A8;6E;1;0;0;0;E8,FF;FF;FF;FF;FF;02;18;71;17;05;01;19;00;FF;FF;80;49;5C;59;8B;02;37;A8;6E;01;00;00;00;E8,True,,True,27000.0,True,,True,255,255,255,255,255,2,24,113,23,5,1,25,0,255,255,128,73,92,89,139,2,55,168,110,1,0,0,0,232,1281,0.48828125,0,12.8,33,52,89,139,567,168,110,1
271,558,FF;FF;FF;FF;FF;2;18;71;17;5;1;19;0;FF;FF;80;49;5C;59;8E;2;37;A8;6E;1;0;0;0;E5,FF;FF;FF;FF;FF;02;18;71;17;05;01;19;00;FF;FF;80;49;5C;59;8E;02;37;A8;6E;01;00;00;00;E5,True,,True,27100.0,True,,True,255,255,255,255,255,2,24,113,23,5,1,25,0,255,255,128,73,92,89,142,2,55,168,110,1,0,0,0,229,1281,0.48828125,0,12.8,33,52,89,142,567,168,110,1
272,560,FF;FF;FF;FF;FF;2;18;71;17;4;D8;19;0;FF;FF;80;49;5C;59;8C;2;3C;A8;6E;1;0;0;0;C,FF;FF;FF;FF;FF;02;18;71;17;04;D8;19;00;FF;FF;80;49;5C;59;8C;02;3C;A8;6E;01;00;00;00;0C,True,,True,27200.0,True,,True,255,255,255,255,255,2,24,113,23,4,216,25,0,255,255,128,73,92,89,140,2,60,168,110,1,0,0,0,12,1240,0.48828125,0,12.8,33,52,89,140,572,168,110,1
273,562,FF;FF;FF;FF;FF;2;18;71;17;5;33;19;0;FF;FF;80;49;5C;59;8C;2;32;A8;6E;1;0;0;0;BA,FF;FF;FF;FF;FF;02;18;71;17;05;33;19;00;FF;FF;80;49;5C;59;8C;02;32;A8;6E;01;00;00;00;BA,True,,True,27300.0,True,,True,255,255,255,255,255,2,24,113,23,5,51,25,0,255,255,128,73,92,89,140,2,50,168,110,1,0,0,0,186,1331,0.48828125,0,12.8,33,52,89,140,562,168,110,1
274,564,FF;FF;FF;FF;FF;2;18;71;17;5;47;19;0;FF;FF;80;49;5C;59;8F;2;2F;A8;6E;1;0;0;0;A6,FF;FF;FF;FF;FF;02;18;71;17;05;47;19;00;FF;FF;80;49;5C;59;8F;02;2F;A8;6E;01;00;00;00;A6,True,,True,27400.0,True,,True,255,255,255,255,255,2,24,113,23,5,71,25,0,255,255,128,73,92,89,143,2,47,168,110,1,0,0,0,166,1351,0.48828125,0,12.8,33,52,89,143,559,168,110,1
275,566,FF;FF;FF;FF;FF;2;18;71;17;5;49;19;0;FF;FF;80;49;5C;59;8F;2;2D;A8;6E;1;0;0;0;A6,FF;FF;FF;FF;FF;02;18;71;17;05;49;19;00;FF;FF;80;49;5C;59;8F;02;2D;A8;6E;01;00;00;00;A6,True,,True,27500.0,True,,True,255,255,255,255,255,2,24,113,23,5,73,25,0,255,255,128,73,92,89,143,2,45,168,110,1,0,0,0,166,1353,0.48828125,0,12.8,33,52,89,143,557,168,110,1
276,568,FF;FF;FF;FF;FF;2;18;71;17;5;49;19;0;FF;FF;80;49;5C;59;90;2;2D;A8;6E;1;0;0;0;A5,FF;FF;FF;FF;FF;02;18;71;17;05;49;19;00;FF;FF;80;49;5C;59;90;02;2D;A8;6E;01;00;00;00;A5,True,,True,27600.0,True,,True,255,255,255,255,255,2,24,113,23,5,73,25,0,255,255,128,73,92,89,144,2,45,168,110,1,0,0,0,165,1353,0.48828125,0,12.8,33,52,89,144,557,168,110,1
277,570,FF;FF;FF;FF;FF;2;18;71;17;5;15;19;0;FF;FF;80;49;5C;59;8F;2;33;A8;6E;1;0;0;0;D4,FF;FF;FF;FF;FF;02;18;71;17;05;15;19;00;FF;FF;80;49;5C;59;8F;02;33;A8;6E;01;00;00;00;D4,True,,True,27700.0,True,,True,255,255,255,255,255,2,24,113,23,5,21,25,0,255,255,128,73,92,89,143,2,51,168,110,1,0,0,0,212,1301,0.48828125,0,12.8,33,52,89,143,563,168,110,1
278,572,FF;FF;FF;FF;FF;2;18;71;17;5;4E;19;0;FF;FF;80;49;5C;59;8E;2;2C;A8;6E;1;0;0;0;A3,FF;FF;FF;FF;FF;02;18;71;17;05;4E;19;00;FF;FF;80;49;5C;59;8E;02;2C;A8;6E;01;00;00;00;A3,True,,True,27800.0,True,,True,255,255,255,255,255,2,24,113,23,5,78,25,0,255,255,128,73,92,89,142,2,44,168,110,1,0,0,0,163,1358,0.48828125,0,12.8,33,52,89,142,556,168,110,1
279,574,FF;FF;FF;FF;FF;2;18;71;17;5;42;19;0;FF;FF;80;49;5C;59;90;2;2D;A8;6E;1;0;0;0;AC,FF;FF;FF;FF;FF;02;18;71;17;05;42;19;00;FF;FF;80;49;5C;59;90;02;2D;A8;6E;01;00;00;00;AC,True,,True,27900.0,True,,True,255,255,255,255,255,2,24,113,23,5,66,25,0,255,255,128,73,92,89,144,2,45,168,110,1,0,0,0,172,1346,0.48828125,0,12.8,33,52,89,144,557,168,110,1
280,576,FF;FF;FF;FF;FF;2;18;71;17;5;58;19;0;FF;FF;80;49;5C;59;91;2;2A;A8;6E;1;0;0;0;98,FF;FF;FF;FF;FF;02;18;71;17;05;58;19;00;FF;FF;80;49;5C;59;91;02;2A;A8;6E;01;00;00;00;98,True,,True,28000.0,True,,True,255,255,255,255,255,2,24,113,23,5,88,25,0,255,255,128,73,92,89,145,2,42,168,110,1,0,0,0,152,1368,0.48828125,0,12.8,33,52,89,145,554,168,110,1
281,578,FF;FF;FF;FF;FF;2;18;71;17;5;58;19;0;FF;FF;80;49;5C;59;91;2;2A;A8;6E;1;0;0;0;98,FF;FF;FF;FF;FF;02;18;71;17;05;58;19;00;FF;FF;80;49;5C;59;91;02;2A;A8;6E;01;00;00;00;98,True,,True,28100.0,True,,True,255,255,255,255,255,2,24,113,23,5,88,25,0,255,255,128,73,92,89,145,2,42,168,110,1,0,0,0,152,1368,0.48828125,0,12.8,33,52,89,145,554,168,110,1
282,580,FF;FF;FF;FF;FF;2;18;71;17;5;57;19;0;FF;FF;80;49;5C;59;8F;2;2A;A8;6E;1;0;0;0;9B,FF;FF;FF;FF;FF;02;18;71;17;05;57;19;00;FF;FF;80;49;5C;59;8F;02;2A;A8;6E;01;00;00;00;9B,True,,True,28200.0,True,,True,255,255,255,255,255,2,24,113,23,5,87,25,0,255,255,128,73,92,89,143,2,42,168,110,1,0,0,0,155,1367,0.48828125,0,12.8,33,52,89,143,554,168,110,1
283,582,FF;FF;FF;FF;FF;2;18;71;17;5;44;19;0;FF;FF;80;49;5C;59;8B;2;2C;A8;6E;1;0;0;0;B0,FF;FF;FF;FF;FF;02;18;71;17;05;44;19;00;FF;FF;80;49;5C;59;8B;02;2C;A8;6E;01;00;00;00;B0,True,,True,28300.0,True,,True,255,255,255,255,255,2,24,113,23,5,68,25,0,255,255,128,73,92,89,139,2,44,168,110,1,0,0,0,176,1348,0.48828125,0,12.8,33,52,89,139,556,168,110,1
284,584,FF;FF;FF;FF;FF;2;18;71;17;5;5;19;0;FF;FF;80;49;5C;59;8F;2;33;A8;6E;1;0;0;0;E4,FF;FF;FF;FF;FF;02;18;71;17;05;05;19;00;FF;FF;80;49;5C;59;8F;02;33;A8;6E;01;00;00;00;E4,True,,True,28400.0,True,,True,255,255,255,255,255,2,24,113,23,5,5,25,0,255,255,128,73,92,89,143,2,51,168,110,1,0,0,0,228,1285,0.48828125,0,12.8,33,52,89,143,563,168,110,1
285,586,FF;FF;FF;FF;FF;2;18;71;17;5;38;19;0;FF;FF;80;49;5C;59;91;2;2E;A8;6E;1;0;0;0;B4,FF;FF;FF;FF;FF;02;18;71;17;05;38;19;00;FF;FF;80;49;5C;59;91;02;2E;A8;6E;01;00;00;00;B4,True,,True,28500.0,True,,True,255,255,255,255,255,2,24,113,23,5,56,25,0,255,255,128,73,92,89,145,2,46,168,110,1,0,0,0,180,1336,0.48828125,0,12.8,33,52,89,145,558,168,110,1
286,588,FF;FF;FF;FF;FF;2;18;71;17;5;38;19;0;FF;FF;80;49;5C;59;90;2;2E;A8;6E;1;0;0;0;B5,FF;FF;FF;FF;FF;02;18;71;17;05;38;19;00;FF;FF;80;49;5C;59;90;02;2E;A8;6E;01;00;00;00;B5,True,,True,28600.0,True,,True,255,255,255,255,255,2,24,113,23,5,56,25,0,255,255,128,73,92,89,144,2,46,168,110,1,0,0,0,181,1336,0.48828125,0,12.8,33,52,89,144,558,168,110,1
287,590,FF;FF;FF;FF;FF;2;18;71;17;5;32;19;0;FF;FF;80;49;5C;59;8E;2;2F;A8;6E;1;0;0;0;BC,FF;FF;FF;FF;FF;02;18;71;17;05;32;19;00;FF;FF;80;49;5C;59;8E;02;2F;A8;6E;01;00;00;00;BC,True,,True,28700.0,True,,True,255,255,255,255,255,2,24,113,23,5,50,25,0,255,255,128,73,92,89,142,2,47,168,110,1,0,0,0,188,1330,0.48828125,0,12.8,33,52,89,142,559,168,110,1
288,592,FF;FF;FF;FF;FF;2;18;71;17;5;2D;19;0;FF;FF;80;49;5C;59;8F;2;2F;A8;6E;1;0;0;0;C0,FF;FF;FF;FF;FF;02;18;71;17;05;2D;19;00;FF;FF;80;49;5C;59;8F;02;2F;A8;6E;01;00;00;00;C0,True,,True,28800.0,True,,True,255,255,255,255,255,2,24,113,23,5,45,25,0,255,255,128,73,92,89,143,2,47,168,110,1,0,0,0,192,1325,0.48828125,0,12.8,33,52,89,143,559,168,110,1
289,594,FF;FF;FF;FF;FF;2;18;71;17;5;20;19;0;FF;FF;80;49;5C;59;90;2;30;A8;6E;1;0;0;0;CB,FF;FF;FF;FF;FF;02;18;71;17;05;20;19;00;FF;FF;80;49;5C;59;90;02;30;A8;6E;01;00;00;00;CB,True,,True,28900.0,True,,True,255,255,255,255,255,2,24,113,23,5,32,25,0,255,255,128,73,92,89,144,2,48,168,110,1,0,0,0,203,1312,0.48828125,0,12.8,33,52,89,144,560,168,110,1
290,596,FF;FF;FF;FF;FF;2;18;71;17;5;47;19;0;FF;FF;80;49;5C;59;91;2;2D;A8;6E;1;0;0;0;A6,FF;FF;FF;FF;FF;02;18;71;17;05;47;19;00;FF;FF;80;49;5C;59;91;02;2D;A8;6E;01;00;00;00;A6,True,,True,29000.0,True,,True,255,255,255,255,255,2,24,113,23,5,71,25,0,255,255,128,73,92,89,145,2,45,168,110,1,0,0,0,166,1351,0.48828125,0,12.8,33,52,89,145,557,168,110,1
291,598,FF;FF;FF;FF;FF;2;18;71;17;5;47;19;0;FF;FF;80;49;5C;59;90;2;2D;A8;6E;1;0;0;0;A7,FF;FF;FF;FF;FF;02;18;71;17;05;47;19;00;FF;FF;80;49;5C;59;90;02;2D;A8;6E;01;00;00;00;A7,True,,True,29100.0,True,,True,255,255,255,255,255,2,24,113,23,5,71,25,0,255,255,128,73,92,89,144,2,45,168,110,1,0,0,0,167,1351,0.48828125,0,12.8,33,52,89,144,557,168,110,1
292,600,FF;FF;FF;FF;FF;2;18;71;17;5;52;19;0;FF;FF;80;49;5C;59;8F;2;2A;A8;6E;1;0;0;0;A0,FF;FF;FF;FF;FF;02;18;71;17;05;52;19;00;FF;FF;80;49;5C;59;8F;02;2A;A8;6E;01;00;00;00;A0,True,,True,29200.0,True,,True,255,255,255,255,255,2,24,113,23,5,82,25,0,255,255,128,73,92,89,143,2,42,168,110,1,0,0,0,160,1362,0.48828125,0,12.8,33,52,89,143,554,168,110,1
293,602,FF;FF;FF;FF;FF;2;18;71;17;5;48;19;0;FF;FF;80;49;5B;5A;8F;2;2B;A8;6E;1;0;0;0;A9,FF;FF;FF;FF;FF;02;18;71;17;05;48;19;00;FF;FF;80;49;5B;5A;8F;02;2B;A8;6E;01;00;00;00;A9,True,,True,29300.0,True,,True,255,255,255,255,255,2,24,113,23,5,72,25,0,255,255,128,73,91,90,143,2,43,168,110,1,0,0,0,169,1352,0.48828125,0,12.8,33,51,90,143,555,168,110,1
294,604,FF;FF;FF;FF;FF;2;18;71;17;5;2F;19;0;FF;FF;80;49;5B;5A;91;2;2D;A8;6E;1;0;0;0;BE,FF;FF;FF;FF;FF;02;18;71;17;05;2F;19;00;FF;FF;80;49;5B;5A;91;02;2D;A8;6E;01;00;00;00;BE,True,,True,29400.0,True,,True,255,255,255,255,255,2,24,113,23,5,47,25,0,255,255,128,73,91,90,145,2,45,168,110,1,0,0,0,190,1327,0.48828125,0,12.8,33,51,90,145,557,168,110,1
295,606,FF;FF;FF;FF;FF;2;18;71;17;5;2F;19;0;FF;FF;80;49;5B;5A;91;2;2D;A8;6E;1;0;0;0;BE,FF;FF;FF;FF;FF;02;18;71;17;05;2F;19;00;FF;FF;80;49;5B;5A;91;02;2D;A8;6E;01;00;00;00;BE,True,,True,29500.0,True,,True,255,255,255,255,255,2,24,113,23,5,47,25,0,255,255,128,73,91,90,145,2,45,168,110,1,0,0,0,190,1327,0.48828125,0,12.8,33,51,90,145,557,168,110,1
296,608,FF;FF;FF;FF;FF;2;18;71;17;5;48;19;0;FF;FF;80;49;5B;5A;8F;2;2A;A8;6E;1;0;0;0;AA,FF;FF;FF;FF;FF;02;18;71;17;05;48;19;00;FF;FF;80;49;5B;5A;8F;02;2A;A8;6E;01;00;00;00;AA,True,,True,29600.0,True,,True,255,255,255,255,255,2,24,113,23,5,72,25,0,255,255,128,73,91,90,143,2,42,168,110,1,0,0,0,170,1352,0.48828125,0,12.8,33,51,90,143,554,168,110,1
297,610,FF;FF;FF;FF;FF;2;18;71;17;5;1E;19;0;FF;FF;80;49;5B;5A;90;2;2F;A8;6E;1;0;0;0;CE,FF;FF;FF;FF;FF;02;18;71;17;05;1E;19;00;FF;FF;80;49;5B;5A;90;02;2F;A8;6E;01;00;00;00;CE,True,,True,29700.0,True,,True,255,255,255,255,255,2,24,113,23,5,30,25,0,255,255,128,73,91,90,144,2,47,168,110,1,0,0,0,206,1310,0.48828125,0,12.8,33,51,90,144,559,168,110,1
298,612,FF;FF;FF;FF;FF;2;18;71;17;5;60;19;0;FF;FF;80;49;5B;5A;90;2;29;A8;6E;1;0;0;0;92,FF;FF;FF;FF;FF;02;18;71;17;05;60;19;00;FF;FF;80;49;5B;5A;90;02;29;A8;6E;01;00;00;00;92,True,,True,29800.0,True,,True,255,255,255,255,255,2,24,113,23,5,96,25,0,255,255,128,73,91,90,144,2,41,168,110,1,0,0,0,146,1376,0.48828125,0,12.8,33,51,90,144,553,168,110,1
299,614,FF;FF;FF;FF;FF;2;18;71;17;5;66;19;0;FF;FF;80;49;5B;5A;92;2;27;A8;6E;1;0;0;0;8C,FF;FF;FF;FF;FF;02;18;71;17;05;66;19;00;FF;FF;80;49;5B;5A;92;02;27;A8;6E;01;00;00;00;8C,True,,True,29900.0,True,,True,255,255,255,255,255,2,24,113,23,5,102,25,0,255,255,128,73,91,90,146,2,39,168,110,1,0,0,0,140,1382,0.48828125,0,12.8,33,51,90,146,551,168,110,1
300,616,FF;FF;FF;FF;FF;2;18;71;17;5;52;19;0;FF;FF;80;49;5B;5A;92;2;29;A8;6E;1;0;0;0;9E,FF;FF;FF;FF;FF;02;18;71;17;05;52;19;00;FF;FF;80;49;5B;5A;92;02;29;A8;6E;01;00;00;00;9E,True,,True,30000.0,True,,True,255,255,255,255,255,2,24,113,23,5,82,25,0,255,255,128,73,91,90,146,2,41,168,110,1,0,0,0,158,1362,0.48828125,0,12.8,33,51,90,146,553,168,110,1
301,618,FF;FF;FF;FF;FF;2;18;71;17;5;52;19;0;FF;FF;80;49;5B;5A;90;2;29;A8;6E;1;0;0;0;A0,FF;FF;FF;FF;FF;02;18;71;17;05;52;19;00;FF;FF;80;49;5B;5A;90;02;29;A8;6E;01;00;00;00;A0,True,,True,30100.0,True,,True,255,255,255,255,255,2,24,113,23,5,82,25,0,255,255,128,73,91,90,144,2,41,168,110,1,0,0,0,160,1362,0.48828125,0,12.8,33,51,90,144,553,168,110,1
302,620,FF;FF;FF;FF;FF;2;18;71;17;5;21;19;0;FF;FF;80;49;5B;5A;8F;2;2F;A8;6E;1;0;0;0;CC,FF;FF;FF;FF;FF;02;18;71;17;05;21;19;00;FF;FF;80;49;5B;5A;8F;02;2F;A8;6E;01;00;00;00;CC,True,,True,30200.0,True,,True,255,255,255,255,255,2,24,113,23,5,33,25,0,255,255,128,73,91,90,143,2,47,168,110,1,0,0,0,204,1313,0.48828125,0,12.8,33,51,90,143,559,168,110,1
303,622,FF;FF;FF;FF;FF;2;18;71;17;5;2C;19;0;FF;FF;80;49;5B;5A;8E;2;2E;A8;6E;1;0;0;0;C3,FF;FF;FF;FF;FF;02;18;71;17;05;2C;19;00;FF;FF;80;49;5B;5A;8E;02;2E;A8;6E;01;00;00;00;C3,True,,True,30300.0,True,,True,255,255,255,255,255,2,24,113,23,5,44,25,0,255,255,128,73,91,90,142,2,46,168,110,1,0,0,0,195,1324,0.48828125,0,12.8,33,51,90,142,558,168,110,1
304,624,FF;FF;FF;FF;FF;2;18;71;17;5;12;19;0;FF;FF;80;49;5B;5A;91;2;31;A8;6E;1;0;0;0;D7,FF;FF;FF;FF;FF;02;18;71;17;05;12;19;00;FF;FF;80;49;5B;5A;91;02;31;A8;6E;01;00;00;00;D7,True,,True,30400.0,True,,True,255,255,255,255,255,2,24,113,23,5,18,25,0,255,255,128,73,91,90,145,2,49,168,110,1,0,0,0,215,1298,0.48828125,0,12.8,33,51,90,145,561,168,110,1
305,626,FF;FF;FF;FF;FF;2;18;71;17;5;12;19;0;FF;FF;80;49;5B;5A;90;2;31;A8;6E;1;0;0;0;D8,FF;FF;FF;FF;FF;02;18;71;17;05;12;19;00;FF;FF;80;49;5B;5A;90;02;31;A8;6E;01;00;00;00;D8,True,,True,30500.0,True,,True,255,255,255,255,255,2,24,113,23,5,18,25,0,255,255,128,73,91,90,144,2,49,168,110,1,0,0,0,216,1298,0.48828125,0,12.8,33,51,90,144,561,168,110,1
306,628,FF;FF;FF;FF;FF;2;18;71;17;5;41;19;0;FF;FF;80;49;5B;5A;8F;2;2C;A8;6E;1;0;0;0;AF,FF;FF;FF;FF;FF;02;18;71;17;05;41;19;00;FF;FF;80;49;5B;5A;8F;02;2C;A8;6E;01;00;00;00;AF,True,,True,30600.0,True,,True,255,255,255,255,255,2,24,113,23,5,65,25,0,255,255,128,73,91,90,143,2,44,168,110,1,0,0,0,175,1345,0.48828125,0,12.8,33,51,90,143,556,168,110,1
307,630,FF;FF;FF;FF;FF;2;18;71;17;5;2A;19;0;FF;FF;80;49;5B;5A;90;2;2E;A8;6E;1;0;0;0;C3,FF;FF;FF;FF;FF;02;18;71;17;05;2A;19;00;FF;FF;80;49;5B;5A;90;02;2E;A8;6E;01;00;00;00;C3,True,,True,30700.0,True,,True,255,255,255,255,255,2,24,113,23,5,42,25,0,255,255,128,73,91,90,144,2,46,168,110,1,0,0,0,195,1322,0.48828125,0,12.8,33,51,90,144,558,168,110,1
308,632,FF;FF;FF;FF;FF;2;18;71;17;5;48;19;0;FF;FF;80;49;5B;5A;8F;2;2B;A8;6E;1;0;0;0;A9,FF;FF;FF;FF;FF;02;18;71;17;05;48;19;00;FF;FF;80;49;5B;5A;8F;02;2B;A8;6E;01;00;00;00;A9,True,,True,30800.0,True,,True,255,255,255,255,255,2,24,113,23,5,72,25,0,255,255,128,73,91,90,143,2,43,168,110,1,0,0,0,169,1352,0.48828125,0,12.8,33,51,90,143,555,168,110,1
309,634,FF;FF;FF;FF;FF;2;18;71;17;5;36;19;0;FF;FF;80;49;5B;5A;92;2;2D;A8;6E;1;0;0;0;B6,FF;FF;FF;FF;FF;02;18;71;17;05;36;19;00;FF;FF;80;49;5B;5A;92;02;2D;A8;6E;01;00;00;00;B6,True,,True,30900.0,True,,True,255,255,255,255,255,2,24,113,23,5,54,25,0,255,255,128,73,91,90,146,2,45,168,110,1,0,0,0,182,1334,0.48828125,0,12.8,33,51,90,146,557,168,110,1
310,636,FF;FF;FF;FF;FF;2;18;71;17;5;36;19;0;FF;FF;80;49;5B;5A;91;2;2D;A8;6E;1;0;0;0;B7,FF;FF;FF;FF;FF;02;18;71;17;05;36;19;00;FF;FF;80;49;5B;5A;91;02;2D;A8;6E;01;00;00;00;B7,True,,True,31000.0,True,,True,255,255,255,255,255,2,24,113,23,5,54,25,0,255,255,128,73,91,90,145,2,45,168,110,1,0,0,0,183,1334,0.48828125,0,12.8,33,51,90,145,557,168,110,1
311,638,FF;FF;FF;FF;FF;2;18;71;17;5;41;19;0;FF;FF;80;49;5B;5A;90;2;2A;A8;6E;1;0;0;0;B0,FF;FF;FF;FF;FF;02;18;71;17;05;41;19;00;FF;FF;80;49;5B;5A;90;02;2A;A8;6E;01;00;00;00;B0,True,,True,31100.0,True,,True,255,255,255,255,255,2,24,113,23,5,65,25,0,255,255,128,73,91,90,144,2,42,168,110,1,0,0,0,176,1345,0.48828125,0,12.8,33,51,90,144,554,168,110,1
312,640,FF;FF;FF;FF;FF;2;18;71;17;5;30;19;0;FF;FF;80;49;5B;5A;91;2;2D;A8;6E;1;0;0;0;BD,FF;FF;FF;FF;FF;02;18;71;17;05;30;19;00;FF;FF;80;49;5B;5A;91;02;2D;A8;6E;01;00;00;00;BD,True,,True,31200.0,True,,True,255,255,255,255,255,2,24,113,23,5,48,25,0,255,255,128,73,91,90,145,2,45,168,110,1,0,0,0,189,1328,0.48828125,0,12.8,33,51,90,145,557,168,110,1
313,642,FF;FF;FF;FF;FF;2;18;71;17;5;49;19;0;FF;FF;80;49;5B;5A;90;2;2A;A8;6E;1;0;0;0;A8,FF;FF;FF;FF;FF;02;18;71;17;05;49;19;00;FF;FF;80;49;5B;5A;90;02;2A;A8;6E;01;00;00;00;A8,True,,True,31300.0,True,,True,255,255,255,255,255,2,24,113,23,5,73,25,0,255,255,128,73,91,90,144,2,42,168,110,1,0,0,0,168,1353,0.48828125,0,12.8,33,51,90,144,554,168,110,1
314,644,FF;FF;FF;FF;FF;2;18;71;17;5;32;19;0;FF;FF;80;49;5B;5A;93;2;2C;A8;6E;1;0;0;0;BA,FF;FF;FF;FF;FF;02;18;71;17;05;32;19;00;FF;FF;80;49;5B;5A;93;02;2C;A8;6E;01;00;00;00;BA,True,,True,31400.0,True,,True,255,255,255,255,255,2,24,113,23,5,50,25,0,255,255,128,73,91,90,147,2,44,168,110,1,0,0,0,186,1330,0.48828125,0,12.8,33,51,90,147,556,168,110,1
315,646,FF;FF;FF;FF;FF;2;18;71;17;5;32;19;0;FF;FF;80;49;5B;5A;90;2;2C;A8;6E;1;0;0;0;BD,FF;FF;FF;FF;FF;02;18;71;17;05;32;19;00;FF;FF;80;49;5B;5A;90;02;2C;A8;6E;01;00;00;00;BD,True,,True,31500.0,True,,True,255,255,255,255,255,2,24,113,23,5,50,25,0,255,255,128,73,91,90,144,2,44,168,110,1,0,0,0,189,1330,0.48828125,0,12.8,33,51,90,144,556,168,110,1
316,648,FF;FF;FF;FF;FF;2;18;71;17;5;41;19;0;FF;FF;80;49;5B;5A;8E;2;2A;A8;6E;1;0;0;0;B2,FF;FF;FF;FF;FF;02;18;71;17;05;41;19;00;FF;FF;80;49;5B;5A;8E;02;2A;A8;6E;01;00;00;00;B2,True,,True,31600.0,True,,True,255,255,255,255,255,2,24,113,23,5,65,25,0,255,255,128,73,91,90,142,2,42,168,110,1,0,0,0,178,1345,0.48828125,0,12.8,33,51,90,142,554,168,110,1
317,650,FF;FF;FF;FF;FF;2;18;71;17;5;28;19;0;FF;FF;80;49;5B;5A;91;2;2E;A8;6E;1;0;0;0;C4,FF;FF;FF;FF;FF;02;18;71;17;05;28;19;00;FF;FF;80;49;5B;5A;91;02;2E;A8;6E;01;00;00;00;C4,True,,True,31700.0,True,,True,255,255,255,255,255,2,24,113,23,5,40,25,0,255,255,128,73,91,90,145,2,46,168,110,1,0,0,0,196,1320,0.48828125,0,12.8,33,51,90,145,558,168,110,1
318,652,FF;FF;FF;FF;FF;2;18;71;17;5;6A;19;0;FF;FF;80;49;5B;5A;91;2;27;A8;6E;1;0;0;0;89,FF;FF;FF;FF;FF;02;18;71;17;05;6A;19;00;FF;FF;80;49;5B;5A;91;02;27;A8;6E;01;00;00;00;89,True,,True,31800.0,True,,True,255,255,255,255,255,2,24,113,23,5,106,25,0,255,255,128,73,91,90,145,2,39,168,110,1,0,0,0,137,1386,0.48828125,0,12.8,33,51,90,145,551,168,110,1
319,654,FF;FF;FF;FF;FF;2;18;71;17;5;70;19;0;FF;FF;80;49;5B;5A;94;2;24;A8;6E;1;0;0;0;83,FF;FF;FF;FF;FF;02;18;71;17;05;70;19;00;FF;FF;80;49;5B;5A;94;02;24;A8;6E;01;00;00;00;83,True,,True,31900.0,True,,True,255,255,255,255,255,2,24,113,23,5,112,25,0,255,255,128,73,91,90,148,2,36,168,110,1,0,0,0,131,1392,0.48828125,0,12.8,33,51,90,148,548,168,110,1
320,656,FF;FF;FF;FF;FF;2;18;71;17;5;70;19;0;FF;FF;80;49;5B;5A;91;2;24;A8;6E;1;0;0;0;86,FF;FF;FF;FF;FF;02;18;71;17;05;70;19;00;FF;FF;80;49;5B;5A;91;02;24;A8;6E;01;00;00;00;86,True,,True,32000.0,True,,True,255,255,255,255,255,2,24,113,23,5,112,25,0,255,255,128,73,91,90,145,2,36,168,110,1,0,0,0,134,1392,0.48828125,0,12.8,33,51,90,145,548,168,110,1
321,658,FF;FF;FF;FF;FF;2;18;71;17;5;58;19;0;FF;FF;80;49;5B;5A;90;2;27;A8;6E;1;0;0;0;9C,FF;FF;FF;FF;FF;02;18;71;17;05;58;19;00;FF;FF;80;49;5B;5A;90;02;27;A8;6E;01;00;00;00;9C,True,,True,32100.0,True,,True,255,255,255,255,255,2,24,113,23,5,88,25,0,255,255,128,73,91,90,144,2,39,168,110,1,0,0,0,156,1368,0.48828125,0,12.8,33,51,90,144,551,168,110,1
322,660,FF;FF;FF;FF;FF;2;18;71;17;5;2C;19;0;FF;FF;80;49;5B;5A;90;2;2C;A8;6E;1;0;0;0;C3,FF;FF;FF;FF;FF;02;18;71;17;05;2C;19;00;FF;FF;80;49;5B;5A;90;02;2C;A8;6E;01;00;00;00;C3,True,,True,32200.0,True,,True,255,255,255,255,255,2,24,113,23,5,44,25,0,255,255,128,73,91,90,144,2,44,168,110,1,0,0,0,195,1324,0.48828125,0,12.8,33,51,90,144,556,168,110,1
323,662,FF;FF;FF;FF;FF;2;18;71;17;5;34;19;0;FF;FF;80;49;5B;5A;90;2;2B;A8;6E;1;0;0;0;BC,FF;FF;FF;FF;FF;02;18;71;17;05;34;19;00;FF;FF;80;49;5B;5A;90;02;2B;A8;6E;01;00;00;00;BC,True,,True,32300.0,True,,True,255,255,255,255,255,2,24,113,23,5,52,25,0,255,255,128,73,91,90,144,2,43,168,110,1,0,0,0,188,1332,0.48828125,0,12.8,33,51,90,144,555,168,110,1
324,664,FF;FF;FF;FF;FF;2;18;71;17;5;27;19;0;FF;FF;80;49;5B;5A;92;2;2E;A8;6E;1;0;0;0;C4,FF;FF;FF;FF;FF;02;18;71;17;05;27;19;00;FF;FF;80;49;5B;5A;92;02;2E;A8;6E;01;00;00;00;C4,True,,True,32400.0,True,,True,255,255,255,255,255,2,24,113,23,5,39,25,0,255,255,128,73,91,90,146,2,46,168,110,1,0,0,0,196,1319,0.48828125,0,12.8,33,51,90,146,558,168,110,1
325,666,FF;FF;FF;FF;FF;2;18;71;17;5;27;19;0;FF;FF;80;49;5B;5A;90;2;2E;A8;6E;1;0;0;0;C6,FF;FF;FF;FF;FF;02;18;71;17;05;27;19;00;FF;FF;80;49;5B;5A;90;02;2E;A8;6E;01;00;00;00;C6,True,,True,32500.0,True,,True,255,255,255,255,255,2,24,113,23,5,39,25,0,255,255,128,73,91,90,144,2,46,168,110,1,0,0,0,198,1319,0.48828125,0,12.8,33,51,90,144,558,168,110,1
326,668,FF;FF;FF;FF;FF;2;18;71;17;5;35;19;0;FF;FF;80;49;5B;5A;8E;2;2D;A8;6E;1;0;0;0;BB,FF;FF;FF;FF;FF;02;18;71;17;05;35;19;00;FF;FF;80;49;5B;5A;8E;02;2D;A8;6E;01;00;00;00;BB,True,,True,32600.0,True,,True,255,255,255,255,255,2,24,113,23,5,53,25,0,255,255,128,73,91,90,142,2,45,168,110,1,0,0,0,187,1333,0.48828125,0,12.8,33,51,90,142,557,168,110,1
327,670,FF;FF;FF;FF;FF;2;18;71;17;5;49;19;0;FF;FF;80;49;5B;5A;92;2;2A;A8;6E;1;0;0;0;A6,FF;FF;FF;FF;FF;02;18;71;17;05;49;19;00;FF;FF;80;49;5B;5A;92;02;2A;A8;6E;01;00;00;00;A6,True,,True,32700.0,True,,True,255,255,255,255,255,2,24,113,23,5,73,25,0,255,255,128,73,91,90,146,2,42,168,110,1,0,0,0,166,1353,0.48828125,0,12.8,33,51,90,146,554,168,110,1
328,672,FF;FF;FF;FF;FF;2;18;71;17;5;5E;19;0;FF;FF;80;49;5B;5A;91;2;26;A8;6E;1;0;0;0;96,FF;FF;FF;FF;FF;02;18;71;17;05;5E;19;00;FF;FF;80;49;5B;5A;91;02;26;A8;6E;01;00;00;00;96,True,,True,32800.0,True,,True,255,255,255,255,255,2,24,113,23,5,94,25,0,255,255,128,73,91,90,145,2,38,168,110,1,0,0,0,150,1374,0.48828125,0,12.8,33,51,90,145,550,168,110,1
329,674,FF;FF;FF;FF;FF;2;18;71;17;5;4F;19;0;FF;FF;80;49;5B;5A;8F;2;29;A8;6E;1;0;0;0;A4,FF;FF;FF;FF;FF;02;18;71;17;05;4F;19;00;FF;FF;80;49;5B;5A;8F;02;29;A8;6E;01;00;00;00;A4,True,,True,32900.0,True,,True,255,255,255,255,255,2,24,113,23,5,79,25,0,255,255,128,73,91,90,143,2,41,168,110,1,0,0,0,164,1359,0.48828125,0,12.8,33,51,90,143,553,168,110,1
330,676,FF;FF;FF;FF;FF;2;18;71;17;5;4F;19;0;FF;FF;80;49;5B;5A;8D;2;29;A8;6E;1;0;0;0;A6,FF;FF;FF;FF;FF;02;18;71;17;05;4F;19;00;FF;FF;80;49;5B;5A;8D;02;29;A8;6E;01;00;00;00;A6,True,,True,33000.0,True,,True,255,255,255,255,255,2,24,113,23,5,79,25,0,255,255,128,73,91,90,141,2,41,168,110,1,0,0,0,166,1359,0.48828125,0,12.8,33,51,90,141,553,168,110,1
331,678,FF;FF;FF;FF;FF;2;18;71;17;5;56;19;0;FF;FF;80;49;5B;5A;8C;2;2E;A8;6E;1;0;0;0;9B,FF;FF;FF;FF;FF;02;18;71;17;05;56;19;00;FF;FF;80;49;5B;5A;8C;02;2E;A8;6E;01;00;00;00;9B,True,,True,33100.0,True,,True,255,255,255,255,255,2,24,113,23,5,86,25,0,255,255,128,73,91,90,140,2,46,168,110,1,0,0,0,155,1366,0.48828125,0,12.8,33,51,90,140,558,168,110,1
332,680,FF;FF;FF;FF;FF;2;18;71;17;5;4E;19;0;FF;FF;80;49;5B;5A;8D;2;30;A8;6E;1;0;0;0;A0,FF;FF;FF;FF;FF;02;18;71;17;05;4E;19;00;FF;FF;80;49;5B;5A;8D;02;30;A8;6E;01;00;00;00;A0,True,,True,33200.0,True,,True,255,255,255,255,255,2,24,113,23,5,78,25,0,255,255,128,73,91,90,141,2,48,168,110,1,0,0,0,160,1358,0.48828125,0,12.8,33,51,90,141,560,168,110,1
333,682,FF;FF;FF;FF;FF;2;18;71;17;5;53;19;0;FF;FF;80;49;5B;5A;8C;2;2F;A8;6E;1;0;0;0;9D,FF;FF;FF;FF;FF;02;18;71;17;05;53;19;00;FF;FF;80;49;5B;5A;8C;02;2F;A8;6E;01;00;00;00;9D,True,,True,33300.0,True,,True,255,255,255,255,255,2,24,113,23,5,83,25,0,255,255,128,73,91,90,140,2,47,168,110,1,0,0,0,157,1363,0.48828125,0,12.8,33,51,90,140,559,168,110,1
334,684,FF;FF;FF;FF;FF;2;18;71;17;5;45;19;0;FF;FF;80;49;5B;5A;8E;2;31;A8;6E;1;0;0;0;A7,FF;FF;FF;FF;FF;02;18;71;17;05;45;19;00;FF;FF;80;49;5B;5A;8E;02;31;A8;6E;01;00;00;00;A7,True,,True,33400.0,True,,True,255,255,255,255,255,2,24,113,23,5,69,25,0,255,255,128,73,91,90,142,2,49,168,110,1,0,0,0,167,1349,0.48828125,0,12.8,33,51,90,142,561,168,110,1
335,686,FF;FF;FF;FF;FF;2;18;71;17;5;45;19;0;FF;FF;80;49;5B;5A;8C;2;31;A8;6E;1;0;0;0;A9,FF;FF;FF;FF;FF;02;18;71;17;05;45;19;00;FF;FF;80;49;5B;5A;8C;02;31;A8;6E;01;00;00;00;A9,True,,True,33500.0,True,,True,255,255,255,255,255,2,24,113,23,5,69,25,0,255,255,128,73,91,90,140,2,49,168,110,1,0,0,0,169,1349,0.48828125,0,12.8,33,51,90,140,561,168,110,1
336,688,FF;FF;FF;FF;FF;2;18;71;17;5;35;19;0;FF;FF;80;49;5B;5A;8A;2;32;A8;6E;1;0;0;0;BA,FF;FF;FF;FF;FF;02;18;71;17;05;35;19;00;FF;FF;80;49;5B;5A;8A;02;32;A8;6E;01;00;00;00;BA,True,,True,33600.0,True,,True,255,255,255,255,255,2,24,113,23,5,53,25,0,255,255,128,73,91,90,138,2,50,168,110,1,0,0,0,186,1333,0.48828125,0,12.8,33,51,90,138,562,168,110,1
337,690,FF;FF;FF;FF;FF;2;18;71;17;5;E;19;0;FF;FF;80;49;5B;5A;8B;2;37;A8;6E;1;0;0;0;DB,FF;FF;FF;FF;FF;02;18;71;17;05;0E;19;00;FF;FF;80;49;5B;5A;8B;02;37;A8;6E;01;00;00;00;DB,True,,True,33700.0,True,,True,255,255,255,255,255,2,24,113,23,5,14,25,0,255,255,128,73,91,90,139,2,55,168,110,1,0,0,0,219,1294,0.48828125,0,12.8,33,51,90,139,567,168,110,1
338,692,FF;FF;FF;FF;FF;2;18;71;17;5;14;19;0;FF;FF;80;49;5B;5A;8C;2;36;A8;6E;1;0;0;0;D5,FF;FF;FF;FF;FF;02;18;71;17;05;14;19;00;FF;FF;80;49;5B;5A;8C;02;36;A8;6E;01;00;00;00;D5,True,,True,33800.0,True,,True,255,255,255,255,255,2,24,113,23,5,20,25,0,255,255,128,73,91,90,140,2,54,168,110,1,0,0,0,213,1300,0.48828125,0,12.8,33,51,90,140,566,168,110,1
339,694,FF;FF;FF;FF;FF;2;18;71;17;5;14;19;0;FF;FF;80;49;5B;5A;8C;2;36;A8;6E;1;0;0;0;D5,FF;FF;FF;FF;FF;02;18;71;17;05;14;19;00;FF;FF;80;49;5B;5A;8C;02;36;A8;6E;01;00;00;00;D5,True,,True,33900.0,True,,True,255,255,255,255,255,2,24,113,23,5,20,25,0,255,255,128,73,91,90,140,2,54,168,110,1,0,0,0,213,1300,0.48828125,0,12.8,33,51,90,140,566,168,110,1
340,696,FF;FF;FF;FF;FF;2;18;71;17;5;7;19;0;FF;FF;80;49;5B;5A;8B;2;3A;A8;6E;1;0;0;0;DF,FF;FF;FF;FF;FF;02;18;71;17;05;07;19;00;FF;FF;80;49;5B;5A;8B;02;3A;A8;6E;01;00;00;00;DF,True,,True,34000.0,True,,True,255,255,255,255,255,2,24,113,23,5,7,25,0,255,255,128,73,91,90,139,2,58,168,110,1,0,0,0,223,1287,0.48828125,0,12.8,33,51,90,139,570,168,110,1
341,698,FF;FF;FF;FF;FF;2;18;71;17;5;34;19;0;FF;FF;80;49;5B;5A;8B;2;34;A8;6E;1;0;0;0;B8,FF;FF;FF;FF;FF;02;18;71;17;05;34;19;00;FF;FF;80;49;5B;5A;8B;02;34;A8;6E;01;00;00;00;B8,True,,True,34100.0,True,,True,255,255,255,255,255,2,24,113,23,5,52,25,0,255,255,128,73,91,90,139,2,52,168,110,1,0,0,0,184,1332,0.48828125,0,12.8,33,51,90,139,564,168,110,1
342,700,FF;FF;FF;FF;FF;2;18;71;17;5;58;19;0;FF;FF;80;49;5B;5A;8C;2;31;A8;6E;1;0;0;0;96,FF;FF;FF;FF;FF;02;18;71;17;05;58;19;00;FF;FF;80;49;5B;5A;8C;02;31;A8;6E;01;00;00;00;96,True,,True,34200.0,True,,True,255,255,255,255,255,2,24,113,23,5,88,25,0,255,255,128,73,91,90,140,2,49,168,110,1,0,0,0,150,1368,0.48828125,0,12.8,33,51,90,140,561,168,110,1
343,702,FF;FF;FF;FF;FF;2;18;71;17;5;57;19;0;FF;FF;80;49;5B;5A;8D;2;2F;A8;6E;1;0;0;0;98,FF;FF;FF;FF;FF;02;18;71;17;05;57;19;00;FF;FF;80;49;5B;5A;8D;02;2F;A8;6E;01;00;00;00;98,True,,True,34300.0,True,,True,255,255,255,255,255,2,24,113,23,5,87,25,0,255,255,128,73,91,90,141,2,47,168,110,1,0,0,0,152,1367,0.48828125,0,12.8,33,51,90,141,559,168,110,1
344,704,FF;FF;FF;FF;FF;2;18;71;17;5;57;19;0;FF;FF;80;49;5B;5A;8D;2;2F;A8;6E;1;0;0;0;98,FF;FF;FF;FF;FF;02;18;71;17;05;57;19;00;FF;FF;80;49;5B;5A;8D;02;2F;A8;6E;01;00;00;00;98,True,,True,34400.0,True,,True,255,255,255,255,255,2,24,113,23,5,87,25,0,255,255,128,73,91,90,141,2,47,168,110,1,0,0,0,152,1367,0.48828125,0,12.8,33,51,90,141,559,168,110,1
345,706,FF;FF;FF;FF;FF;2;18;71;17;5;29;19;0;FF;FF;80;49;5B;5A;8C;2;34;A8;6E;0;0;0;0;C3,FF;FF;FF;FF;FF;02;18;71;17;05;29;19;00;FF;FF;80;49;5B;5A;8C;02;34;A8;6E;00;00;00;00;C3,True,,True,34500.0,True,,True,255,255,255,255,255,2,24,113,23,5,41,25,0,255,255,128,73,91,90,140,2,52,168,110,0,0,0,0,195,1321,0.48828125,0,12.8,33,51,90,140,564,168,110,0
346,708,FF;FF;FF;FF;FF;2;18;71;17;5;5A;19;0;FF;FF;80;49;5B;5A;8B;2;2F;A8;6E;0;0;0;0;98,FF;FF;FF;FF;FF;02;18;71;17;05;5A;19;00;FF;FF;80;49;5B;5A;8B;02;2F;A8;6E;00;00;00;00;98,True,,True,34600.0,True,,True,255,255,255,255,255,2,24,113,23,5,90,25,0,255,255,128,73,91,90,139,2,47,168,110,0,0,0,0,152,1370,0.48828125,0,12.8,33,51,90,139,559,168,110,0
347,710,FF;FF;FF;FF;FF;2;18;71;17;5;49;19;0;FF;FF;80;49;5B;5A;8C;2;32;A8;6E;0;0;0;0;A5,FF;FF;FF;FF;FF;02;18;71;17;05;49;19;00;FF;FF;80;49;5B;5A;8C;02;32;A8;6E;00;00;00;00;A5,True,,True,34700.0,True,,True,255,255,255,255,255,2,24,113,23,5,73,25,0,255,255,128,73,91,90,140,2,50,168,110,0,0,0,0,165,1353,0.48828125,0,12.8,33,51,90,140,562,168,110,0
348,712,FF;FF;FF;FF;FF;2;18;71;17;5;5D;19;0;FF;FF;80;49;5B;5A;8E;2;2E;A8;6E;0;0;0;0;93,FF;FF;FF;FF;FF;02;18;71;17;05;5D;19;00;FF;FF;80;49;5B;5A;8E;02;2E;A8;6E;00;00;00;00;93,True,,True,34800.0,True,,True,255,255,255,255,255,2,24,113,23,5,93,25,0,255,255,128,73,91,90,142,2,46,168,110,0,0,0,0,147,1373,0.48828125,0,12.8,33,51,90,142,558,168,110,0
349,714,FF;FF;FF;FF;FF;2;18;71;17;5;5D;19;0;FF;FF;80;49;5B;5A;8E;2;2E;A8;6E;0;0;0;0;93,FF;FF;FF;FF;FF;02;18;71;17;05;5D;19;00;FF;FF;80;49;5B;5A;8E;02;2E;A8;6E;00;00;00;00;93,True,,True,34900.0,True,,True,255,255,255,255,255,2,24,113,23,5,93,25,0,255,255,128,73,91,90,142,2,46,168,110,0,0,0,0,147,1373,0.48828125,0,12.8,33,51,90,142,558,168,110,0
350,716,FF;FF;FF;FF;FF;2;18;71;17;5;59;19;0;FF;FF;80;49;5B;5A;8C;2;2F;A8;6E;0;0;0;0;98,FF;FF;FF;FF;FF;02;18;71;17;05;59;19;00;FF;FF;80;49;5B;5A;8C;02;2F;A8;6E;00;00;00;00;98,True,,True,35000.0,True,,True,255,255,255,255,255,2,24,113,23,5,89,25,0,255,255,128,73,91,90,140,2,47,168,110,0,0,0,0,152,1369,0.48828125,0,12.8,33,51,90,140,559,168,110,0
351,718,FF;FF;FF;FF;FF;2;18;71;17;5;54;19;0;FF;FF;80;49;5B;5A;8B;2;2F;A8;6E;0;0;0;0;9E,FF;FF;FF;FF;FF;02;18;71;17;05;54;19;00;FF;FF;80;49;5B;5A;8B;02;2F;A8;6E;00;00;00;00;9E,True,,True,35100.0,True,,True,255,255,255,255,255,2,24,113,23,5,84,25,0,255,255,128,73,91,90,139,2,47,168,110,0,0,0,0,158,1364,0.48828125,0,12.8,33,51,90,139,559,168,110,0
352,720,FF;FF;FF;FF;FF;2;18;71;17;5;48;19;0;FF;FF;80;49;5B;5A;8C;2;30;A8;6E;0;0;0;0;A8,FF;FF;FF;FF;FF;02;18;71;17;05;48;19;00;FF;FF;80;49;5B;5A;8C;02;30;A8;6E;00;00;00;00;A8,True,,True,35200.0,True,,True,255,255,255,255,255,2,24,113,23,5,72,25,0,255,255,128,73,91,90,140,2,48,168,110,0,0,0,0,168,1352,0.48828125,0,12.8,33,51,90,140,560,168,110,0
353,722,FF;FF;FF;FF;FF;2;18;71;17;5;46;19;0;FF;FF;80;49;5B;5A;8D;2;30;A8;6E;0;0;0;0;A9,FF;FF;FF;FF;FF;02;18;71;17;05;46;19;00;FF;FF;80;49;5B;5A;8D;02;30;A8;6E;00;00;00;00;A9,True,,True,35300.0,True,,True,255,255,255,255,255,2,24,113,23,5,70,25,0,255,255,128,73,91,90,141,2,48,168,110,0,0,0,0,169,1350,0.48828125,0,12.8,33,51,90,141,560,168,110,0
354,724,FF;FF;FF;FF;FF;2;18;71;17;5;46;19;0;FF;FF;80;49;5B;5A;8D;2;30;A8;6E;0;0;0;0;A9,FF;FF;FF;FF;FF;02;18;71;17;05;46;19;00;FF;FF;80;49;5B;5A;8D;02;30;A8;6E;00;00;00;00;A9,True,,True,35400.0,True,,True,255,255,255,255,255,2,24,113,23,5,70,25,0,255,255,128,73,91,90,141,2,48,168,110,0,0,0,0,169,1350,0.48828125,0,12.8,33,51,90,141,560,168,110,0
355,726,FF;FF;FF;FF;FF;2;18;71;17;5;2D;19;0;FF;FF;80;49;5B;5A;8B;2;34;A8;6E;0;0;0;0;C0,FF;FF;FF;FF;FF;02;18;71;17;05;2D;19;00;FF;FF;80;49;5B;5A;8B;02;34;A8;6E;00;00;00;00;C0,True,,True,35500.0,True,,True,255,255,255,255,255,2,24,113,23,5,45,25,0,255,255,128,73,91,90,139,2,52,168,110,0,0,0,0,192,1325,0.48828125,0,12.8,33,51,90,139,564,168,110,0
356,728,FF;FF;FF;FF;FF;2;18;71;17;5;2D;19;0;FF;FF;80;49;5B;5A;8A;2;34;A8;6E;0;0;0;0;C1,FF;FF;FF;FF;FF;02;18;71;17;05;2D;19;00;FF;FF;80;49;5B;5A;8A;02;34;A8;6E;00;00;00;00;C1,True,,True,35600.0,True,,True,255,255,255,255,255,2,24,113,23,5,45,25,0,255,255,128,73,91,90,138,2,52,168,110,0,0,0,0,193,1325,0.48828125,0,12.8,33,51,90,138,564,168,110,0
357,730,FF;FF;FF;FF;FF;2;18;71;17;5;20;19;0;FF;FF;80;49;5B;5A;8C;2;35;A8;6E;0;0;0;0;CB,FF;FF;FF;FF;FF;02;18;71;17;05;20;19;00;FF;FF;80;49;5B;5A;8C;02;35;A8;6E;00;00;00;00;CB,True,,True,35700.0,True,,True,255,255,255,255,255,2,24,113,23,5,32,25,0,255,255,128,73,91,90,140,2,53,168,110,0,0,0,0,203,1312,0.48828125,0,12.8,33,51,90,140,565,168,110,0
358,732,FF;FF;FF;FF;FF;2;18;71;17;5;32;19;0;FF;FF;80;49;5B;5A;8D;2;34;A8;6E;0;0;0;0;B9,FF;FF;FF;FF;FF;02;18;71;17;05;32;19;00;FF;FF;80;49;5B;5A;8D;02;34;A8;6E;00;00;00;00;B9,True,,True,35800.0,True,,True,255,255,255,255,255,2,24,113,23,5,50,25,0,255,255,128,73,91,90,141,2,52,168,110,0,0,0,0,185,1330,0.48828125,0,12.8,33,51,90,141,564,168,110,0
359,734,FF;FF;FF;FF;FF;2;18;71;17;5;32;19;0;FF;FF;80;49;5B;5A;8C;2;34;A8;6E;0;0;0;0;BA,FF;FF;FF;FF;FF;02;18;71;17;05;32;19;00;FF;FF;80;49;5B;5A;8C;02;34;A8;6E;00;00;00;00;BA,True,,True,35900.0,True,,True,255,255,255,255,255,2,24,113,23,5,50,25,0,255,255,128,73,91,90,140,2,52,168,110,0,0,0,0,186,1330,0.48828125,0,12.8,33,51,90,140,564,168,110,0
360,736,FF;FF;FF;FF;FF;2;18;71;17;5;3;19;0;FF;FF;80;49;5B;5A;89;2;3A;A8;6E;0;0;0;0;E6,FF;FF;FF;FF;FF;02;18;71;17;05;03;19;00;FF;FF;80;49;5B;5A;89;02;3A;A8;6E;00;00;00;00;E6,True,,True,36000.0,True,,True,255,255,255,255,255,2,24,113,23,5,3,25,0,255,255,128,73,91,90,137,2,58,168,110,0,0,0,0,230,1283,0.48828125,0,12.8,33,51,90,137,570,168,110,0
361,738,FF;FF;FF;FF;FF;2;18;71;17;5;2E;19;0;FF;FF;80;49;5B;5A;8B;2;34;A8;6E;0;0;0;0;BF,FF;FF;FF;FF;FF;02;18;71;17;05;2E;19;00;FF;FF;80;49;5B;5A;8B;02;34;A8;6E;00;00;00;00;BF,True,,True,36100.0,True,,True,255,255,255,255,255,2,24,113,23,5,46,25,0,255,255,128,73,91,90,139,2,52,168,110,0,0,0,0,191,1326,0.48828125,0,12.8,33,51,90,139,564,168,110,0
362,740,FF;FF;FF;FF;FF;2;18;71;17;5;1A;19;0;FF;FF;80;49;5B;5A;8D;2;38;A8;6E;0;0;0;0;CD,FF;FF;FF;FF;FF;02;18;71;17;05;1A;19;00;FF;FF;80;49;5B;5A;8D;02;38;A8;6E;00;00;00;00;CD,True,,True,36200.0,True,,True,255,255,255,255,255,2,24,113,23,5,26,25,0,255,255,128,73,91,90,141,2,56,168,110,0,0,0,0,205,1306,0.48828125,0,12.8,33,51,90,141,568,168,110,0
363,742,FF;FF;FF;FF;FF;2;18;71;17;5;1A;19;0;FF;FF;80;49;5B;5A;8D;2;38;A8;6E;0;0;0;0;CD,FF;FF;FF;FF;FF;02;18;71;17;05;1A;19;00;FF;FF;80;49;5B;5A;8D;02;38;A8;6E;00;00;00;00;CD,True,,True,36300.0,True,,True,255,255,255,255,255,2,24,113,23,5,26,25,0,255,255,128,73,91,90,141,2,56,168,110,0,0,0,0,205,1306,0.48828125,0,12.8,33,51,90,141,568,168,110,0
364,744,FF;FF;FF;FF;FF;2;18;71;17;5;48;19;0;FF;FF;80;49;5B;5A;8C;2;32;A8;6E;0;0;0;0;A6,FF;FF;FF;FF;FF;02;18;71;17;05;48;19;00;FF;FF;80;49;5B;5A;8C;02;32;A8;6E;00;00;00;00;A6,True,,True,36400.0,True,,True,255,255,255,255,255,2,24,113,23,5,72,25,0,255,255,128,73,91,90,140,2,50,168,110,0,0,0,0,166,1352,0.48828125,0,12.8,33,51,90,140,562,168,110,0
365,746,FF;FF;FF;FF;FF;2;18;71;17;5;3D;19;0;FF;FF;80;49;5B;5A;8D;2;33;A8;6E;0;0;0;0;AF,FF;FF;FF;FF;FF;02;18;71;17;05;3D;19;00;FF;FF;80;49;5B;5A;8D;02;33;A8;6E;00;00;00;00;AF,True,,True,36500.0,True,,True,255,255,255,255,255,2,24,113,23,5,61,25,0,255,255,128,73,91,90,141,2,51,168,110,0,0,0,0,175,1341,0.48828125,0,12.8,33,51,90,141,563,168,110,0
366,748,FF;FF;FF;FF;FF;2;18;71;17;5;57;19;0;FF;FF;80;49;5B;5A;8B;2;2F;A8;6E;0;0;0;0;9B,FF;FF;FF;FF;FF;02;18;71;17;05;57;19;00;FF;FF;80;49;5B;5A;8B;02;2F;A8;6E;00;00;00;00;9B,True,,True,36600.0,True,,True,255,255,255,255,255,2,24,113,23,5,87,25,0,255,255,128,73,91,90,139,2,47,168,110,0,0,0,0,155,1367,0.48828125,0,12.8,33,51,90,139,559,168,110,0
367,750,FF;FF;FF;FF;FF;2;18;71;17;5;37;19;0;FF;FF;80;49;5B;5A;8E;2;33;A8;6E;0;0;0;0;B4,FF;FF;FF;FF;FF;02;18;71;17;05;37;19;00;FF;FF;80;49;5B;5A;8E;02;33;A8;6E;00;00;00;00;B4,True,,True,36700.0,True,,True,255,255,255,255,255,2,24,113,23,5,55,25,0,255,255,128,73,91,90,142,2,51,168,110,0,0,0,0,180,1335,0.48828125,0,12.8,33,51,90,142,563,168,110,0
368,752,FF;FF;FF;FF;FF;2;18;71;17;5;37;19;0;FF;FF;80;49;5B;5A;8D;2;33;A8;6E;0;0;0;0;B5,FF;FF;FF;FF;FF;02;18;71;17;05;37;19;00;FF;FF;80;49;5B;5A;8D;02;33;A8;6E;00;00;00;00;B5,True,,True,36800.0,True,,True,255,255,255,255,255,2,24,113,23,5,55,25,0,255,255,128,73,91,90,141,2,51,168,110,0,0,0,0,181,1335,0.48828125,0,12.8,33,51,90,141,563,168,110,0
369,754,FF;FF;FF;FF;FF;2;18;71;17;5;51;19;0;FF;FF;80;49;5B;5A;8C;2;2F;A8;6E;0;0;0;0;A0,FF;FF;FF;FF;FF;02;18;71;17;05;51;19;00;FF;FF;80;49;5B;5A;8C;02;2F;A8;6E;00;00;00;00;A0,True,,True,36900.0,True,,True,255,255,255,255,255,2,24,113,23,5,81,25,0,255,255,128,73,91,90,140,2,47,168,110,0,0,0,0,160,1361,0.48828125,0,12.8,33,51,90,140,559,168,110,0
370,756,FF;FF;FF;FF;FF;2;18;71;17;5;43;19;0;FF;FF;80;49;5B;5A;8C;2;32;A8;6E;0;0;0;0;AB,FF;FF;FF;FF;FF;02;18;71;17;05;43;19;00;FF;FF;80;49;5B;5A;8C;02;32;A8;6E;00;00;00;00;AB,True,,True,37000.0,True,,True,255,255,255,255,255,2,24,113,23,5,67,25,0,255,255,128,73,91,90,140,2,50,168,110,0,0,0,0,171,1347,0.48828125,0,12.8,33,51,90,140,562,168,110,0
371,758,FF;FF;FF;FF;FF;2;18;71;17;5;5F;19;0;FF;FF;80;49;5B;5A;8C;2;2E;A8;6E;0;0;0;0;93,FF;FF;FF;FF;FF;02;18;71;17;05;5F;19;00;FF;FF;80;49;5B;5A;8C;02;2E;A8;6E;00;00;00;00;93,True,,True,37100.0,True,,True,255,255,255,255,255,2,24,113,23,5,95,25,0,255,255,128,73,91,90,140,2,46,168,110,0,0,0,0,147,1375,0.48828125,0,12.8,33,51,90,140,558,168,110,0
372,760,FF;FF;FF;FF;FF;2;18;71;17;5;41;19;0;FF;FF;80;49;5B;5A;8E;2;33;A8;6E;0;0;0;0;AA,FF;FF;FF;FF;FF;02;18;71;17;05;41;19;00;FF;FF;80;49;5B;5A;8E;02;33;A8;6E;00;00;00;00;AA,True,,True,37200.0,True,,True,255,255,255,255,255,2,24,113,23,5,65,25,0,255,255,128,73,91,90,142,2,51,168,110,0,0,0,0,170,1345,0.48828125,0,12.8,33,51,90,142,563,168,110,0
373,762,FF;FF;FF;FF;FF;2;18;71;17;5;41;19;0;FF;FF;80;49;5B;5A;8D;2;33;A8;6E;0;0;0;0;AB,FF;FF;FF;FF;FF;02;18;71;17;05;41;19;00;FF;FF;80;49;5B;5A;8D;02;33;A8;6E;00;00;00;00;AB,True,,True,37300.0,True,,True,255,255,255,255,255,2,24,113,23,5,65,25,0,255,255,128,73,91,90,141,2,51,168,110,0,0,0,0,171,1345,0.48828125,0,12.8,33,51,90,141,563,168,110,0
374,764,FF;FF;FF;FF;FF;2;18;71;17;5;49;19;0;FF;FF;80;49;5A;5A;8B;2;30;A8;6E;0;0;0;0;A9,FF;FF;FF;FF;FF;02;18;71;17;05;49;19;00;FF;FF;80;49;5A;5A;8B;02;30;A8;6E;00;00;00;00;A9,True,,True,37400.0,True,,True,255,255,255,255,255,2,24,113,23,5,73,25,0,255,255,128,73,90,90,139,2,48,168,110,0,0,0,0,169,1353,0.48828125,0,12.8,33,50,90,139,560,168,110,0
375,766,FF;FF;FF;FF;FF;2;18;71;17;5;F;19;0;FF;FF;80;49;5B;5A;8B;2;37;A8;6E;0;0;0;0;DB,FF;FF;FF;FF;FF;02;18;71;17;05;0F;19;00;FF;FF;80;49;5B;5A;8B;02;37;A8;6E;00;00;00;00;DB,True,,True,37500.0,True,,True,255,255,255,255,255,2,24,113,23,5,15,25,0,255,255,128,73,91,90,139,2,55,168,110,0,0,0,0,219,1295,0.48828125,0,12.8,33,51,90,139,567,168,110,0
376,768,FF;FF;FF;FF;FF;2;18;71;17;5;3C;19;0;FF;FF;80;49;5A;5A;8B;2;33;A8;6E;0;0;0;0;B3,FF;FF;FF;FF;FF;02;18;71;17;05;3C;19;00;FF;FF;80;49;5A;5A;8B;02;33;A8;6E;00;00;00;00;B3,True,,True,37600.0,True,,True,255,255,255,255,255,2,24,113,23,5,60,25,0,255,255,128,73,90,90,139,2,51,168,110,0,0,0,0,179,1340,0.48828125,0,12.8,33,50,90,139,563,168,110,0
377,770,FF;FF;FF;FF;FF;2;18;71;17;5;2E;19;0;FF;FF;80;49;5A;5A;8E;2;34;A8;6E;0;0;0;0;BD,FF;FF;FF;FF;FF;02;18;71;17;05;2E;19;00;FF;FF;80;49;5A;5A;8E;02;34;A8;6E;00;00;00;00;BD,True,,True,37700.0,True,,True,255,255,255,255,255,2,24,113,23,5,46,25,0,255,255,128,73,90,90,142,2,52,168,110,0,0,0,0,189,1326,0.48828125,0,12.8,33,50,90,142,564,168,110,0
378,772,FF;FF;FF;FF;FF;2;18;71;17;5;2E;19;0;FF;FF;80;49;5A;5A;8D;2;34;A8;6E;0;0;0;0;BE,FF;FF;FF;FF;FF;02;18;71;17;05;2E;19;00;FF;FF;80;49;5A;5A;8D;02;34;A8;6E;00;00;00;00;BE,True,,True,37800.0,True,,True,255,255,255,255,255,2,24,113,23,5,46,25,0,255,255,128,73,90,90,141,2,52,168,110,0,0,0,0,190,1326,0.48828125,0,12.8,33,50,90,141,564,168,110,0
379,774,FF;FF;FF;FF;FF;2;18;71;17;5;4B;19;0;FF;FF;80;49;5A;5A;8D;2;30;A8;6E;0;0;0;0;A5,FF;FF;FF;FF;FF;02;18;71;17;05;4B;19;00;FF;FF;80;49;5A;5A;8D;02;30;A8;6E;00;00;00;00;A5,True,,True,37900.0,True,,True,255,255,255,255,255,2,24,113,23,5,75,25,0,255,255,128,73,90,90,141,2,48,168,110,0,0,0,0,165,1355,0.48828125,0,12.8,33,50,90,141,560,168,110,0
380,776,FF;FF;FF;FF;FF;2;18;71;17;5;29;19;0;FF;FF;80;49;5A;5A;8C;2;34;A8;6E;0;0;0;0;C4,FF;FF;FF;FF;FF;02;18;71;17;05;29;19;00;FF;FF;80;49;5A;5A;8C;02;34;A8;6E;00;00;00;00;C4,True,,True,38000.0,True,,True,255,255,255,255,255,2,24,113,23,5,41,25,0,255,255,128,73,90,90,140,2,52,168,110,0,0,0,0,196,1321,0.48828125,0,12.8,33,50,90,140,564,168,110,0
381,778,FF;FF;FF;FF;FF;2;18;71;17;5;5F;19;0;FF;FF;80;49;5A;5A;8C;2;2E;A8;6E;0;0;0;0;94,FF;FF;FF;FF;FF;02;18;71;17;05;5F;19;00;FF;FF;80;49;5A;5A;8C;02;2E;A8;6E;00;00;00;00;94,True,,True,38100.0,True,,True,255,255,255,255,255,2,24,113,23,5,95,25,0,255,255,128,73,90,90,140,2,46,168,110,0,0,0,0,148,1375,0.48828125,0,12.8,33,50,90,140,558,168,110,0
382,780,FF;FF;FF;FF;FF;2;18;71;17;5;54;19;0;FF;FF;80;49;5A;5A;8E;2;2F;A8;6E;0;0;0;0;9C,FF;FF;FF;FF;FF;02;18;71;17;05;54;19;00;FF;FF;80;49;5A;5A;8E;02;2F;A8;6E;00;00;00;00;9C,True,,True,38200.0,True,,True,255,255,255,255,255,2,24,113,23,5,84,25,0,255,255,128,73,90,90,142,2,47,168,110,0,0,0,0,156,1364,0.48828125,0,12.8,33,50,90,142,559,168,110,0
383,782,FF;FF;FF;FF;FF;2;18;71;17;5;54;19;0;FF;FF;80;49;5A;5A;8D;2;2F;A8;6E;0;0;0;0;9D,FF;FF;FF;FF;FF;02;18;71;17;05;54;19;00;FF;FF;80;49;5A;5A;8D;02;2F;A8;6E;00;00;00;00;9D,True,,True,38300.0,True,,True,255,255,255,255,255,2,24,113,23,5,84,25,0,255,255,128,73,90,90,141,2,47,168,110,0,0,0,0,157,1364,0.48828125,0,12.8,33,50,90,141,559,168,110,0
384,784,FF;FF;FF;FF;FF;2;18;71;17;5;43;19;0;FF;FF;80;49;5A;5A;8C;2;31;A8;6E;0;0;0;0;AD,FF;FF;FF;FF;FF;02;18;71;17;05;43;19;00;FF;FF;80;49;5A;5A;8C;02;31;A8;6E;00;00;00;00;AD,True,,True,38400.0,True,,True,255,255,255,255,255,2,24,113,23,5,67,25,0,255,255,128,73,90,90,140,2,49,168,110,0,0,0,0,173,1347,0.48828125,0,12.8,33,50,90,140,561,168,110,0
385,786,FF;FF;FF;FF;FF;2;18;71;17;5;3C;19;0;FF;FF;80;49;5A;5A;8C;2;33;A8;6E;0;0;0;0;B2,FF;FF;FF;FF;FF;02;18;71;17;05;3C;19;00;FF;FF;80;49;5A;5A;8C;02;33;A8;6E;00;00;00;00;B2,True,,True,38500.0,True,,True,255,255,255,255,255,2,24,113,23,5,60,25,0,255,255,128,73,90,90,140,2,51,168,110,0,0,0,0,178,1340,0.48828125,0,12.8,33,50,90,140,563,168,110,0
386,788,FF;FF;FF;FF;FF;2;18;71;17;5;50;19;0;FF;FF;80;49;5A;5A;8C;2;30;A8;6E;0;0;0;0;A1,FF;FF;FF;FF;FF;02;18;71;17;05;50;19;00;FF;FF;80;49;5A;5A;8C;02;30;A8;6E;00;00;00;00;A1,True,,True,38600.0,True,,True,255,255,255,255,255,2,24,113,23,5,80,25,0,255,255,128,73,90,90,140,2,48,168,110,0,0,0,0,161,1360,0.48828125,0,12.8,33,50,90,140,560,168,110,0
387,790,FF;FF;FF;FF;FF;2;18;71;17;5;4C;19;0;FF;FF;80;49;5A;5A;8E;2;30;A8;6E;0;0;0;0;A3,FF;FF;FF;FF;FF;02;18;71;17;05;4C;19;00;FF;FF;80;49;5A;5A;8E;02;30;A8;6E;00;00;00;00;A3,True,,True,38700.0,True,,True,255,255,255,255,255,2,24,113,23,5,76,25,0,255,255,128,73,90,90,142,2,48,168,110,0,0,0,0,163,1356,0.48828125,0,12.8,33,50,90,142,560,168,110,0
388,792,FF;FF;FF;FF;FF;2;18;71;17;5;4C;19;0;FF;FF;80;49;5A;5A;8D;2;30;A8;6E;0;0;0;0;A4,FF;FF;FF;FF;FF;02;18;71;17;05;4C;19;00;FF;FF;80;49;5A;5A;8D;02;30;A8;6E;00;00;00;00;A4,True,,True,38800.0,True,,True,255,255,255,255,255,2,24,113,23,5,76,25,0,255,255,128,73,90,90,141,2,48,168,110,0,0,0,0,164,1356,0.48828125,0,12.8,33,50,90,141,560,168,110,0
389,794,FF;FF;FF;FF;FF;2;18;71;17;5;4C;19;0;FF;FF;80;49;5A;5A;8C;2;30;A8;6E;0;0;0;0;A5,FF;FF;FF;FF;FF;02;18;71;17;05;4C;19;00;FF;FF;80;49;5A;5A;8C;02;30;A8;6E;00;00;00;00;A5,True,,True,38900.0,True,,True,255,255,255,255,255,2,24,113,23,5,76,25,0,255,255,128,73,90,90,140,2,48,168,110,0,0,0,0,165,1356,0.48828125,0,12.8,33,50,90,140,560,168,110,0
390,796,FF;FF;FF;FF;FF;2;18;71;17;5;43;19;0;FF;FF;80;49;5A;5A;8B;2;32;A8;6E;0;0;0;0;AD,FF;FF;FF;FF;FF;02;18;71;17;05;43;19;00;FF;FF;80;49;5A;5A;8B;02;32;A8;6E;00;00;00;00;AD,True,,True,39000.0,True,,True,255,255,255,255,255,2,24,113,23,5,67,25,0,255,255,128,73,90,90,139,2,50,168,110,0,0,0,0,173,1347,0.48828125,0,12.8,33,50,90,139,562,168,110,0
391,798,FF;FF;FF;FF;FF;2;18;71;17;5;3B;19;0;FF;FF;80;49;5A;5A;8B;2;31;A8;6E;0;0;0;0;B6,FF;FF;FF;FF;FF;02;18;71;17;05;3B;19;00;FF;FF;80;49;5A;5A;8B;02;31;A8;6E;00;00;00;00;B6,True,,True,39100.0,True,,True,255,255,255,255,255,2,24,113,23,5,59,25,0,255,255,128,73,90,90,139,2,49,168,110,0,0,0,0,182,1339,0.48828125,0,12.8,33,50,90,139,561,168,110,0
392,800,FF;FF;FF;FF;FF;2;18;71;17;5;28;19;0;FF;FF;80;49;5A;5A;8E;2;35;A8;6E;0;0;0;0;C2,FF;FF;FF;FF;FF;02;18;71;17;05;28;19;00;FF;FF;80;49;5A;5A;8E;02;35;A8;6E;00;00;00;00;C2,True,,True,39200.0,True,,True,255,255,255,255,255,2,24,113,23,5,40,25,0,255,255,128,73,90,90,142,2,53,168,110,0,0,0,0,194,1320,0.48828125,0,12.8,33,50,90,142,565,168,110,0
393,802,FF;FF;FF;FF;FF;2;18;71;17;5;28;19;0;FF;FF;80;49;5A;5A;8D;2;35;A8;6E;0;0;0;0;C3,FF;FF;FF;FF;FF;02;18;71;17;05;28;19;00;FF;FF;80;49;5A;5A;8D;02;35;A8;6E;00;00;00;00;C3,True,,True,39300.0,True,,True,255,255,255,255,255,2,24,113,23,5,40,25,0,255,255,128,73,90,90,141,2,53,168,110,0,0,0,0,195,1320,0.48828125,0,12.8,33,50,90,141,565,168,110,0
394,804,FF;FF;FF;FF;FF;2;18;71;17;5;3D;19;0;FF;FF;80;49;5A;5A;8B;2;33;A8;6E;0;0;0;0;B2,FF;FF;FF;FF;FF;02;18;71;17;05;3D;19;00;FF;FF;80;49;5A;5A;8B;02;33;A8;6E;00;00;00;00;B2,True,,True,39400.0,True,,True,255,255,255,255,255,2,24,113,23,5,61,25,0,255,255,128,73,90,90,139,2,51,168,110,0,0,0,0,178,1341,0.48828125,0,12.8,33,50,90,139,563,168,110,0
395,806,FF;FF;FF;FF;FF;2;18;71;17;5;4E;19;0;FF;FF;80;49;5A;5A;8C;2;30;A8;6E;0;0;0;0;A3,FF;FF;FF;FF;FF;02;18;71;17;05;4E;19;00;FF;FF;80;49;5A;5A;8C;02;30;A8;6E;00;00;00;00;A3,True,,True,39500.0,True,,True,255,255,255,255,255,2,24,113,23,5,78,25,0,255,255,128,73,90,90,140,2,48,168,110,0,0,0,0,163,1358,0.48828125,0,12.8,33,50,90,140,560,168,110,0
396,808,FF;FF;FF;FF;FF;2;18;71;17;5;50;19;0;FF;FF;80;49;5A;5A;8C;2;30;A8;6E;0;0;0;0;A1,FF;FF;FF;FF;FF;02;18;71;17;05;50;19;00;FF;FF;80;49;5A;5A;8C;02;30;A8;6E;00;00;00;00;A1,True,,True,39600.0,True,,True,255,255,255,255,255,2,24,113,23,5,80,25,0,255,255,128,73,90,90,140,2,48,168,110,0,0,0,0,161,1360,0.48828125,0,12.8,33,50,90,140,560,168,110,0
397,810,FF;FF;FF;FF;FF;2;18;71;17;5;4B;19;0;FF;FF;80;49;5A;5A;8E;2;30;A8;6E;0;0;0;0;A4,FF;FF;FF;FF;FF;02;18;71;17;05;4B;19;00;FF;FF;80;49;5A;5A;8E;02;30;A8;6E;00;00;00;00;A4,True,,True,39700.0,True,,True,255,255,255,255,255,2,24,113,23,5,75,25,0,255,255,128,73,90,90,142,2,48,168,110,0,0,0,0,164,1355,0.48828125,0,12.8,33,50,90,142,560,168,110,0
398,812,FF;FF;FF;FF;FF;2;18;71;17;5;4B;19;0;FF;FF;80;49;5A;5A;8C;2;30;A8;6E;0;0;0;0;A6,FF;FF;FF;FF;FF;02;18;71;17;05;4B;19;00;FF;FF;80;49;5A;5A;8C;02;30;A8;6E;00;00;00;00;A6,True,,True,39800.0,True,,True,255,255,255,255,255,2,24,113,23,5,75,25,0,255,255,128,73,90,90,140,2,48,168,110,0,0,0,0,166,1355,0.48828125,0,12.8,33,50,90,140,560,168,110,0
399,814,FF;FF;FF;FF;FF;2;18;71;17;5;3E;19;0;FF;FF;80;49;5A;5A;8B;2;31;A8;6E;0;0;0;0;B3,FF;FF;FF;FF;FF;02;18;71;17;05;3E;19;00;FF;FF;80;49;5A;5A;8B;02;31;A8;6E;00;00;00;00;B3,True,,True,39900.0,True,,True,255,255,255,255,255,2,24,113,23,5,62,25,0,255,255,128,73,90,90,139,2,49,168,110,0,0,0,0,179,1342,0.48828125,0,12.8,33,50,90,139,561,168,110,0
400,816,FF;FF;FF;FF;FF;2;18;71;17;5;2C;19;0;FF;FF;80;49;5A;5A;8D;2;34;A8;6E;0;0;0;0;C0,FF;FF;FF;FF;FF;02;18;71;17;05;2C;19;00;FF;FF;80;49;5A;5A;8D;02;34;A8;6E;00;00;00;00;C0,True,,True,40000.0,True,,True,255,255,255,255,255,2,24,113,23,5,44,25,0,255,255,128,73,90,90,141,2,52,168,110,0,0,0,0,192,1324,0.48828125,0,12.8,33,50,90,141,564,168,110,0
401,818,FF;FF;FF;FF;FF;2;18;71;17;5;4F;19;0;FF;FF;80;49;5A;5A;8C;2;31;A8;6E;0;0;0;0;A1,FF;FF;FF;FF;FF;02;18;71;17;05;4F;19;00;FF;FF;80;49;5A;5A;8C;02;31;A8;6E;00;00;00;00;A1,True,,True,40100.0,True,,True,255,255,255,255,255,2,24,113,23,5,79,25,0,255,255,128,73,90,90,140,2,49,168,110,0,0,0,0,161,1359,0.48828125,0,12.8,33,50,90,140,561,168,110,0
402,820,FF;FF;FF;FF;FF;2;18;71;17;5;42;19;0;FF;FF;80;49;5A;5A;8E;2;32;A8;6E;0;0;0;0;AB,FF;FF;FF;FF;FF;02;18;71;17;05;42;19;00;FF;FF;80;49;5A;5A;8E;02;32;A8;6E;00;00;00;00;AB,True,,True,40200.0,True,,True,255,255,255,255,255,2,24,113,23,5,66,25,0,255,255,128,73,90,90,142,2,50,168,110,0,0,0,0,171,1346,0.48828125,0,12.8,33,50,90,142,562,168,110,0
403,822,FF;FF;FF;FF;FF;2;18;71;17;5;42;19;0;FF;FF;80;49;5A;5A;8D;2;32;A8;6E;0;0;0;0;AC,FF;FF;FF;FF;FF;02;18;71;17;05;42;19;00;FF;FF;80;49;5A;5A;8D;02;32;A8;6E;00;00;00;00;AC,True,,True,40300.0,True,,True,255,255,255,255,255,2,24,113,23,5,66,25,0,255,255,128,73,90,90,141,2,50,168,110,0,0,0,0,172,1346,0.48828125,0,12.8,33,50,90,141,562,168,110,0
404,824,FF;FF;FF;FF;FF;2;18;71;17;5;5E;19;0;FF;FF;80;49;5A;5A;8C;2;2E;A8;6E;0;0;0;0;95,FF;FF;FF;FF;FF;02;18;71;17;05;5E;19;00;FF;FF;80;49;5A;5A;8C;02;2E;A8;6E;00;00;00;00;95,True,,True,40400.0,True,,True,255,255,255,255,255,2,24,113,23,5,94,25,0,255,255,128,73,90,90,140,2,46,168,110,0,0,0,0,149,1374,0.48828125,0,12.8,33,50,90,140,558,168,110,0
405,826,FF;FF;FF;FF;FF;2;18;71;17;5;5B;19;0;FF;FF;80;49;5A;5A;8C;2;2F;A8;6E;0;0;0;0;97,FF;FF;FF;FF;FF;02;18;71;17;05;5B;19;00;FF;FF;80;49;5A;5A;8C;02;2F;A8;6E;00;00;00;00;97,True,,True,40500.0,True,,True,255,255,255,255,255,2,24,113,23,5,91,25,0,255,255,128,73,90,90,140,2,47,168,110,0,0,0,0,151,1371,0.48828125,0,12.8,33,50,90,140,559,168,110,0
406,828,FF;FF;FF;FF;FF;2;18;71;17;5;66;19;0;FF;FF;80;49;5A;5A;8D;2;2E;A8;6E;0;0;0;0;8C,FF;FF;FF;FF;FF;02;18;71;17;05;66;19;00;FF;FF;80;49;5A;5A;8D;02;2E;A8;6E;00;00;00;00;8C,True,,True,40600.0,True,,True,255,255,255,255,255,2,24,113,23,5,102,25,0,255,255,128,73,90,90,141,2,46,168,110,0,0,0,0,140,1382,0.48828125,0,12.8,33,50,90,141,558,168,110,0
407,830,FF;FF;FF;FF;FF;2;18;71;17;5;65;19;0;FF;FF;80;49;5A;5A;8F;2;2E;A8;6E;0;0;0;0;8B,FF;FF;FF;FF;FF;02;18;71;17;05;65;19;00;FF;FF;80;49;5A;5A;8F;02;2E;A8;6E;00;00;00;00;8B,True,,True,40700.0,True,,True,255,255,255,255,255,2,24,113,23,5,101,25,0,255,255,128,73,90,90,143,2,46,168,110,0,0,0,0,139,1381,0.48828125,0,12.8,33,50,90,143,558,168,110,0
408,832,FF;FF;FF;FF;FF;2;18;71;17;5;65;19;0;FF;FF;80;49;5A;5A;8E;2;2E;A8;6E;0;0;0;0;8C,FF;FF;FF;FF;FF;02;18;71;17;05;65;19;00;FF;FF;80;49;5A;5A;8E;02;2E;A8;6E;00;00;00;00;8C,True,,True,40800.0,True,,True,255,255,255,255,255,2,24,113,23,5,101,25,0,255,255,128,73,90,90,142,2,46,168,110,0,0,0,0,140,1381,0.48828125,0,12.8,33,50,90,142,558,168,110,0
409,834,FF;FF;FF;FF;FF;2;18;71;17;5;61;19;0;FF;FF;80;49;5A;5A;8C;2;2E;A8;6E;0;0;0;0;92,FF;FF;FF;FF;FF;02;18;71;17;05;61;19;00;FF;FF;80;49;5A;5A;8C;02;2E;A8;6E;00;00;00;00;92,True,,True,40900.0,True,,True,255,255,255,255,255,2,24,113,23,5,97,25,0,255,255,128,73,90,90,140,2,46,168,110,0,0,0,0,146,1377,0.48828125,0,12.8,33,50,90,140,558,168,110,0
410,836,FF;FF;FF;FF;FF;2;18;71;17;5;54;19;0;FF;FF;80;49;5A;5A;8B;2;2F;A8;6E;0;0;0;0;9F,FF;FF;FF;FF;FF;02;18;71;17;05;54;19;00;FF;FF;80;49;5A;5A;8B;02;2F;A8;6E;00;00;00;00;9F,True,,True,41000.0,True,,True,255,255,255,255,255,2,24,113,23,5,84,25,0,255,255,128,73,90,90,139,2,47,168,110,0,0,0,0,159,1364,0.48828125,0,12.8,33,50,90,139,559,168,110,0
411,838,FF;FF;FF;FF;FF;2;18;71;17;5;2C;19;0;FF;FF;80;49;5A;5A;8C;2;33;A8;6E;0;0;0;0;C2,FF;FF;FF;FF;FF;02;18;71;17;05;2C;19;00;FF;FF;80;49;5A;5A;8C;02;33;A8;6E;00;00;00;00;C2,True,,True,41100.0,True,,True,255,255,255,255,255,2,24,113,23,5,44,25,0,255,255,128,73,90,90,140,2,51,168,110,0,0,0,0,194,1324,0.48828125,0,12.8,33,50,90,140,563,168,110,0
412,840,FF;FF;FF;FF;FF;2;18;71;17;5;2C;19;0;FF;FF;80;49;5A;5A;8E;2;34;A8;6E;0;0;0;0;BF,FF;FF;FF;FF;FF;02;18;71;17;05;2C;19;00;FF;FF;80;49;5A;5A;8E;02;34;A8;6E;00;00;00;00;BF,True,,True,41200.0,True,,True,255,255,255,255,255,2,24,113,23,5,44,25,0,255,255,128,73,90,90,142,2,52,168,110,0,0,0,0,191,1324,0.48828125,0,12.8,33,50,90,142,564,168,110,0
413,842,FF;FF;FF;FF;FF;2;18;71;17;5;2C;19;0;FF;FF;80;49;5A;5A;8D;2;34;A8;6E;0;0;0;0;C0,FF;FF;FF;FF;FF;02;18;71;17;05;2C;19;00;FF;FF;80;49;5A;5A;8D;02;34;A8;6E;00;00;00;00;C0,True,,True,41300.0,True,,True,255,255,255,255,255,2,24,113,23,5,44,25,0,255,255,128,73,90,90,141,2,52,168,110,0,0,0,0,192,1324,0.48828125,0,12.8,33,50,90,141,564,168,110,0
414,844,FF;FF;FF;FF;FF;2;18;71;17;5;41;19;0;FF;FF;80;49;5A;5A;8C;2;33;A8;6E;0;0;0;0;AD,FF;FF;FF;FF;FF;02;18;71;17;05;41;19;00;FF;FF;80;49;5A;5A;8C;02;33;A8;6E;00;00;00;00;AD,True,,True,41400.0,True,,True,255,255,255,255,255,2,24,113,23,5,65,25,0,255,255,128,73,90,90,140,2,51,168,110,0,0,0,0,173,1345,0.48828125,0,12.8,33,50,90,140,563,168,110,0
415,846,FF;FF;FF;FF;FF;2;18;71;17;5;55;19;0;FF;FF;80;49;5A;5A;8B;2;2F;A8;6E;0;0;0;0;9E,FF;FF;FF;FF;FF;02;18;71;17;05;55;19;00;FF;FF;80;49;5A;5A;8B;02;2F;A8;6E;00;00;00;00;9E,True,,True,41500.0,True,,True,255,255,255,255,255,2,24,113,23,5,85,25,0,255,255,128,73,90,90,139,2,47,168,110,0,0,0,0,158,1365,0.48828125,0,12.8,33,50,90,139,559,168,110,0
416,848,FF;FF;FF;FF;FF;2;18;71;17;5;4F;19;0;FF;FF;80;49;5A;5A;8D;2;30;A8;6E;0;0;0;0;A1,FF;FF;FF;FF;FF;02;18;71;17;05;4F;19;00;FF;FF;80;49;5A;5A;8D;02;30;A8;6E;00;00;00;00;A1,True,,True,41600.0,True,,True,255,255,255,255,255,2,24,113,23,5,79,25,0,255,255,128,73,90,90,141,2,48,168,110,0,0,0,0,161,1359,0.48828125,0,12.8,33,50,90,141,560,168,110,0
417,850,FF;FF;FF;FF;FF;2;18;71;17;5;6D;19;0;FF;FF;80;49;5A;5A;8E;2;2D;A8;6E;0;0;0;0;85,FF;FF;FF;FF;FF;02;18;71;17;05;6D;19;00;FF;FF;80;49;5A;5A;8E;02;2D;A8;6E;00;00;00;00;85,True,,True,41700.0,True,,True,255,255,255,255,255,2,24,113,23,5,109,25,0,255,255,128,73,90,90,142,2,45,168,110,0,0,0,0,133,1389,0.48828125,0,12.8,33,50,90,142,557,168,110,0
418,852,FF;FF;FF;FF;FF;2;18;71;17;5;6D;19;0;FF;FF;80;49;5A;5A;8F;2;2D;A8;6E;0;0;0;0;84,FF;FF;FF;FF;FF;02;18;71;17;05;6D;19;00;FF;FF;80;49;5A;5A;8F;02;2D;A8;6E;00;00;00;00;84,True,,True,41800.0,True,,True,255,255,255,255,255,2,24,113,23,5,109,25,0,255,255,128,73,90,90,143,2,45,168,110,0,0,0,0,132,1389,0.48828125,0,12.8,33,50,90,143,557,168,110,0
419,854,FF;FF;FF;FF;FF;2;18;71;17;5;5B;19;0;FF;FF;80;49;5A;5A;8D;2;2F;A8;6E;0;0;0;0;96,FF;FF;FF;FF;FF;02;18;71;17;05;5B;19;00;FF;FF;80;49;5A;5A;8D;02;2F;A8;6E;00;00;00;00;96,True,,True,41900.0,True,,True,255,255,255,255,255,2,24,113,23,5,91,25,0,255,255,128,73,90,90,141,2,47,168,110,0,0,0,0,150,1371,0.48828125,0,12.8,33,50,90,141,559,168,110,0
420,856,FF;FF;FF;FF;FF;2;18;71;17;5;69;19;0;FF;FF;80;49;5A;5A;8B;2;2E;A8;6E;0;0;0;0;8B,FF;FF;FF;FF;FF;02;18;71;17;05;69;19;00;FF;FF;80;49;5A;5A;8B;02;2E;A8;6E;00;00;00;00;8B,True,,True,42000.0,True,,True,255,255,255,255,255,2,24,113,23,5,105,25,0,255,255,128,73,90,90,139,2,46,168,110,0,0,0,0,139,1385,0.48828125,0,12.8,33,50,90,139,558,168,110,0
421,858,FF;FF;FF;FF;FF;2;18;71;17;5;46;19;0;FF;FF;80;49;5A;5A;8D;2;30;A8;6E;0;0;0;0;AA,FF;FF;FF;FF;FF;02;18;71;17;05;46;19;00;FF;FF;80;49;5A;5A;8D;02;30;A8;6E;00;00;00;00;AA,True,,True,42100.0,True,,True,255,255,255,255,255,2,24,113,23,5,70,25,0,255,255,128,73,90,90,141,2,48,168,110,0,0,0,0,170,1350,0.48828125,0,12.8,33,50,90,141,560,168,110,0
422,860,FF;FF;FF;FF;FF;2;18;71;17;5;5C;19;0;FF;FF;80;49;5A;5A;8E;2;2F;A8;6E;0;0;0;0;94,FF;FF;FF;FF;FF;02;18;71;17;05;5C;19;00;FF;FF;80;49;5A;5A;8E;02;2F;A8;6E;00;00;00;00;94,True,,True,42200.0,True,,True,255,255,255,255,255,2,24,113,23,5,92,25,0,255,255,128,73,90,90,142,2,47,168,110,0,0,0,0,148,1372,0.48828125,0,12.8,33,50,90,142,559,168,110,0
423,862,FF;FF;FF;FF;FF;2;18;71;17;5;49;19;0;FF;FF;80;49;5A;5A;8F;2;30;A8;6E;0;0;0;0;A5,FF;FF;FF;FF;FF;02;18;71;17;05;49;19;00;FF;FF;80;49;5A;5A;8F;02;30;A8;6E;00;00;00;00;A5,True,,True,42300.0,True,,True,255,255,255,255,255,2,24,113,23,5,73,25,0,255,255,128,73,90,90,143,2,48,168,110,0,0,0,0,165,1353,0.48828125,0,12.8,33,50,90,143,560,168,110,0
424,864,FF;FF;FF;FF;FF;2;18;71;17;5;49;19;0;FF;FF;80;49;5A;5A;8D;2;30;A8;6E;0;0;0;0;A7,FF;FF;FF;FF;FF;02;18;71;17;05;49;19;00;FF;FF;80;49;5A;5A;8D;02;30;A8;6E;00;00;00;00;A7,True,,True,42400.0,True,,True,255,255,255,255,255,2,24,113,23,5,73,25,0,255,255,128,73,90,90,141,2,48,168,110,0,0,0,0,167,1353,0.48828125,0,12.8,33,50,90,141,560,168,110,0
425,866,FF;FF;FF;FF;FF;2;18;71;17;5;58;19;0;FF;FF;80;49;5A;5A;8B;2;2F;A8;6E;0;0;0;0;9B,FF;FF;FF;FF;FF;02;18;71;17;05;58;19;00;FF;FF;80;49;5A;5A;8B;02;2F;A8;6E;00;00;00;00;9B,True,,True,42500.0,True,,True,255,255,255,255,255,2,24,113,23,5,88,25,0,255,255,128,73,90,90,139,2,47,168,110,0,0,0,0,155,1368,0.48828125,0,12.8,33,50,90,139,559,168,110,0
426,868,FF;FF;FF;FF;FF;2;18;71;17;5;37;19;0;FF;FF;80;49;5A;5A;8D;2;32;A8;6E;0;0;0;0;B7,FF;FF;FF;FF;FF;02;18;71;17;05;37;19;00;FF;FF;80;49;5A;5A;8D;02;32;A8;6E;00;00;00;00;B7,True,,True,42600.0,True,,True,255,255,255,255,255,2,24,113,23,5,55,25,0,255,255,128,73,90,90,141,2,50,168,110,0,0,0,0,183,1335,0.48828125,0,12.8,33,50,90,141,562,168,110,0
427,870,FF;FF;FF;FF;FF;2;18;71;17;5;53;19;0;FF;FF;80;49;5A;5A;8D;2;2F;A8;6E;0;0;0;0;9E,FF;FF;FF;FF;FF;02;18;71;17;05;53;19;00;FF;FF;80;49;5A;5A;8D;02;2F;A8;6E;00;00;00;00;9E,True,,True,42700.0,True,,True,255,255,255,255,255,2,24,113,23,5,83,25,0,255,255,128,73,90,90,141,2,47,168,110,0,0,0,0,158,1363,0.48828125,0,12.8,33,50,90,141,559,168,110,0
428,872,FF;FF;FF;FF;FF;2;18;71;17;5;45;19;0;FF;FF;80;49;5A;5A;8F;2;31;A8;6E;0;0;0;0;A8,FF;FF;FF;FF;FF;02;18;71;17;05;45;19;00;FF;FF;80;49;5A;5A;8F;02;31;A8;6E;00;00;00;00;A8,True,,True,42800.0,True,,True,255,255,255,255,255,2,24,113,23,5,69,25,0,255,255,128,73,90,90,143,2,49,168,110,0,0,0,0,168,1349,0.48828125,0,12.8,33,50,90,143,561,168,110,0
429,874,FF;FF;FF;FF;FF;2;18;71;17;5;45;19;0;FF;FF;80;49;5A;5A;8C;2;31;A8;6E;0;0;0;0;AB,FF;FF;FF;FF;FF;02;18;71;17;05;45;19;00;FF;FF;80;49;5A;5A;8C;02;31;A8;6E;00;00;00;00;AB,True,,True,42900.0,True,,True,255,255,255,255,255,2,24,113,23,5,69,25,0,255,255,128,73,90,90,140,2,49,168,110,0,0,0,0,171,1349,0.48828125,0,12.8,33,50,90,140,561,168,110,0
430,876,FF;FF;FF;FF;FF;2;18;71;17;5;56;19;0;FF;FF;80;49;5A;5A;8B;2;2F;A8;6E;0;0;0;0;9D,FF;FF;FF;FF;FF;02;18;71;17;05;56;19;00;FF;FF;80;49;5A;5A;8B;02;2F;A8;6E;00;00;00;00;9D,True,,True,43000.0,True,,True,255,255,255,255,255,2,24,113,23,5,86,25,0,255,255,128,73,90,90,139,2,47,168,110,0,0,0,0,157,1366,0.48828125,0,12.8,33,50,90,139,559,168,110,0
431,878,FF;FF;FF;FF;FF;2;18;71;17;5;47;19;0;FF;FF;80;49;5A;5A;8D;2;30;A8;6E;0;0;0;0;A9,FF;FF;FF;FF;FF;02;18;71;17;05;47;19;00;FF;FF;80;49;5A;5A;8D;02;30;A8;6E;00;00;00;00;A9,True,,True,43100.0,True,,True,255,255,255,255,255,2,24,113,23,5,71,25,0,255,255,128,73,90,90,141,2,48,168,110,0,0,0,0,169,1351,0.48828125,0,12.8,33,50,90,141,560,168,110,0
432,880,FF;FF;FF;FF;FF;2;18;71;17;5;7E;19;0;FF;FF;80;49;5A;5A;8D;2;29;A9;6E;0;0;0;0;78,FF;FF;FF;FF;FF;02;18;71;17;05;7E;19;00;FF;FF;80;49;5A;5A;8D;02;29;A9;6E;00;00;00;00;78,True,,True,43200.0,True,,True,255,255,255,255,255,2,24,113,23,5,126,25,0,255,255,128,73,90,90,141,2,41,169,110,0,0,0,0,120,1406,0.48828125,0,12.8,33,50,90,141,553,169,110,0
433,882,FF;FF;FF;FF;FF;2;18;71;17;5;69;19;0;FF;FF;80;49;5A;5A;8F;2;2C;A8;6E;0;0;0;0;89,FF;FF;FF;FF;FF;02;18;71;17;05;69;19;00;FF;FF;80;49;5A;5A;8F;02;2C;A8;6E;00;00;00;00;89,True,,True,43300.0,True,,True,255,255,255,255,255,2,24,113,23,5,105,25,0,255,255,128,73,90,90,143,2,44,168,110,0,0,0,0,137,1385,0.48828125,0,12.8,33,50,90,143,556,168,110,0
434,884,FF;FF;FF;FF;FF;2;18;71;17;5;69;19;0;FF;FF;80;49;5A;5A;8E;2;2C;A8;6E;0;0;0;0;8A,FF;FF;FF;FF;FF;02;18;71;17;05;69;19;00;FF;FF;80;49;5A;5A;8E;02;2C;A8;6E;00;00;00;00;8A,True,,True,43400.0,True,,True,255,255,255,255,255,2,24,113,23,5,105,25,0,255,255,128,73,90,90,142,2,44,168,110,0,0,0,0,138,1385,0.48828125,0,12.8,33,50,90,142,556,168,110,0
435,886,FF;FF;FF;FF;FF;2;18;71;17;5;56;19;0;FF;FF;80;49;5A;5A;8C;2;2F;A8;6E;0;0;0;0;9C,FF;FF;FF;FF;FF;02;18;71;17;05;56;19;00;FF;FF;80;49;5A;5A;8C;02;2F;A8;6E;00;00;00;00;9C,True,,True,43500.0,True,,True,255,255,255,255,255,2,24,113,23,5,86,25,0,255,255,128,73,90,90,140,2,47,168,110,0,0,0,0,156,1366,0.48828125,0,12.8,33,50,90,140,559,168,110,0
436,888,FF;FF;FF;FF;FF;2;18;71;17;5;59;19;0;FF;FF;80;49;5A;5A;8C;2;2D;A8;6E;0;0;0;0;9B,FF;FF;FF;FF;FF;02;18;71;17;05;59;19;00;FF;FF;80;49;5A;5A;8C;02;2D;A8;6E;00;00;00;00;9B,True,,True,43600.0,True,,True,255,255,255,255,255,2,24,113,23,5,89,25,0,255,255,128,73,90,90,140,2,45,168,110,0,0,0,0,155,1369,0.48828125,0,12.8,33,50,90,140,557,168,110,0
437,890,FF;FF;FF;FF;FF;2;18;71;17;5;45;19;0;FF;FF;80;49;5A;5A;8D;2;31;A8;6E;0;0;0;0;AA,FF;FF;FF;FF;FF;02;18;71;17;05;45;19;00;FF;FF;80;49;5A;5A;8D;02;31;A8;6E;00;00;00;00;AA,True,,True,43700.0,True,,True,255,255,255,255,255,2,24,113,23,5,69,25,0,255,255,128,73,90,90,141,2,49,168,110,0,0,0,0,170,1349,0.48828125,0,12.8,33,50,90,141,561,168,110,0
438,892,FF;FF;FF;FF;FF;2;18;71;17;5;5A;19;0;FF;FF;80;49;5A;5A;8E;2;2F;A8;6E;0;0;0;0;96,FF;FF;FF;FF;FF;02;18;71;17;05;5A;19;00;FF;FF;80;49;5A;5A;8E;02;2F;A8;6E;00;00;00;00;96,True,,True,43800.0,True,,True,255,255,255,255,255,2,24,113,23,5,90,25,0,255,255,128,73,90,90,142,2,47,168,110,0,0,0,0,150,1370,0.48828125,0,12.8,33,50,90,142,559,168,110,0
439,894,FF;FF;FF;FF;FF;2;18;71;17;5;5A;19;0;FF;FF;80;49;5A;5A;8E;2;2F;A8;6E;0;0;0;0;96,FF;FF;FF;FF;FF;02;18;71;17;05;5A;19;00;FF;FF;80;49;5A;5A;8E;02;2F;A8;6E;00;00;00;00;96,True,,True,43900.0,True,,True,255,255,255,255,255,2,24,113,23,5,90,25,0,255,255,128,73,90,90,142,2,47,168,110,0,0,0,0,150,1370,0.48828125,0,12.8,33,50,90,142,559,168,110,0
440,896,FF;FF;FF;FF;FF;2;18;71;17;5;54;19;0;FF;FF;80;49;5A;5A;8D;2;2F;A8;6E;0;0;0;0;9D,FF;FF;FF;FF;FF;02;18;71;17;05;54;19;00;FF;FF;80;49;5A;5A;8D;02;2F;A8;6E;00;00;00;00;9D,True,,True,44000.0,True,,True,255,255,255,255,255,2,24,113,23,5,84,25,0,255,255,128,73,90,90,141,2,47,168,110,0,0,0,0,157,1364,0.48828125,0,12.8,33,50,90,141,559,168,110,0
441,898,FF;FF;FF;FF;FF;2;18;71;17;5;5B;19;0;FF;FF;80;49;5A;5A;8B;2;2F;A8;6E;0;0;0;0;98,FF;FF;FF;FF;FF;02;18;71;17;05;5B;19;00;FF;FF;80;49;5A;5A;8B;02;2F;A8;6E;00;00;00;00;98,True,,True,44100.0,True,,True,255,255,255,255,255,2,24,113,23,5,91,25,0,255,255,128,73,90,90,139,2,47,168,110,0,0,0,0,152,1371,0.48828125,0,12.8,33,50,90,139,559,168,110,0
442,900,FF;FF;FF;FF;FF;2;18;71;17;5;3E;19;0;FF;FF;80;49;59;5B;8C;2;31;A8;6E;0;0;0;0;B2,FF;FF;FF;FF;FF;02;18;71;17;05;3E;19;00;FF;FF;80;49;59;5B;8C;02;31;A8;6E;00;00;00;00;B2,True,,True,44200.0,True,,True,255,255,255,255,255,2,24,113,23,5,62,25,0,255,255,128,73,89,91,140,2,49,168,110,0,0,0,0,178,1342,0.48828125,0,12.8,33,49,91,140,561,168,110,0
443,902,FF;FF;FF;FF;FF;2;18;71;17;5;3D;19;0;FF;FF;80;49;59;5B;8E;2;31;A8;6E;0;0;0;0;B1,FF;FF;FF;FF;FF;02;18;71;17;05;3D;19;00;FF;FF;80;49;59;5B;8E;02;31;A8;6E;00;00;00;00;B1,True,,True,44300.0,True,,True,255,255,255,255,255,2,24,113,23,5,61,25,0,255,255,128,73,89,91,142,2,49,168,110,0,0,0,0,177,1341,0.48828125,0,12.8,33,49,91,142,561,168,110,0
444,904,FF;FF;FF;FF;FF;2;18;71;17;5;3D;19;0;FF;FF;80;49;59;5B;8E;2;31;A8;6E;0;0;0;0;B1,FF;FF;FF;FF;FF;02;18;71;17;05;3D;19;00;FF;FF;80;49;59;5B;8E;02;31;A8;6E;00;00;00;00;B1,True,,True,44400.0,True,,True,255,255,255,255,255,2,24,113,23,5,61,25,0,255,255,128,73,89,91,142,2,49,168,110,0,0,0,0,177,1341,0.48828125,0,12.8,33,49,91,142,561,168,110,0
445,906,FF;FF;FF;FF;FF;2;18;71;17;5;57;19;0;FF;FF;80;49;59;5B;8D;2;2F;A8;6E;0;0;0;0;9A,FF;FF;FF;FF;FF;02;18;71;17;05;57;19;00;FF;FF;80;49;59;5B;8D;02;2F;A8;6E;00;00;00;00;9A,True,,True,44500.0,True,,True,255,255,255,255,255,2,24,113,23,5,87,25,0,255,255,128,73,89,91,141,2,47,168,110,0,0,0,0,154,1367,0.48828125,0,12.8,33,49,91,141,559,168,110,0
446,908,FF;FF;FF;FF;FF;2;18;71;17;5;57;19;0;FF;FF;80;49;59;5B;8C;2;2F;A8;6E;0;0;0;0;9B,FF;FF;FF;FF;FF;02;18;71;17;05;57;19;00;FF;FF;80;49;59;5B;8C;02;2F;A8;6E;00;00;00;00;9B,True,,True,44600.0,True,,True,255,255,255,255,255,2,24,113,23,5,87,25,0,255,255,128,73,89,91,140,2,47,168,110,0,0,0,0,155,1367,0.48828125,0,12.8,33,49,91,140,559,168,110,0
447,910,FF;FF;FF;FF;FF;2;18;71;17;5;6C;19;0;FF;FF;80;49;59;5B;8E;2;2D;A8;6E;0;0;0;0;86,FF;FF;FF;FF;FF;02;18;71;17;05;6C;19;00;FF;FF;80;49;59;5B;8E;02;2D;A8;6E;00;00;00;00;86,True,,True,44700.0,True,,True,255,255,255,255,255,2,24,113,23,5,108,25,0,255,255,128,73,89,91,142,2,45,168,110,0,0,0,0,134,1388,0.48828125,0,12.8,33,49,91,142,557,168,110,0
448,912,FF;FF;FF;FF;FF;2;18;71;17;5;76;19;0;FF;FF;80;49;59;5B;8E;2;2B;A8;6E;0;0;0;0;7E,FF;FF;FF;FF;FF;02;18;71;17;05;76;19;00;FF;FF;80;49;59;5B;8E;02;2B;A8;6E;00;00;00;00;7E,True,,True,44800.0,True,,True,255,255,255,255,255,2,24,113,23,5,118,25,0,255,255,128,73,89,91,142,2,43,168,110,0,0,0,0,126,1398,0.48828125,0,12.8,33,49,91,142,555,168,110,0
449,914,FF;FF;FF;FF;FF;2;18;71;17;5;69;19;0;FF;FF;80;49;59;5B;8F;2;2C;A8;6E;0;0;0;0;89,FF;FF;FF;FF;FF;02;18;71;17;05;69;19;00;FF;FF;80;49;59;5B;8F;02;2C;A8;6E;00;00;00;00;89,True,,True,44900.0,True,,True,255,255,255,255,255,2,24,113,23,5,105,25,0,255,255,128,73,89,91,143,2,44,168,110,0,0,0,0,137,1385,0.48828125,0,12.8,33,49,91,143,556,168,110,0
450,916,FF;FF;FF;FF;FF;2;18;71;17;5;69;19;0;FF;FF;80;49;59;5B;8E;2;2C;A8;6E;0;0;0;0;8A,FF;FF;FF;FF;FF;02;18;71;17;05;69;19;00;FF;FF;80;49;59;5B;8E;02;2C;A8;6E;00;00;00;00;8A,True,,True,45000.0,True,,True,255,255,255,255,255,2,24,113,23,5,105,25,0,255,255,128,73,89,91,142,2,44,168,110,0,0,0,0,138,1385,0.48828125,0,12.8,33,49,91,142,556,168,110,0
451,918,FF;FF;FF;FF;FF;2;18;71;17;5;73;19;0;FF;FF;80;49;59;5B;8D;2;2B;A8;6E;0;0;0;0;82,FF;FF;FF;FF;FF;02;18;71;17;05;73;19;00;FF;FF;80;49;59;5B;8D;02;2B;A8;6E;00;00;00;00;82,True,,True,45100.0,True,,True,255,255,255,255,255,2,24,113,23,5,115,25,0,255,255,128,73,89,91,141,2,43,168,110,0,0,0,0,130,1395,0.48828125,0,12.8,33,49,91,141,555,168,110,0
452,920,FF;FF;FF;FF;FF;2;18;71;17;5;4A;19;0;FF;FF;80;49;59;5B;8D;2;2F;A8;6E;0;0;0;0;A7,FF;FF;FF;FF;FF;02;18;71;17;05;4A;19;00;FF;FF;80;49;59;5B;8D;02;2F;A8;6E;00;00;00;00;A7,True,,True,45200.0,True,,True,255,255,255,255,255,2,24,113,23,5,74,25,0,255,255,128,73,89,91,141,2,47,168,110,0,0,0,0,167,1354,0.48828125,0,12.8,33,49,91,141,559,168,110,0
453,922,FF;FF;FF;FF;FF;2;18;71;17;5;49;19;0;FF;FF;80;49;59;5B;8D;2;30;A8;6E;0;0;0;0;A7,FF;FF;FF;FF;FF;02;18;71;17;05;49;19;00;FF;FF;80;49;59;5B;8D;02;30;A8;6E;00;00;00;00;A7,True,,True,45300.0,True,,True,255,255,255,255,255,2,24,113,23,5,73,25,0,255,255,128,73,89,91,141,2,48,168,110,0,0,0,0,167,1353,0.48828125,0,12.8,33,49,91,141,560,168,110,0
454,924,FF;FF;FF;FF;FF;2;18;71;17;5;68;19;0;FF;FF;80;49;59;5B;8F;2;2E;A8;6E;0;0;0;0;88,FF;FF;FF;FF;FF;02;18;71;17;05;68;19;00;FF;FF;80;49;59;5B;8F;02;2E;A8;6E;00;00;00;00;88,True,,True,45400.0,True,,True,255,255,255,255,255,2,24,113,23,5,104,25,0,255,255,128,73,89,91,143,2,46,168,110,0,0,0,0,136,1384,0.48828125,0,12.8,33,49,91,143,558,168,110,0
455,926,FF;FF;FF;FF;FF;2;18;71;17;5;68;19;0;FF;FF;80;49;59;5B;8D;2;2E;A8;6E;0;0;0;0;8A,FF;FF;FF;FF;FF;02;18;71;17;05;68;19;00;FF;FF;80;49;59;5B;8D;02;2E;A8;6E;00;00;00;00;8A,True,,True,45500.0,True,,True,255,255,255,255,255,2,24,113,23,5,104,25,0,255,255,128,73,89,91,141,2,46,168,110,0,0,0,0,138,1384,0.48828125,0,12.8,33,49,91,141,558,168,110,0
456,928,FF;FF;FF;FF;FF;2;18;71;17;5;48;19;0;FF;FF;80;49;59;5B;8D;2;30;A8;6E;0;0;0;0;A8,FF;FF;FF;FF;FF;02;18;71;17;05;48;19;00;FF;FF;80;49;59;5B;8D;02;30;A8;6E;00;00;00;00;A8,True,,True,45600.0,True,,True,255,255,255,255,255,2,24,113,23,5,72,25,0,255,255,128,73,89,91,141,2,48,168,110,0,0,0,0,168,1352,0.48828125,0,12.8,33,49,91,141,560,168,110,0
457,930,FF;FF;FF;FF;FF;2;18;71;17;5;28;19;0;FF;FF;80;49;59;5B;8D;2;33;A8;6E;0;0;0;0;C5,FF;FF;FF;FF;FF;02;18;71;17;05;28;19;00;FF;FF;80;49;59;5B;8D;02;33;A8;6E;00;00;00;00;C5,True,,True,45700.0,True,,True,255,255,255,255,255,2,24,113,23,5,40,25,0,255,255,128,73,89,91,141,2,51,168,110,0,0,0,0,197,1320,0.48828125,0,12.8,33,49,91,141,563,168,110,0
458,932,FF;FF;FF;FF;FF;2;18;71;17;5;43;19;0;FF;FF;80;49;59;5B;8C;2;31;A8;6E;0;0;0;0;AD,FF;FF;FF;FF;FF;02;18;71;17;05;43;19;00;FF;FF;80;49;59;5B;8C;02;31;A8;6E;00;00;00;00;AD,True,,True,45800.0,True,,True,255,255,255,255,255,2,24,113,23,5,67,25,0,255,255,128,73,89,91,140,2,49,168,110,0,0,0,0,173,1347,0.48828125,0,12.8,33,49,91,140,561,168,110,0
459,934,FF;FF;FF;FF;FF;2;18;71;17;5;37;19;0;FF;FF;80;49;59;5B;8E;2;32;A8;6E;0;0;0;0;B6,FF;FF;FF;FF;FF;02;18;71;17;05;37;19;00;FF;FF;80;49;59;5B;8E;02;32;A8;6E;00;00;00;00;B6,True,,True,45900.0,True,,True,255,255,255,255,255,2,24,113,23,5,55,25,0,255,255,128,73,89,91,142,2,50,168,110,0,0,0,0,182,1335,0.48828125,0,12.8,33,49,91,142,562,168,110,0
460,936,FF;FF;FF;FF;FF;2;18;71;17;5;37;19;0;FF;FF;80;49;59;5B;8D;2;32;A8;6E;0;0;0;0;B7,FF;FF;FF;FF;FF;02;18;71;17;05;37;19;00;FF;FF;80;49;59;5B;8D;02;32;A8;6E;00;00;00;00;B7,True,,True,46000.0,True,,True,255,255,255,255,255,2,24,113,23,5,55,25,0,255,255,128,73,89,91,141,2,50,168,110,0,0,0,0,183,1335,0.48828125,0,12.8,33,49,91,141,562,168,110,0
461,938,FF;FF;FF;FF;FF;2;18;71;17;5;42;19;0;FF;FF;80;49;59;5B;8B;2;31;A8;6E;0;0;0;0;AF,FF;FF;FF;FF;FF;02;18;71;17;05;42;19;00;FF;FF;80;49;59;5B;8B;02;31;A8;6E;00;00;00;00;AF,True,,True,46100.0,True,,True,255,255,255,255,255,2,24,113,23,5,66,25,0,255,255,128,73,89,91,139,2,49,168,110,0,0,0,0,175,1346,0.48828125,0,12.8,33,49,91,139,561,168,110,0
462,940,FF;FF;FF;FF;FF;2;18;71;17;5;30;19;0;FF;FF;80;49;59;5B;8D;2;34;A8;6E;0;0;0;0;BC,FF;FF;FF;FF;FF;02;18;71;17;05;30;19;00;FF;FF;80;49;59;5B;8D;02;34;A8;6E;00;00;00;00;BC,True,,True,46200.0,True,,True,255,255,255,255,255,2,24,113,23,5,48,25,0,255,255,128,73,89,91,141,2,52,168,110,0,0,0,0,188,1328,0.48828125,0,12.8,33,49,91,141,564,168,110,0
463,942,FF;FF;FF;FF;FF;2;18;71;17;5;64;19;0;FF;FF;80;49;59;5B;8D;2;2E;A8;6E;0;0;0;0;8E,FF;FF;FF;FF;FF;02;18;71;17;05;64;19;00;FF;FF;80;49;59;5B;8D;02;2E;A8;6E;00;00;00;00;8E,True,,True,46300.0,True,,True,255,255,255,255,255,2,24,113,23,5,100,25,0,255,255,128,73,89,91,141,2,46,168,110,0,0,0,0,142,1380,0.48828125,0,12.8,33,49,91,141,558,168,110,0
464,944,FF;FF;FF;FF;FF;2;18;71;17;5;7C;19;0;FF;FF;80;49;59;5B;90;2;2B;A8;6E;0;0;0;0;76,FF;FF;FF;FF;FF;02;18;71;17;05;7C;19;00;FF;FF;80;49;59;5B;90;02;2B;A8;6E;00;00;00;00;76,True,,True,46400.0,True,,True,255,255,255,255,255,2,24,113,23,5,124,25,0,255,255,128,73,89,91,144,2,43,168,110,0,0,0,0,118,1404,0.48828125,0,12.8,33,49,91,144,555,168,110,0
465,946,FF;FF;FF;FF;FF;2;18;71;17;5;7C;19;0;FF;FF;80;49;59;5B;8F;2;2B;A9;6E;0;0;0;0;76,FF;FF;FF;FF;FF;02;18;71;17;05;7C;19;00;FF;FF;80;49;59;5B;8F;02;2B;A9;6E;00;00;00;00;76,True,,True,46500.0,True,,True,255,255,255,255,255,2,24,113,23,5,124,25,0,255,255,128,73,89,91,143,2,43,169,110,0,0,0,0,118,1404,0.48828125,0,12.8,33,49,91,143,555,169,110,0
466,948,FF;FF;FF;FF;FF;2;18;71;17;5;91;19;0;FF;FF;80;49;59;5B;8E;2;26;AF;6E;0;0;0;0;61,FF;FF;FF;FF;FF;02;18;71;17;05;91;19;00;FF;FF;80;49;59;5B;8E;02;26;AF;6E;00;00;00;00;61,True,,True,46600.0,True,,True,255,255,255,255,255,2,24,113,23,5,145,25,0,255,255,128,73,89,91,142,2,38,175,110,0,0,0,0,97,1425,0.48828125,0,12.8,33,49,91,142,550,175,110,0
467,950,FF;FF;FF;FF;FF;2;18;71;17;5;8D;19;0;FF;FF;80;49;59;5B;8D;2;27;AD;6E;0;0;0;0;67,FF;FF;FF;FF;FF;02;18;71;17;05;8D;19;00;FF;FF;80;49;59;5B;8D;02;27;AD;6E;00;00;00;00;67,True,,True,46700.0,True,,True,255,255,255,255,255,2,24,113,23,5,141,25,0,255,255,128,73,89,91,141,2,39,173,110,0,0,0,0,103,1421,0.48828125,0,12.8,33,49,91,141,551,173,110,0
468,952,FF;FF;FF;FF;FF;2;18;71;17;5;7E;19;0;FF;FF;80;49;59;5B;8E;2;29;A9;6E;0;0;0;0;77,FF;FF;FF;FF;FF;02;18;71;17;05;7E;19;00;FF;FF;80;49;59;5B;8E;02;29;A9;6E;00;00;00;00;77,True,,True,46800.0,True,,True,255,255,255,255,255,2,24,113,23,5,126,25,0,255,255,128,73,89,91,142,2,41,169,110,0,0,0,0,119,1406,0.48828125,0,12.8,33,49,91,142,553,169,110,0
469,954,FF;FF;FF;FF;FF;2;18;71;17;5;73;19;0;FF;FF;80;49;59;5B;8E;2;2B;A8;6E;0;0;0;0;81,FF;FF;FF;FF;FF;02;18;71;17;05;73;19;00;FF;FF;80;49;59;5B;8E;02;2B;A8;6E;00;00;00;00;81,True,,True,46900.0,True,,True,255,255,255,255,255,2,24,113,23,5,115,25,0,255,255,128,73,89,91,142,2,43,168,110,0,0,0,0,129,1395,0.48828125,0,12.8,33,49,91,142,555,168,110,0
470,956,FF;FF;FF;FF;FF;2;18;71;17;5;5C;19;0;FF;FF;80;49;59;5B;8F;2;2D;A8;6E;0;0;0;0;95,FF;FF;FF;FF;FF;02;18;71;17;05;5C;19;00;FF;FF;80;49;59;5B;8F;02;2D;A8;6E;00;00;00;00;95,True,,True,47000.0,True,,True,255,255,255,255,255,2,24,113,23,5,92,25,0,255,255,128,73,89,91,143,2,45,168,110,0,0,0,0,149,1372,0.48828125,0,12.8,33,49,91,143,557,168,110,0
471,958,FF;FF;FF;FF;FF;2;18;71;17;5;5C;19;0;FF;FF;80;49;59;5B;8E;2;2D;A8;6E;0;0;0;0;96,FF;FF;FF;FF;FF;02;18;71;17;05;5C;19;00;FF;FF;80;49;59;5B;8E;02;2D;A8;6E;00;00;00;00;96,True,,True,47100.0,True,,True,255,255,255,255,255,2,24,113,23,5,92,25,0,255,255,128,73,89,91,142,2,45,168,110,0,0,0,0,150,1372,0.48828125,0,12.8,33,49,91,142,557,168,110,0
472,960,FF;FF;FF;FF;FF;2;18;71;17;5;51;19;0;FF;FF;80;49;59;5B;8C;2;2E;A8;6E;0;0;0;0;A2,FF;FF;FF;FF;FF;02;18;71;17;05;51;19;00;FF;FF;80;49;59;5B;8C;02;2E;A8;6E;00;00;00;00;A2,True,,True,47200.0,True,,True,255,255,255,255,255,2,24,113,23,5,81,25,0,255,255,128,73,89,91,140,2,46,168,110,0,0,0,0,162,1361,0.48828125,0,12.8,33,49,91,140,558,168,110,0
473,962,FF;FF;FF;FF;FF;2;18;71;17;5;29;19;0;FF;FF;80;49;59;5B;8C;2;33;A8;6E;0;0;0;0;C5,FF;FF;FF;FF;FF;02;18;71;17;05;29;19;00;FF;FF;80;49;59;5B;8C;02;33;A8;6E;00;00;00;00;C5,True,,True,47300.0,True,,True,255,255,255,255,255,2,24,113,23,5,41,25,0,255,255,128,73,89,91,140,2,51,168,110,0,0,0,0,197,1321,0.48828125,0,12.8,33,49,91,140,563,168,110,0
474,964,FF;FF;FF;FF;FF;2;18;71;17;5;20;19;0;FF;FF;80;49;59;5B;8D;2;34;A8;6E;0;0;0;0;CC,FF;FF;FF;FF;FF;02;18;71;17;05;20;19;00;FF;FF;80;49;59;5B;8D;02;34;A8;6E;00;00;00;00;CC,True,,True,47400.0,True,,True,255,255,255,255,255,2,24,113,23,5,32,25,0,255,255,128,73,89,91,141,2,52,168,110,0,0,0,0,204,1312,0.48828125,0,12.8,33,49,91,141,564,168,110,0
475,966,FF;FF;FF;FF;FF;2;18;71;17;5;2C;19;0;FF;FF;80;49;59;5B;8E;2;33;A8;6E;0;0;0;0;C0,FF;FF;FF;FF;FF;02;18;71;17;05;2C;19;00;FF;FF;80;49;59;5B;8E;02;33;A8;6E;00;00;00;00;C0,True,,True,47500.0,True,,True,255,255,255,255,255,2,24,113,23,5,44,25,0,255,255,128,73,89,91,142,2,51,168,110,0,0,0,0,192,1324,0.48828125,0,12.8,33,49,91,142,563,168,110,0
476,968,FF;FF;FF;FF;FF;2;18;71;17;5;2C;19;0;FF;FF;80;49;59;5B;8C;2;33;A8;6E;0;0;0;0;C2,FF;FF;FF;FF;FF;02;18;71;17;05;2C;19;00;FF;FF;80;49;59;5B;8C;02;33;A8;6E;00;00;00;00;C2,True,,True,47600.0,True,,True,255,255,255,255,255,2,24,113,23,5,44,25,0,255,255,128,73,89,91,140,2,51,168,110,0,0,0,0,194,1324,0.48828125,0,12.8,33,49,91,140,563,168,110,0
477,970,FF;FF;FF;FF;FF;2;18;71;17;5;28;19;0;FF;FF;80;49;59;5B;8C;2;33;A8;6E;0;0;0;0;C6,FF;FF;FF;FF;FF;02;18;71;17;05;28;19;00;FF;FF;80;49;59;5B;8C;02;33;A8;6E;00;00;00;00;C6,True,,True,47700.0,True,,True,255,255,255,255,255,2,24,113,23,5,40,25,0,255,255,128,73,89,91,140,2,51,168,110,0,0,0,0,198,1320,0.48828125,0,12.8,33,49,91,140,563,168,110,0
478,972,FF;FF;FF;FF;FF;2;18;71;17;5;4E;19;0;FF;FF;80;49;59;5B;8D;2;30;A8;6E;0;0;0;0;A2,FF;FF;FF;FF;FF;02;18;71;17;05;4E;19;00;FF;FF;80;49;59;5B;8D;02;30;A8;6E;00;00;00;00;A2,True,,True,47800.0,True,,True,255,255,255,255,255,2,24,113,23,5,78,25,0,255,255,128,73,89,91,141,2,48,168,110,0,0,0,0,162,1358,0.48828125,0,12.8,33,49,91,141,560,168,110,0
479,974,FF;FF;FF;FF;FF;2;18;71;17;5;4F;19;0;FF;FF;80;49;59;5B;8E;2;30;A8;6E;0;0;0;0;A0,FF;FF;FF;FF;FF;02;18;71;17;05;4F;19;00;FF;FF;80;49;59;5B;8E;02;30;A8;6E;00;00;00;00;A0,True,,True,47900.0,True,,True,255,255,255,255,255,2,24,113,23,5,79,25,0,255,255,128,73,89,91,142,2,48,168,110,0,0,0,0,160,1359,0.48828125,0,12.8,33,49,91,142,560,168,110,0
480,976,FF;FF;FF;FF;FF;2;18;71;17;5;4F;19;0;FF;FF;80;49;59;5B;8F;2;30;A8;6E;0;0;0;0;9F,FF;FF;FF;FF;FF;02;18;71;17;05;4F;19;00;FF;FF;80;49;59;5B;8F;02;30;A8;6E;00;00;00;00;9F,True,,True,48000.0,True,,True,255,255,255,255,255,2,24,113,23,5,79,25,0,255,255,128,73,89,91,143,2,48,168,110,0,0,0,0,159,1359,0.48828125,0,12.8,33,49,91,143,560,168,110,0
481,978,FF;FF;FF;FF;FF;2;18;71;17;5;50;19;0;FF;FF;80;49;59;5B;8D;2;30;A8;6E;0;0;0;0;A0,FF;FF;FF;FF;FF;02;18;71;17;05;50;19;00;FF;FF;80;49;59;5B;8D;02;30;A8;6E;00;00;00;00;A0,True,,True,48100.0,True,,True,255,255,255,255,255,2,24,113,23,5,80,25,0,255,255,128,73,89,91,141,2,48,168,110,0,0,0,0,160,1360,0.48828125,0,12.8,33,49,91,141,560,168,110,0
482,980,FF;FF;FF;FF;FF;2;18;71;17;5;37;19;0;FF;FF;80;49;59;5B;8C;2;32;A8;6E;0;0;0;0;B8,FF;FF;FF;FF;FF;02;18;71;17;05;37;19;00;FF;FF;80;49;59;5B;8C;02;32;A8;6E;00;00;00;00;B8,True,,True,48200.0,True,,True,255,255,255,255,255,2,24,113,23,5,55,25,0,255,255,128,73,89,91,140,2,50,168,110,0,0,0,0,184,1335,0.48828125,0,12.8,33,49,91,140,562,168,110,0
483,982,FF;FF;FF;FF;FF;2;18;71;17;5;56;19;0;FF;FF;80;49;59;5B;8D;2;2F;A8;6E;0;0;0;0;9B,FF;FF;FF;FF;FF;02;18;71;17;05;56;19;00;FF;FF;80;49;59;5B;8D;02;2F;A8;6E;00;00;00;00;9B,True,,True,48300.0,True,,True,255,255,255,255,255,2,24,113,23,5,86,25,0,255,255,128,73,89,91,141,2,47,168,110,0,0,0,0,155,1366,0.48828125,0,12.8,33,49,91,141,559,168,110,0
484,984,FF;FF;FF;FF;FF;2;18;71;17;5;73;19;0;FF;FF;80;49;59;5B;8E;2;2D;A8;6E;0;0;0;0;7F,FF;FF;FF;FF;FF;02;18;71;17;05;73;19;00;FF;FF;80;49;59;5B;8E;02;2D;A8;6E;00;00;00;00;7F,True,,True,48400.0,True,,True,255,255,255,255,255,2,24,113,23,5,115,25,0,255,255,128,73,89,91,142,2,45,168,110,0,0,0,0,127,1395,0.48828125,0,12.8,33,49,91,142,557,168,110,0
485,986,FF;FF;FF;FF;FF;2;18;71;17;5;7C;19;0;FF;FF;80;49;59;5B;90;2;2A;A8;6E;0;0;0;0;77,FF;FF;FF;FF;FF;02;18;71;17;05;7C;19;00;FF;FF;80;49;59;5B;90;02;2A;A8;6E;00;00;00;00;77,True,,True,48500.0,True,,True,255,255,255,255,255,2,24,113,23,5,124,25,0,255,255,128,73,89,91,144,2,42,168,110,0,0,0,0,119,1404,0.48828125,0,12.8,33,49,91,144,554,168,110,0
486,988,FF;FF;FF;FF;FF;2;18;71;17;5;7C;19;0;FF;FF;80;49;59;5B;8E;2;2A;A8;6E;0;0;0;0;79,FF;FF;FF;FF;FF;02;18;71;17;05;7C;19;00;FF;FF;80;49;59;5B;8E;02;2A;A8;6E;00;00;00;00;79,True,,True,48600.0,True,,True,255,255,255,255,255,2,24,113,23,5,124,25,0,255,255,128,73,89,91,142,2,42,168,110,0,0,0,0,121,1404,0.48828125,0,12.8,33,49,91,142,554,168,110,0
487,990,FF;FF;FF;FF;FF;2;18;71;17;5;63;19;0;FF;FF;80;49;59;5B;8E;2;2C;A8;6E;0;0;0;0;90,FF;FF;FF;FF;FF;02;18;71;17;05;63;19;00;FF;FF;80;49;59;5B;8E;02;2C;A8;6E;00;00;00;00;90,True,,True,48700.0,True,,True,255,255,255,255,255,2,24,113,23,5,99,25,0,255,255,128,73,89,91,142,2,44,168,110,0,0,0,0,144,1379,0.48828125,0,12.8,33,49,91,142,556,168,110,0
488,992,FF;FF;FF;FF;FF;2;18;71;17;5;48;19;0;FF;FF;80;49;59;5B;8D;2;2F;A8;6E;0;0;0;0;A9,FF;FF;FF;FF;FF;02;18;71;17;05;48;19;00;FF;FF;80;49;59;5B;8D;02;2F;A8;6E;00;00;00;00;A9,True,,True,48800.0,True,,True,255,255,255,255,255,2,24,113,23,5,72,25,0,255,255,128,73,89,91,141,2,47,168,110,0,0,0,0,169,1352,0.48828125,0,12.8,33,49,91,141,559,168,110,0
489,994,FF;FF;FF;FF;FF;2;18;71;17;5;5F;19;0;FF;FF;80;49;59;5B;8D;2;2D;A8;6E;0;0;0;0;94,FF;FF;FF;FF;FF;02;18;71;17;05;5F;19;00;FF;FF;80;49;59;5B;8D;02;2D;A8;6E;00;00;00;00;94,True,,True,48900.0,True,,True,255,255,255,255,255,2,24,113,23,5,95,25,0,255,255,128,73,89,91,141,2,45,168,110,0,0,0,0,148,1375,0.48828125,0,12.8,33,49,91,141,557,168,110,0
490,996,FF;FF;FF;FF;FF;2;18;71;17;5;48;19;0;FF;FF;80;49;59;5B;8F;2;30;A8;6E;0;0;0;0;A6,FF;FF;FF;FF;FF;02;18;71;17;05;48;19;00;FF;FF;80;49;59;5B;8F;02;30;A8;6E;00;00;00;00;A6,True,,True,49000.0,True,,True,255,255,255,255,255,2,24,113,23,5,72,25,0,255,255,128,73,89,91,143,2,48,168,110,0,0,0,0,166,1352,0.48828125,0,12.8,33,49,91,143,560,168,110,0
491,998,FF;FF;FF;FF;FF;2;18;71;17;5;48;19;0;FF;FF;80;49;59;5B;8D;2;30;A8;6E;0;0;0;0;A8,FF;FF;FF;FF;FF;02;18;71;17;05;48;19;00;FF;FF;80;49;59;5B;8D;02;30;A8;6E;00;00;00;00;A8,True,,True,49100.0,True,,True,255,255,255,255,255,2,24,113,23,5,72,25,0,255,255,128,73,89,91,141,2,48,168,110,0,0,0,0,168,1352,0.48828125,0,12.8,33,49,91,141,560,168,110,0
492,1000,FF;FF;FF;FF;FF;2;18;71;17;5;46;19;0;FF;FF;80;49;59;5B;8D;2;30;A8;6E;0;0;0;0;AA,FF;FF;FF;FF;FF;02;18;71;17;05;46;19;00;FF;FF;80;49;59;5B;8D;02;30;A8;6E;00;00;00;00;AA,True,,True,49200.0,True,,True,255,255,255,255,255,2,24,113,23,5,70,25,0,255,255,128,73,89,91,141,2,48,168,110,0,0,0,0,170,1350,0.48828125,0,12.8,33,49,91,141,560,168,110,0
493,1002,FF;FF;FF;FF;FF;2;18;71;17;5;40;19;0;FF;FF;80;49;59;5B;8D;2;31;A8;6E;0;0;0;0;AF,FF;FF;FF;FF;FF;02;18;71;17;05;40;19;00;FF;FF;80;49;59;5B;8D;02;31;A8;6E;00;00;00;00;AF,True,,True,49300.0,True,,True,255,255,255,255,255,2,24,113,23,5,64,25,0,255,255,128,73,89,91,141,2,49,168,110,0,0,0,0,175,1344,0.48828125,0,12.8,33,49,91,141,561,168,110,0
494,1004,FF;FF;FF;FF;FF;2;18;71;17;5;75;19;0;FF;FF;80;49;59;5B;8D;2;2B;A8;6E;0;0;0;0;80,FF;FF;FF;FF;FF;02;18;71;17;05;75;19;00;FF;FF;80;49;59;5B;8D;02;2B;A8;6E;00;00;00;00;80,True,,True,49400.0,True,,True,255,255,255,255,255,2,24,113,23,5,117,25,0,255,255,128,73,89,91,141,2,43,168,110,0,0,0,0,128,1397,0.48828125,0,12.8,33,49,91,141,555,168,110,0
495,1006,FF;FF;FF;FF;FF;2;18;71;17;5;6D;19;0;FF;FF;80;49;59;5B;8F;2;2C;A8;6E;0;0;0;0;85,FF;FF;FF;FF;FF;02;18;71;17;05;6D;19;00;FF;FF;80;49;59;5B;8F;02;2C;A8;6E;00;00;00;00;85,True,,True,49500.0,True,,True,255,255,255,255,255,2,24,113,23,5,109,25,0,255,255,128,73,89,91,143,2,44,168,110,0,0,0,0,133,1389,0.48828125,0,12.8,33,49,91,143,556,168,110,0
496,1008,FF;FF;FF;FF;FF;2;18;71;17;5;6D;19;0;FF;FF;80;49;59;5B;8F;2;2C;A8;6E;0;0;0;0;85,FF;FF;FF;FF;FF;02;18;71;17;05;6D;19;00;FF;FF;80;49;59;5B;8F;02;2C;A8;6E;00;00;00;00;85,True,,True,49600.0,True,,True,255,255,255,255,255,2,24,113,23,5,109,25,0,255,255,128,73,89,91,143,2,44,168,110,0,0,0,0,133,1389,0.48828125,0,12.8,33,49,91,143,556,168,110,0
497,1010,FF;FF;FF;FF;FF;2;18;71;17;5;68;19;0;FF;FF;80;49;59;5B;8E;2;2C;A8;6E;0;0;0;0;8B,FF;FF;FF;FF;FF;02;18;71;17;05;68;19;00;FF;FF;80;49;59;5B;8E;02;2C;A8;6E;00;00;00;00;8B,True,,True,49700.0,True,,True,255,255,255,255,255,2,24,113,23,5,104,25,0,255,255,128,73,89,91,142,2,44,168,110,0,0,0,0,139,1384,0.48828125,0,12.8,33,49,91,142,556,168,110,0
498,1012,FF;FF;FF;FF;FF;2;18;71;17;5;6A;19;0;FF;FF;80;49;59;5B;8C;2;2C;A8;6E;0;0;0;0;8B,FF;FF;FF;FF;FF;02;18;71;17;05;6A;19;00;FF;FF;80;49;59;5B;8C;02;2C;A8;6E;00;00;00;00;8B,True,,True,49800.0,True,,True,255,255,255,255,255,2,24,113,23,5,106,25,0,255,255,128,73,89,91,140,2,44,168,110,0,0,0,0,139,1386,0.48828125,0,12.8,33,49,91,140,556,168,110,0
499,1014,FF;FF;FF;FF;FF;2;18;71;17;5;54;19;0;FF;FF;80;49;59;5B;8D;2;2E;A8;6E;0;0;0;0;9E,FF;FF;FF;FF;FF;02;18;71;17;05;54;19;00;FF;FF;80;49;59;5B;8D;02;2E;A8;6E;00;00;00;00;9E,True,,True,49900.0,True,,True,255,255,255,255,255,2,24,113,23,5,84,25,0,255,255,128,73,89,91,141,2,46,168,110,0,0,0,0,158,1364,0.48828125,0,12.8,33,49,91,141,558,168,110,0
500,1016,FF;FF;FF;FF;FF;2;18;71;17;5;23;19;0;FF;FF;80;49;59;5B;8D;2;33;A8;6E;0;0;0;0;CA,FF;FF;FF;FF;FF;02;18;71;17;05;23;19;00;FF;FF;80;49;59;5B;8D;02;33;A8;6E;00;00;00;00;CA,True,,True,50000.0,True,,True,255,255,255,255,255,2,24,113,23,5,35,25,0,255,255,128,73,89,91,141,2,51,168,110,0,0,0,0,202,1315,0.48828125,0,12.8,33,49,91,141,563,168,110,0
501,1018,FF;FF;FF;FF;FF;2;18;71;17;5;23;19;0;FF;FF;80;49;59;5B;8E;2;33;A8;6E;0;0;0;0;C9,FF;FF;FF;FF;FF;02;18;71;17;05;23;19;00;FF;FF;80;49;59;5B;8E;02;33;A8;6E;00;00;00;00;C9,True,,True,50100.0,True,,True,255,255,255,255,255,2,24,113,23,5,35,25,0,255,255,128,73,89,91,142,2,51,168,110,0,0,0,0,201,1315,0.48828125,0,12.8,33,49,91,142,563,168,110,0
502,1020,FF;FF;FF;FF;FF;2;18;71;17;5;21;19;0;FF;FF;80;49;58;5B;8C;2;34;A8;6E;0;0;0;0;CD,FF;FF;FF;FF;FF;02;18;71;17;05;21;19;00;FF;FF;80;49;58;5B;8C;02;34;A8;6E;00;00;00;00;CD,True,,True,50200.0,True,,True,255,255,255,255,255,2,24,113,23,5,33,25,0,255,255,128,73,88,91,140,2,52,168,110,0,0,0,0,205,1313,0.48828125,0,12.8,33,48,91,140,564,168,110,0
503,1022,FF;FF;FF;FF;FF;2;18;71;17;5;34;19;0;FF;FF;80;49;58;5B;8B;2;32;A8;6E;0;0;0;0;BD,FF;FF;FF;FF;FF;02;18;71;17;05;34;19;00;FF;FF;80;49;58;5B;8B;02;32;A8;6E;00;00;00;00;BD,True,,True,50300.0,True,,True,255,255,255,255,255,2,24,113,23,5,52,25,0,255,255,128,73,88,91,139,2,50,168,110,0,0,0,0,189,1332,0.48828125,0,12.8,33,48,91,139,562,168,110,0
504,1024,FF;FF;FF;FF;FF;2;18;71;17;5;1C;19;0;FF;FF;80;49;58;5B;8D;2;36;A8;6E;0;0;0;0;CF,FF;FF;FF;FF;FF;02;18;71;17;05;1C;19;00;FF;FF;80;49;58;5B;8D;02;36;A8;6E;00;00;00;00;CF,True,,True,50400.0,True,,True,255,255,255,255,255,2,24,113,23,5,28,25,0,255,255,128,73,88,91,141,2,54,168,110,0,0,0,0,207,1308,0.48828125,0,12.8,33,48,91,141,566,168,110,0
505,1026,FF;FF;FF;FF;FF;2;18;71;17;5;50;19;0;FF;FF;80;49;58;5B;8E;2;30;A8;6E;0;0;0;0;A0,FF;FF;FF;FF;FF;02;18;71;17;05;50;19;00;FF;FF;80;49;58;5B;8E;02;30;A8;6E;00;00;00;00;A0,True,,True,50500.0,True,,True,255,255,255,255,255,2,24,113,23,5,80,25,0,255,255,128,73,88,91,142,2,48,168,110,0,0,0,0,160,1360,0.48828125,0,12.8,33,48,91,142,560,168,110,0
506,1028,FF;FF;FF;FF;FF;2;18;71;17;5;50;19;0;FF;FF;80;49;58;5B;8E;2;30;A8;6E;0;0;0;0;A0,FF;FF;FF;FF;FF;02;18;71;17;05;50;19;00;FF;FF;80;49;58;5B;8E;02;30;A8;6E;00;00;00;00;A0,True,,True,50600.0,True,,True,255,255,255,255,255,2,24,113,23,5,80,25,0,255,255,128,73,88,91,142,2,48,168,110,0,0,0,0,160,1360,0.48828125,0,12.8,33,48,91,142,560,168,110,0
507,1030,FF;FF;FF;FF;FF;2;18;71;17;5;3C;19;0;FF;FF;80;49;58;5B;8D;2;31;A8;6E;0;0;0;0;B4,FF;FF;FF;FF;FF;02;18;71;17;05;3C;19;00;FF;FF;80;49;58;5B;8D;02;31;A8;6E;00;00;00;00;B4,True,,True,50700.0,True,,True,255,255,255,255,255,2,24,113,23,5,60,25,0,255,255,128,73,88,91,141,2,49,168,110,0,0,0,0,180,1340,0.48828125,0,12.8,33,48,91,141,561,168,110,0
508,1032,FF;FF;FF;FF;FF;2;18;71;17;5;68;19;0;FF;FF;80;49;58;5B;8C;2;2C;A8;6E;0;0;0;0;8E,FF;FF;FF;FF;FF;02;18;71;17;05;68;19;00;FF;FF;80;49;58;5B;8C;02;2C;A8;6E;00;00;00;00;8E,True,,True,50800.0,True,,True,255,255,255,255,255,2,24,113,23,5,104,25,0,255,255,128,73,88,91,140,2,44,168,110,0,0,0,0,142,1384,0.48828125,0,12.8,33,48,91,140,556,168,110,0
509,1034,FF;FF;FF;FF;FF;2;18;71;17;5;62;19;0;FF;FF;80;49;58;5B;8D;2;2C;A8;6E;0;0;0;0;93,FF;FF;FF;FF;FF;02;18;71;17;05;62;19;00;FF;FF;80;49;58;5B;8D;02;2C;A8;6E;00;00;00;00;93,True,,True,50900.0,True,,True,255,255,255,255,255,2,24,113,23,5,98,25,0,255,255,128,73,88,91,141,2,44,168,110,0,0,0,0,147,1378,0.48828125,0,12.8,33,48,91,141,556,168,110,0
510,1036,FF;FF;FF;FF;FF;2;18;71;17;5;64;19;0;FF;FF;80;49;58;5B;8F;2;2C;A8;6E;0;0;0;0;8F,FF;FF;FF;FF;FF;02;18;71;17;05;64;19;00;FF;FF;80;49;58;5B;8F;02;2C;A8;6E;00;00;00;00;8F,True,,True,51000.0,True,,True,255,255,255,255,255,2,24,113,23,5,100,25,0,255,255,128,73,88,91,143,2,44,168,110,0,0,0,0,143,1380,0.48828125,0,12.8,33,48,91,143,556,168,110,0
511,1038,FF;FF;FF;FF;FF;2;18;71;17;5;64;19;0;FF;FF;80;49;58;5B;8F;2;2C;A8;6E;0;0;0;0;8F,FF;FF;FF;FF;FF;02;18;71;17;05;64;19;00;FF;FF;80;49;58;5B;8F;02;2C;A8;6E;00;00;00;00;8F,True,,True,51100.0,True,,True,255,255,255,255,255,2,24,113,23,5,100,25,0,255,255,128,73,88,91,143,2,44,168,110,0,0,0,0,143,1380,0.48828125,0,12.8,33,48,91,143,556,168,110,0
512,1040,FF;FF;FF;FF;FF;2;18;71;17;5;66;19;0;FF;FF;80;49;58;5B;8D;2;2C;A8;6E;0;0;0;0;8F,FF;FF;FF;FF;FF;02;18;71;17;05;66;19;00;FF;FF;80;49;58;5B;8D;02;2C;A8;6E;00;00;00;00;8F,True,,True,51200.0,True,,True,255,255,255,255,255,2,24,113,23,5,102,25,0,255,255,128,73,88,91,141,2,44,168,110,0,0,0,0,143,1382,0.48828125,0,12.8,33,48,91,141,556,168,110,0
513,1042,FF;FF;FF;FF;FF;2;18;71;17;5;51;19;0;FF;FF;80;49;58;5B;8C;2;2E;A8;6E;0;0;0;0;A3,FF;FF;FF;FF;FF;02;18;71;17;05;51;19;00;FF;FF;80;49;58;5B;8C;02;2E;A8;6E;00;00;00;00;A3,True,,True,51300.0,True,,True,255,255,255,255,255,2,24,113,23,5,81,25,0,255,255,128,73,88,91,140,2,46,168,110,0,0,0,0,163,1361,0.48828125,0,12.8,33,48,91,140,558,168,110,0
514,1044,FF;FF;FF;FF;FF;2;18;71;17;5;40;19;0;FF;FF;80;49;58;5B;8D;2;31;A8;6E;0;0;0;0;B0,FF;FF;FF;FF;FF;02;18;71;17;05;40;19;00;FF;FF;80;49;58;5B;8D;02;31;A8;6E;00;00;00;00;B0,True,,True,51400.0,True,,True,255,255,255,255,255,2,24,113,23,5,64,25,0,255,255,128,73,88,91,141,2,49,168,110,0,0,0,0,176,1344,0.48828125,0,12.8,33,48,91,141,561,168,110,0
515,1046,FF;FF;FF;FF;FF;2;18;71;17;5;3D;19;0;FF;FF;80;49;58;5B;8D;2;31;A8;6E;0;0;0;0;B3,FF;FF;FF;FF;FF;02;18;71;17;05;3D;19;00;FF;FF;80;49;58;5B;8D;02;31;A8;6E;00;00;00;00;B3,True,,True,51500.0,True,,True,255,255,255,255,255,2,24,113,23,5,61,25,0,255,255,128,73,88,91,141,2,49,168,110,0,0,0,0,179,1341,0.48828125,0,12.8,33,48,91,141,561,168,110,0
516,1048,FF;FF;FF;FF;FF;2;18;71;17;5;3D;19;0;FF;FF;80;49;58;5B;8F;2;31;A8;6E;0;0;0;0;B1,FF;FF;FF;FF;FF;02;18;71;17;05;3D;19;00;FF;FF;80;49;58;5B;8F;02;31;A8;6E;00;00;00;00;B1,True,,True,51600.0,True,,True,255,255,255,255,255,2,24,113,23,5,61,25,0,255,255,128,73,88,91,143,2,49,168,110,0,0,0,0,177,1341,0.48828125,0,12.8,33,48,91,143,561,168,110,0
517,1050,FF;FF;FF;FF;FF;2;18;71;17;5;37;19;0;FF;FF;80;49;58;5B;8D;2;32;A8;6E;0;0;0;0;B8,FF;FF;FF;FF;FF;02;18;71;17;05;37;19;00;FF;FF;80;49;58;5B;8D;02;32;A8;6E;00;00;00;00;B8,True,,True,51700.0,True,,True,255,255,255,255,255,2,24,113,23,5,55,25,0,255,255,128,73,88,91,141,2,50,168,110,0,0,0,0,184,1335,0.48828125,0,12.8,33,48,91,141,562,168,110,0
518,1052,FF;FF;FF;FF;FF;2;18;71;17;5;46;19;0;FF;FF;80;49;58;5B;8A;2;30;A8;6E;0;0;0;0;AE,FF;FF;FF;FF;FF;02;18;71;17;05;46;19;00;FF;FF;80;49;58;5B;8A;02;30;A8;6E;00;00;00;00;AE,True,,True,51800.0,True,,True,255,255,255,255,255,2,24,113,23,5,70,25,0,255,255,128,73,88,91,138,2,48,168,110,0,0,0,0,174,1350,0.48828125,0,12.8,33,48,91,138,560,168,110,0
519,1054,FF;FF;FF;FF;FF;2;18;71;17;5;24;19;0;FF;FF;80;49;58;5B;8D;2;33;A8;6E;0;0;0;0;CA,FF;FF;FF;FF;FF;02;18;71;17;05;24;19;00;FF;FF;80;49;58;5B;8D;02;33;A8;6E;00;00;00;00;CA,True,,True,51900.0,True,,True,255,255,255,255,255,2,24,113,23,5,36,25,0,255,255,128,73,88,91,141,2,51,168,110,0,0,0,0,202,1316,0.48828125,0,12.8,33,48,91,141,563,168,110,0
520,1056,FF;FF;FF;FF;FF;2;18;71;17;5;4E;19;0;FF;FF;80;49;58;5B;8E;2;30;A8;6E;0;0;0;0;A2,FF;FF;FF;FF;FF;02;18;71;17;05;4E;19;00;FF;FF;80;49;58;5B;8E;02;30;A8;6E;00;00;00;00;A2,True,,True,52000.0,True,,True,255,255,255,255,255,2,24,113,23,5,78,25,0,255,255,128,73,88,91,142,2,48,168,110,0,0,0,0,162,1358,0.48828125,0,12.8,33,48,91,142,560,168,110,0
521,1058,FF;FF;FF;FF;FF;2;18;71;17;5;4E;19;0;FF;FF;80;49;58;5B;8F;2;30;A8;6E;0;0;0;0;A1,FF;FF;FF;FF;FF;02;18;71;17;05;4E;19;00;FF;FF;80;49;58;5B;8F;02;30;A8;6E;00;00;00;00;A1,True,,True,52100.0,True,,True,255,255,255,255,255,2,24,113,23,5,78,25,0,255,255,128,73,88,91,143,2,48,168,110,0,0,0,0,161,1358,0.48828125,0,12.8,33,48,91,143,560,168,110,0
522,1060,FF;FF;FF;FF;FF;2;18;71;17;5;4C;19;0;FF;FF;80;49;58;5B;8D;2;2E;A8;6E;0;0;0;0;A7,FF;FF;FF;FF;FF;02;18;71;17;05;4C;19;00;FF;FF;80;49;58;5B;8D;02;2E;A8;6E;00;00;00;00;A7,True,,True,52200.0,True,,True,255,255,255,255,255,2,24,113,23,5,76,25,0,255,255,128,73,88,91,141,2,46,168,110,0,0,0,0,167,1356,0.48828125,0,12.8,33,48,91,141,558,168,110,0
523,1062,FF;FF;FF;FF;FF;2;18;71;17;5;61;19;0;FF;FF;80;49;58;5B;8C;2;2B;A8;6E;0;0;0;0;96,FF;FF;FF;FF;FF;02;18;71;17;05;61;19;00;FF;FF;80;49;58;5B;8C;02;2B;A8;6E;00;00;00;00;96,True,,True,52300.0,True,,True,255,255,255,255,255,2,24,113,23,5,97,25,0,255,255,128,73,88,91,140,2,43,168,110,0,0,0,0,150,1377,0.48828125,0,12.8,33,48,91,140,555,168,110,0
524,1064,FF;FF;FF;FF;FF;2;18;71;17;5;49;19;0;FF;FF;80;49;58;5B;8E;2;2E;A8;6E;0;0;0;0;A9,FF;FF;FF;FF;FF;02;18;71;17;05;49;19;00;FF;FF;80;49;58;5B;8E;02;2E;A8;6E;00;00;00;00;A9,True,,True,52400.0,True,,True,255,255,255,255,255,2,24,113,23,5,73,25,0,255,255,128,73,88,91,142,2,46,168,110,0,0,0,0,169,1353,0.48828125,0,12.8,33,48,91,142,558,168,110,0
525,1066,FF;FF;FF;FF;FF;2;18;71;17;5;50;19;0;FF;FF;80;49;58;5B;8D;2;2C;A8;6E;0;0;0;0;A5,FF;FF;FF;FF;FF;02;18;71;17;05;50;19;00;FF;FF;80;49;58;5B;8D;02;2C;A8;6E;00;00;00;00;A5,True,,True,52500.0,True,,True,255,255,255,255,255,2,24,113,23,5,80,25,0,255,255,128,73,88,91,141,2,44,168,110,0,0,0,0,165,1360,0.48828125,0,12.8,33,48,91,141,556,168,110,0
526,1068,FF;FF;FF;FF;FF;2;18;71;17;5;50;19;0;FF;FF;80;49;58;5B;8E;2;2C;A8;6E;0;0;0;0;A4,FF;FF;FF;FF;FF;02;18;71;17;05;50;19;00;FF;FF;80;49;58;5B;8E;02;2C;A8;6E;00;00;00;00;A4,True,,True,52600.0,True,,True,255,255,255,255,255,2,24,113,23,5,80,25,0,255,255,128,73,88,91,142,2,44,168,110,0,0,0,0,164,1360,0.48828125,0,12.8,33,48,91,142,556,168,110,0
527,1070,FF;FF;FF;FF;FF;2;18;71;17;5;2A;19;0;FF;FF;80;49;58;5B;8D;2;31;A8;6E;0;0;0;0;C6,FF;FF;FF;FF;FF;02;18;71;17;05;2A;19;00;FF;FF;80;49;58;5B;8D;02;31;A8;6E;00;00;00;00;C6,True,,True,52700.0,True,,True,255,255,255,255,255,2,24,113,23,5,42,25,0,255,255,128,73,88,91,141,2,49,168,110,0,0,0,0,198,1322,0.48828125,0,12.8,33,48,91,141,561,168,110,0
528,1072,FF;FF;FF;FF;FF;2;18;71;17;5;6F;19;0;FF;FF;80;49;58;5B;8D;2;2B;A8;6E;0;0;0;0;87,FF;FF;FF;FF;FF;02;18;71;17;05;6F;19;00;FF;FF;80;49;58;5B;8D;02;2B;A8;6E;00;00;00;00;87,True,,True,52800.0,True,,True,255,255,255,255,255,2,24,113,23,5,111,25,0,255,255,128,73,88,91,141,2,43,168,110,0,0,0,0,135,1391,0.48828125,0,12.8,33,48,91,141,555,168,110,0
529,1074,FF;FF;FF;FF;FF;2;18;71;17;5;6A;19;0;FF;FF;80;49;58;5B;8D;2;2A;A8;6E;0;0;0;0;8D,FF;FF;FF;FF;FF;02;18;71;17;05;6A;19;00;FF;FF;80;49;58;5B;8D;02;2A;A8;6E;00;00;00;00;8D,True,,True,52900.0,True,,True,255,255,255,255,255,2,24,113,23,5,106,25,0,255,255,128,73,88,91,141,2,42,168,110,0,0,0,0,141,1386,0.48828125,0,12.8,33,48,91,141,554,168,110,0
530,1076,FF;FF;FF;FF;FF;2;18;71;17;5;59;19;0;FF;FF;80;49;58;5B;8E;2;2B;A8;6E;0;0;0;0;9C,FF;FF;FF;FF;FF;02;18;71;17;05;59;19;00;FF;FF;80;49;58;5B;8E;02;2B;A8;6E;00;00;00;00;9C,True,,True,53000.0,True,,True,255,255,255,255,255,2,24,113,23,5,89,25,0,255,255,128,73,88,91,142,2,43,168,110,0,0,0,0,156,1369,0.48828125,0,12.8,33,48,91,142,555,168,110,0
531,1078,FF;FF;FF;FF;FF;2;18;71;17;5;67;19;0;FF;FF;80;49;58;5B;8F;2;2A;A8;6E;0;0;0;0;8E,FF;FF;FF;FF;FF;02;18;71;17;05;67;19;00;FF;FF;80;49;58;5B;8F;02;2A;A8;6E;00;00;00;00;8E,True,,True,53100.0,True,,True,255,255,255,255,255,2,24,113,23,5,103,25,0,255,255,128,73,88,91,143,2,42,168,110,0,0,0,0,142,1383,0.48828125,0,12.8,33,48,91,143,554,168,110,0
532,1080,FF;FF;FF;FF;FF;2;18;71;17;5;67;19;0;FF;FF;80;49;58;5B;8E;2;2A;A8;6E;0;0;0;0;8F,FF;FF;FF;FF;FF;02;18;71;17;05;67;19;00;FF;FF;80;49;58;5B;8E;02;2A;A8;6E;00;00;00;00;8F,True,,True,53200.0,True,,True,255,255,255,255,255,2,24,113,23,5,103,25,0,255,255,128,73,88,91,142,2,42,168,110,0,0,0,0,143,1383,0.48828125,0,12.8,33,48,91,142,554,168,110,0
533,1082,FF;FF;FF;FF;FF;2;18;71;17;5;58;19;0;FF;FF;80;49;58;5B;8C;2;2C;A8;6E;0;0;0;0;9E,FF;FF;FF;FF;FF;02;18;71;17;05;58;19;00;FF;FF;80;49;58;5B;8C;02;2C;A8;6E;00;00;00;00;9E,True,,True,53300.0,True,,True,255,255,255,255,255,2,24,113,23,5,88,25,0,255,255,128,73,88,91,140,2,44,168,110,0,0,0,0,158,1368,0.48828125,0,12.8,33,48,91,140,556,168,110,0
534,1084,FF;FF;FF;FF;FF;2;18;71;17;5;5C;19;0;FF;FF;80;49;58;5B;8C;2;2B;A8;6E;0;0;0;0;9B,FF;FF;FF;FF;FF;02;18;71;17;05;5C;19;00;FF;FF;80;49;58;5B;8C;02;2B;A8;6E;00;00;00;00;9B,True,,True,53400.0,True,,True,255,255,255,255,255,2,24,113,23,5,92,25,0,255,255,128,73,88,91,140,2,43,168,110,0,0,0,0,155,1372,0.48828125,0,12.8,33,48,91,140,555,168,110,0
535,1086,FF;FF;FF;FF;FF;2;18;71;17;5;3A;19;0;FF;FF;80;49;58;5B;8E;2;30;A8;6E;0;0;0;0;B6,FF;FF;FF;FF;FF;02;18;71;17;05;3A;19;00;FF;FF;80;49;58;5B;8E;02;30;A8;6E;00;00;00;00;B6,True,,True,53500.0,True,,True,255,255,255,255,255,2,24,113,23,5,58,25,0,255,255,128,73,88,91,142,2,48,168,110,0,0,0,0,182,1338,0.48828125,0,12.8,33,48,91,142,560,168,110,0
536,1088,FF;FF;FF;FF;FF;2;18;71;17;5;6B;19;0;FF;FF;80;49;58;5B;8F;2;2A;A8;6E;0;0;0;0;8A,FF;FF;FF;FF;FF;02;18;71;17;05;6B;19;00;FF;FF;80;49;58;5B;8F;02;2A;A8;6E;00;00;00;00;8A,True,,True,53600.0,True,,True,255,255,255,255,255,2,24,113,23,5,107,25,0,255,255,128,73,88,91,143,2,42,168,110,0,0,0,0,138,1387,0.48828125,0,12.8,33,48,91,143,554,168,110,0
537,1090,FF;FF;FF;FF;FF;2;18;71;17;5;6B;19;0;FF;FF;80;49;58;5B;8E;2;2A;A8;6E;0;0;0;0;8B,FF;FF;FF;FF;FF;02;18;71;17;05;6B;19;00;FF;FF;80;49;58;5B;8E;02;2A;A8;6E;00;00;00;00;8B,True,,True,53700.0,True,,True,255,255,255,255,255,2,24,113,23,5,107,25,0,255,255,128,73,88,91,142,2,42,168,110,0,0,0,0,139,1387,0.48828125,0,12.8,33,48,91,142,554,168,110,0
538,1092,FF;FF;FF;FF;FF;2;18;71;17;5;51;19;0;FF;FF;80;49;58;5B;8C;2;2E;A8;6E;0;0;0;0;A3,FF;FF;FF;FF;FF;02;18;71;17;05;51;19;00;FF;FF;80;49;58;5B;8C;02;2E;A8;6E;00;00;00;00;A3,True,,True,53800.0,True,,True,255,255,255,255,255,2,24,113,23,5,81,25,0,255,255,128,73,88,91,140,2,46,168,110,0,0,0,0,163,1361,0.48828125,0,12.8,33,48,91,140,558,168,110,0
539,1094,FF;FF;FF;FF;FF;2;18;71;17;5;59;19;0;FF;FF;80;49;58;5B;8C;2;2B;A8;6E;0;0;0;0;9E,FF;FF;FF;FF;FF;02;18;71;17;05;59;19;00;FF;FF;80;49;58;5B;8C;02;2B;A8;6E;00;00;00;00;9E,True,,True,53900.0,True,,True,255,255,255,255,255,2,24,113,23,5,89,25,0,255,255,128,73,88,91,140,2,43,168,110,0,0,0,0,158,1369,0.48828125,0,12.8,33,48,91,140,555,168,110,0
540,1096,FF;FF;FF;FF;FF;2;18;71;17;5;4D;19;0;FF;FF;80;49;58;5B;8E;2;2E;A8;6E;0;0;0;0;A5,FF;FF;FF;FF;FF;02;18;71;17;05;4D;19;00;FF;FF;80;49;58;5B;8E;02;2E;A8;6E;00;00;00;00;A5,True,,True,54000.0,True,,True,255,255,255,255,255,2,24,113,23,5,77,25,0,255,255,128,73,88,91,142,2,46,168,110,0,0,0,0,165,1357,0.48828125,0,12.8,33,48,91,142,558,168,110,0
541,1098,FF;FF;FF;FF;FF;2;18;71;17;5;5E;19;0;FF;FF;80;49;58;5B;8E;2;2B;A8;6E;0;0;0;0;97,FF;FF;FF;FF;FF;02;18;71;17;05;5E;19;00;FF;FF;80;49;58;5B;8E;02;2B;A8;6E;00;00;00;00;97,True,,True,54100.0,True,,True,255,255,255,255,255,2,24,113,23,5,94,25,0,255,255,128,73,88,91,142,2,43,168,110,0,0,0,0,151,1374,0.48828125,0,12.8,33,48,91,142,555,168,110,0
542,1100,FF;FF;FF;FF;FF;2;18;71;17;5;5E;19;0;FF;FF;80;49;58;5B;8F;2;2B;A8;6E;0;0;0;0;96,FF;FF;FF;FF;FF;02;18;71;17;05;5E;19;00;FF;FF;80;49;58;5B;8F;02;2B;A8;6E;00;00;00;00;96,True,,True,54200.0,True,,True,255,255,255,255,255,2,24,113,23,5,94,25,0,255,255,128,73,88,91,143,2,43,168,110,0,0,0,0,150,1374,0.48828125,0,12.8,33,48,91,143,555,168,110,0
543,1102,FF;FF;FF;FF;FF;2;18;71;17;5;3B;19;0;FF;FF;80;49;58;5B;8D;2;30;A8;6E;0;0;0;0;B6,FF;FF;FF;FF;FF;02;18;71;17;05;3B;19;00;FF;FF;80;49;58;5B;8D;02;30;A8;6E;00;00;00;00;B6,True,,True,54300.0,True,,True,255,255,255,255,255,2,24,113,23,5,59,25,0,255,255,128,73,88,91,141,2,48,168,110,0,0,0,0,182,1339,0.48828125,0,12.8,33,48,91,141,560,168,110,0
544,1104,FF;FF;FF;FF;FF;2;18;71;17;5;6A;19;0;FF;FF;80;49;58;5B;8D;2;2A;A8;6E;0;0;0;0;8D,FF;FF;FF;FF;FF;02;18;71;17;05;6A;19;00;FF;FF;80;49;58;5B;8D;02;2A;A8;6E;00;00;00;00;8D,True,,True,54400.0,True,,True,255,255,255,255,255,2,24,113,23,5,106,25,0,255,255,128,73,88,91,141,2,42,168,110,0,0,0,0,141,1386,0.48828125,0,12.8,33,48,91,141,554,168,110,0
545,1106,FF;FF;FF;FF;FF;2;18;71;17;5;70;19;0;FF;FF;80;49;58;5B;8E;2;29;A8;6E;0;0;0;0;87,FF;FF;FF;FF;FF;02;18;71;17;05;70;19;00;FF;FF;80;49;58;5B;8E;02;29;A8;6E;00;00;00;00;87,True,,True,54500.0,True,,True,255,255,255,255,255,2,24,113,23,5,112,25,0,255,255,128,73,88,91,142,2,41,168,110,0,0,0,0,135,1392,0.48828125,0,12.8,33,48,91,142,553,168,110,0
546,1108,FF;FF;FF;FF;FF;2;18;71;17;5;8B;19;0;FF;FF;80;49;58;5B;8E;2;25;AC;6E;0;0;0;0;6C,FF;FF;FF;FF;FF;02;18;71;17;05;8B;19;00;FF;FF;80;49;58;5B;8E;02;25;AC;6E;00;00;00;00;6C,True,,True,54600.0,True,,True,255,255,255,255,255,2,24,113,23,5,139,25,0,255,255,128,73,88,91,142,2,37,172,110,0,0,0,0,108,1419,0.48828125,0,12.8,33,48,91,142,549,172,110,0
547,1110,FF;FF;FF;FF;FF;2;18;71;17;5;7B;19;0;FF;FF;80;49;58;5B;90;2;28;AC;6E;0;0;0;0;77,FF;FF;FF;FF;FF;02;18;71;17;05;7B;19;00;FF;FF;80;49;58;5B;90;02;28;AC;6E;00;00;00;00;77,True,,True,54700.0,True,,True,255,255,255,255,255,2,24,113,23,5,123,25,0,255,255,128,73,88,91,144,2,40,172,110,0,0,0,0,119,1403,0.48828125,0,12.8,33,48,91,144,552,172,110,0
548,1112,FF;FF;FF;FF;FF;2;18;71;17;5;7B;19;0;FF;FF;80;49;58;5B;8F;2;28;A9;6E;0;0;0;0;7B,FF;FF;FF;FF;FF;02;18;71;17;05;7B;19;00;FF;FF;80;49;58;5B;8F;02;28;A9;6E;00;00;00;00;7B,True,,True,54800.0,True,,True,255,255,255,255,255,2,24,113,23,5,123,25,0,255,255,128,73,88,91,143,2,40,169,110,0,0,0,0,123,1403,0.48828125,0,12.8,33,48,91,143,552,169,110,0
549,1114,FF;FF;FF;FF;FF;2;18;71;17;5;94;19;0;FF;FF;80;49;58;5B;8E;2;22;AF;6E;0;0;0;0;63,FF;FF;FF;FF;FF;02;18;71;17;05;94;19;00;FF;FF;80;49;58;5B;8E;02;22;AF;6E;00;00;00;00;63,True,,True,54900.0,True,,True,255,255,255,255,255,2,24,113,23,5,148,25,0,255,255,128,73,88,91,142,2,34,175,110,0,0,0,0,99,1428,0.48828125,0,12.8,33,48,91,142,546,175,110,0
550,1116,FF;FF;FF;FF;FF;2;18;71;17;5;84;19;0;FF;FF;80;49;58;5B;8E;2;25;AB;6E;0;0;0;0;74,FF;FF;FF;FF;FF;02;18;71;17;05;84;19;00;FF;FF;80;49;58;5B;8E;02;25;AB;6E;00;00;00;00;74,True,,True,55000.0,True,,True,255,255,255,255,255,2,24,113,23,5,132,25,0,255,255,128,73,88,91,142,2,37,171,110,0,0,0,0,116,1412,0.48828125,0,12.8,33,48,91,142,549,171,110,0
551,1118,FF;FF;FF;FF;FF;2;18;71;17;5;7A;19;0;FF;FF;80;49;58;5B;8E;2;27;A8;6E;0;0;0;0;7F,FF;FF;FF;FF;FF;02;18;71;17;05;7A;19;00;FF;FF;80;49;58;5B;8E;02;27;A8;6E;00;00;00;00;7F,True,,True,55100.0,True,,True,255,255,255,255,255,2,24,113,23,5,122,25,0,255,255,128,73,88,91,142,2,39,168,110,0,0,0,0,127,1402,0.48828125,0,12.8,33,48,91,142,551,168,110,0
552,1120,FF;FF;FF;FF;FF;2;18;71;17;5;57;19;0;FF;FF;80;49;58;5B;8E;2;2C;A8;6E;0;0;0;0;9D,FF;FF;FF;FF;FF;02;18;71;17;05;57;19;00;FF;FF;80;49;58;5B;8E;02;2C;A8;6E;00;00;00;00;9D,True,,True,55200.0,True,,True,255,255,255,255,255,2,24,113,23,5,87,25,0,255,255,128,73,88,91,142,2,44,168,110,0,0,0,0,157,1367,0.48828125,0,12.8,33,48,91,142,556,168,110,0
553,1122,FF;FF;FF;FF;FF;2;18;71;17;5;57;19;0;FF;FF;80;49;58;5B;8F;2;2C;A8;6E;0;0;0;0;9C,FF;FF;FF;FF;FF;02;18;71;17;05;57;19;00;FF;FF;80;49;58;5B;8F;02;2C;A8;6E;00;00;00;00;9C,True,,True,55300.0,True,,True,255,255,255,255,255,2,24,113,23,5,87,25,0,255,255,128,73,88,91,143,2,44,168,110,0,0,0,0,156,1367,0.48828125,0,12.8,33,48,91,143,556,168,110,0
554,1124,FF;FF;FF;FF;FF;2;18;71;17;5;42;19;0;FF;FF;80;49;58;5B;8D;2;2D;A8;6E;0;0;0;0;B2,FF;FF;FF;FF;FF;02;18;71;17;05;42;19;00;FF;FF;80;49;58;5B;8D;02;2D;A8;6E;00;00;00;00;B2,True,,True,55400.0,True,,True,255,255,255,255,255,2,24,113,23,5,66,25,0,255,255,128,73,88,91,141,2,45,168,110,0,0,0,0,178,1346,0.48828125,0,12.8,33,48,91,141,557,168,110,0
555,1126,FF;FF;FF;FF;FF;2;18;71;17;5;3E;19;0;FF;FF;80;49;58;5B;8C;2;2F;A8;6E;0;0;0;0;B5,FF;FF;FF;FF;FF;02;18;71;17;05;3E;19;00;FF;FF;80;49;58;5B;8C;02;2F;A8;6E;00;00;00;00;B5,True,,True,55500.0,True,,True,255,255,255,255,255,2,24,113,23,5,62,25,0,255,255,128,73,88,91,140,2,47,168,110,0,0,0,0,181,1342,0.48828125,0,12.8,33,48,91,140,559,168,110,0
556,1128,FF;FF;FF;FF;FF;2;18;71;17;5;4C;19;0;FF;FF;80;49;58;5B;8C;2;2E;A8;6E;0;0;0;0;A8,FF;FF;FF;FF;FF;02;18;71;17;05;4C;19;00;FF;FF;80;49;58;5B;8C;02;2E;A8;6E;00;00;00;00;A8,True,,True,55600.0,True,,True,255,255,255,255,255,2,24,113,23,5,76,25,0,255,255,128,73,88,91,140,2,46,168,110,0,0,0,0,168,1356,0.48828125,0,12.8,33,48,91,140,558,168,110,0
557,1130,FF;FF;FF;FF;FF;2;18;71;17;5;32;19;0;FF;FF;80;49;58;5B;8E;2;30;A8;6E;0;0;0;0;BE,FF;FF;FF;FF;FF;02;18;71;17;05;32;19;00;FF;FF;80;49;58;5B;8E;02;30;A8;6E;00;00;00;00;BE,True,,True,55700.0,True,,True,255,255,255,255,255,2,24,113,23,5,50,25,0,255,255,128,73,88,91,142,2,48,168,110,0,0,0,0,190,1330,0.48828125,0,12.8,33,48,91,142,560,168,110,0
558,1132,FF;FF;FF;FF;FF;2;18;71;17;5;32;19;0;FF;FF;80;49;58;5B;8F;2;30;A8;6E;0;0;0;0;BD,FF;FF;FF;FF;FF;02;18;71;17;05;32;19;00;FF;FF;80;49;58;5B;8F;02;30;A8;6E;00;00;00;00;BD,True,,True,55800.0,True,,True,255,255,255,255,255,2,24,113,23,5,50,25,0,255,255,128,73,88,91,143,2,48,168,110,0,0,0,0,189,1330,0.48828125,0,12.8,33,48,91,143,560,168,110,0
559,1134,FF;FF;FF;FF;FF;2;18;71;17;5;62;19;0;FF;FF;80;49;57;5C;8E;2;2B;A8;6E;0;0;0;0;93,FF;FF;FF;FF;FF;02;18;71;17;05;62;19;00;FF;FF;80;49;57;5C;8E;02;2B;A8;6E;00;00;00;00;93,True,,True,55900.0,True,,True,255,255,255,255,255,2,24,113,23,5,98,25,0,255,255,128,73,87,92,142,2,43,168,110,0,0,0,0,147,1378,0.48828125,0,12.8,33,47,92,142,555,168,110,0
560,1136,FF;FF;FF;FF;FF;2;18;71;17;5;5D;19;0;FF;FF;80;49;58;5B;8C;2;2B;A8;6E;0;0;0;0;9A,FF;FF;FF;FF;FF;02;18;71;17;05;5D;19;00;FF;FF;80;49;58;5B;8C;02;2B;A8;6E;00;00;00;00;9A,True,,True,56000.0,True,,True,255,255,255,255,255,2,24,113,23,5,93,25,0,255,255,128,73,88,91,140,2,43,168,110,0,0,0,0,154,1373,0.48828125,0,12.8,33,48,91,140,555,168,110,0
561,1138,FF;FF;FF;FF;FF;2;18;71;17;5;58;19;0;FF;FF;80;49;58;5B;8E;2;2C;A8;6E;0;0;0;0;9C,FF;FF;FF;FF;FF;02;18;71;17;05;58;19;00;FF;FF;80;49;58;5B;8E;02;2C;A8;6E;00;00;00;00;9C,True,,True,56100.0,True,,True,255,255,255,255,255,2,24,113,23,5,88,25,0,255,255,128,73,88,91,142,2,44,168,110,0,0,0,0,156,1368,0.48828125,0,12.8,33,48,91,142,556,168,110,0
562,1140,FF;FF;FF;FF;FF;2;18;71;17;5;58;19;0;FF;FF;80;49;57;5C;8E;2;2C;A8;6E;0;0;0;0;9C,FF;FF;FF;FF;FF;02;18;71;17;05;58;19;00;FF;FF;80;49;57;5C;8E;02;2C;A8;6E;00;00;00;00;9C,True,,True,56200.0,True,,True,255,255,255,255,255,2,24,113,23,5,88,25,0,255,255,128,73,87,92,142,2,44,168,110,0,0,0,0,156,1368,0.48828125,0,12.8,33,47,92,142,556,168,110,0
563,1142,FF;FF;FF;FF;FF;2;18;71;17;5;56;19;0;FF;FF;80;49;57;5C;8F;2;2C;A8;6E;0;0;0;0;9D,FF;FF;FF;FF;FF;02;18;71;17;05;56;19;00;FF;FF;80;49;57;5C;8F;02;2C;A8;6E;00;00;00;00;9D,True,,True,56300.0,True,,True,255,255,255,255,255,2,24,113,23,5,86,25,0,255,255,128,73,87,92,143,2,44,168,110,0,0,0,0,157,1366,0.48828125,0,12.8,33,47,92,143,556,168,110,0
564,1144,FF;FF;FF;FF;FF;2;18;71;17;5;56;19;0;FF;FF;80;49;57;5C;8E;2;2C;A8;6E;0;0;0;0;9E,FF;FF;FF;FF;FF;02;18;71;17;05;56;19;00;FF;FF;80;49;57;5C;8E;02;2C;A8;6E;00;00;00;00;9E,True,,True,56400.0,True,,True,255,255,255,255,255,2,24,113,23,5,86,25,0,255,255,128,73,87,92,142,2,44,168,110,0,0,0,0,158,1366,0.48828125,0,12.8,33,47,92,142,556,168,110,0
565,1146,FF;FF;FF;FF;FF;2;18;71;17;5;5B;19;0;FF;FF;80;49;57;5C;8D;2;2B;A8;6E;0;0;0;0;9B,FF;FF;FF;FF;FF;02;18;71;17;05;5B;19;00;FF;FF;80;49;57;5C;8D;02;2B;A8;6E;00;00;00;00;9B,True,,True,56500.0,True,,True,255,255,255,255,255,2,24,113,23,5,91,25,0,255,255,128,73,87,92,141,2,43,168,110,0,0,0,0,155,1371,0.48828125,0,12.8,33,47,92,141,555,168,110,0
566,1148,FF;FF;FF;FF;FF;2;18;71;17;5;49;19;0;FF;FF;80;49;57;5C;8E;2;2D;A8;6E;0;0;0;0;AA,FF;FF;FF;FF;FF;02;18;71;17;05;49;19;00;FF;FF;80;49;57;5C;8E;02;2D;A8;6E;00;00;00;00;AA,True,,True,56600.0,True,,True,255,255,255,255,255,2,24,113,23,5,73,25,0,255,255,128,73,87,92,142,2,45,168,110,0,0,0,0,170,1353,0.48828125,0,12.8,33,47,92,142,557,168,110,0
567,1150,FF;FF;FF;FF;FF;2;18;71;17;5;4D;19;0;FF;FF;80;49;57;5C;8C;2;2C;A8;6E;0;0;0;0;A9,FF;FF;FF;FF;FF;02;18;71;17;05;4D;19;00;FF;FF;80;49;57;5C;8C;02;2C;A8;6E;00;00;00;00;A9,True,,True,56700.0,True,,True,255,255,255,255,255,2,24,113,23,5,77,25,0,255,255,128,73,87,92,140,2,44,168,110,0,0,0,0,169,1357,0.48828125,0,12.8,33,47,92,140,556,168,110,0
568,1152,FF;FF;FF;FF;FF;2;18;71;17;5;2D;19;0;FF;FF;80;49;57;5C;8F;2;31;A8;6E;0;0;0;0;C1,FF;FF;FF;FF;FF;02;18;71;17;05;2D;19;00;FF;FF;80;49;57;5C;8F;02;31;A8;6E;00;00;00;00;C1,True,,True,56800.0,True,,True,255,255,255,255,255,2,24,113,23,5,45,25,0,255,255,128,73,87,92,143,2,49,168,110,0,0,0,0,193,1325,0.48828125,0,12.8,33,47,92,143,561,168,110,0
569,1154,FF;FF;FF;FF;FF;2;18;71;17;5;2D;19;0;FF;FF;80;49;57;5C;8E;2;31;A8;6E;0;0;0;0;C2,FF;FF;FF;FF;FF;02;18;71;17;05;2D;19;00;FF;FF;80;49;57;5C;8E;02;31;A8;6E;00;00;00;00;C2,True,,True,56900.0,True,,True,255,255,255,255,255,2,24,113,23,5,45,25,0,255,255,128,73,87,92,142,2,49,168,110,0,0,0,0,194,1325,0.48828125,0,12.8,33,47,92,142,561,168,110,0
570,1156,FF;FF;FF;FF;FF;2;18;71;17;5;64;19;0;FF;FF;80;49;57;5C;8D;2;2A;A8;6E;0;0;0;0;93,FF;FF;FF;FF;FF;02;18;71;17;05;64;19;00;FF;FF;80;49;57;5C;8D;02;2A;A8;6E;00;00;00;00;93,True,,True,57000.0,True,,True,255,255,255,255,255,2,24,113,23,5,100,25,0,255,255,128,73,87,92,141,2,42,168,110,0,0,0,0,147,1380,0.48828125,0,12.8,33,47,92,141,554,168,110,0
571,1158,FF;FF;FF;FF;FF;2;18;71;17;5;56;19;0;FF;FF;80;49;57;5C;8D;2;2C;A8;6E;0;0;0;0;9F,FF;FF;FF;FF;FF;02;18;71;17;05;56;19;00;FF;FF;80;49;57;5C;8D;02;2C;A8;6E;00;00;00;00;9F,True,,True,57100.0,True,,True,255,255,255,255,255,2,24,113,23,5,86,25,0,255,255,128,73,87,92,141,2,44,168,110,0,0,0,0,159,1366,0.48828125,0,12.8,33,47,92,141,556,168,110,0
572,1160,FF;FF;FF;FF;FF;2;18;71;17;5;5B;19;0;FF;FF;80;49;57;5C;8D;2;2B;A8;6E;0;0;0;0;9B,FF;FF;FF;FF;FF;02;18;71;17;05;5B;19;00;FF;FF;80;49;57;5C;8D;02;2B;A8;6E;00;00;00;00;9B,True,,True,57200.0,True,,True,255,255,255,255,255,2,24,113,23,5,91,25,0,255,255,128,73,87,92,141,2,43,168,110,0,0,0,0,155,1371,0.48828125,0,12.8,33,47,92,141,555,168,110,0
573,1162,FF;FF;FF;FF;FF;2;18;71;17;5;59;19;0;FF;FF;80;49;57;5C;90;2;2B;A8;6E;0;0;0;0;9A,FF;FF;FF;FF;FF;02;18;71;17;05;59;19;00;FF;FF;80;49;57;5C;90;02;2B;A8;6E;00;00;00;00;9A,True,,True,57300.0,True,,True,255,255,255,255,255,2,24,113,23,5,89,25,0,255,255,128,73,87,92,144,2,43,168,110,0,0,0,0,154,1369,0.48828125,0,12.8,33,47,92,144,555,168,110,0
574,1164,FF;FF;FF;FF;FF;2;18;71;17;5;59;19;0;FF;FF;80;49;57;5C;8F;2;2B;A8;6E;0;0;0;0;9B,FF;FF;FF;FF;FF;02;18;71;17;05;59;19;00;FF;FF;80;49;57;5C;8F;02;2B;A8;6E;00;00;00;00;9B,True,,True,57400.0,True,,True,255,255,255,255,255,2,24,113,23,5,89,25,0,255,255,128,73,87,92,143,2,43,168,110,0,0,0,0,155,1369,0.48828125,0,12.8,33,47,92,143,555,168,110,0
575,1166,FF;FF;FF;FF;FF;2;18;71;17;5;63;19;0;FF;FF;80;49;57;5C;8D;2;2B;A8;6E;0;0;0;0;93,FF;FF;FF;FF;FF;02;18;71;17;05;63;19;00;FF;FF;80;49;57;5C;8D;02;2B;A8;6E;00;00;00;00;93,True,,True,57500.0,True,,True,255,255,255,255,255,2,24,113,23,5,99,25,0,255,255,128,73,87,92,141,2,43,168,110,0,0,0,0,147,1379,0.48828125,0,12.8,33,47,92,141,555,168,110,0
576,1168,FF;FF;FF;FF;FF;2;18;71;17;5;70;19;0;FF;FF;80;49;57;5C;8D;2;29;A8;6E;0;0;0;0;88,FF;FF;FF;FF;FF;02;18;71;17;05;70;19;00;FF;FF;80;49;57;5C;8D;02;29;A8;6E;00;00;00;00;88,True,,True,57600.0,True,,True,255,255,255,255,255,2,24,113,23,5,112,25,0,255,255,128,73,87,92,141,2,41,168,110,0,0,0,0,136,1392,0.48828125,0,12.8,33,47,92,141,553,168,110,0
577,1170,FF;FF;FF;FF;FF;2;18;71;17;5;4F;19;0;FF;FF;80;49;57;5C;8D;2;2C;A8;6E;0;0;0;0;A6,FF;FF;FF;FF;FF;02;18;71;17;05;4F;19;00;FF;FF;80;49;57;5C;8D;02;2C;A8;6E;00;00;00;00;A6,True,,True,57700.0,True,,True,255,255,255,255,255,2,24,113,23,5,79,25,0,255,255,128,73,87,92,141,2,44,168,110,0,0,0,0,166,1359,0.48828125,0,12.8,33,47,92,141,556,168,110,0
578,1172,FF;FF;FF;FF;FF;2;18;71;17;5;37;19;0;FF;FF;80;49;57;5C;8F;2;30;A8;6E;0;0;0;0;B8,FF;FF;FF;FF;FF;02;18;71;17;05;37;19;00;FF;FF;80;49;57;5C;8F;02;30;A8;6E;00;00;00;00;B8,True,,True,57800.0,True,,True,255,255,255,255,255,2,24,113,23,5,55,25,0,255,255,128,73,87,92,143,2,48,168,110,0,0,0,0,184,1335,0.48828125,0,12.8,33,47,92,143,560,168,110,0
579,1174,FF;FF;FF;FF;FF;2;18;71;17;5;37;19;0;FF;FF;80;49;57;5C;8E;2;30;A8;6E;0;0;0;0;B9,FF;FF;FF;FF;FF;02;18;71;17;05;37;19;00;FF;FF;80;49;57;5C;8E;02;30;A8;6E;00;00;00;00;B9,True,,True,57900.0,True,,True,255,255,255,255,255,2,24,113,23,5,55,25,0,255,255,128,73,87,92,142,2,48,168,110,0,0,0,0,185,1335,0.48828125,0,12.8,33,47,92,142,560,168,110,0
580,1176,FF;FF;FF;FF;FF;2;18;71;17;5;49;19;0;FF;FF;80;49;57;5C;8D;2;2D;A8;6E;0;0;0;0;AB,FF;FF;FF;FF;FF;02;18;71;17;05;49;19;00;FF;FF;80;49;57;5C;8D;02;2D;A8;6E;00;00;00;00;AB,True,,True,58000.0,True,,True,255,255,255,255,255,2,24,113,23,5,73,25,0,255,255,128,73,87,92,141,2,45,168,110,0,0,0,0,171,1353,0.48828125,0,12.8,33,47,92,141,557,168,110,0
581,1178,FF;FF;FF;FF;FF;2;18;71;17;5;3C;19;0;FF;FF;80;49;57;5C;8C;2;2F;A8;6E;0;0;0;0;B7,FF;FF;FF;FF;FF;02;18;71;17;05;3C;19;00;FF;FF;80;49;57;5C;8C;02;2F;A8;6E;00;00;00;00;B7,True,,True,58100.0,True,,True,255,255,255,255,255,2,24,113,23,5,60,25,0,255,255,128,73,87,92,140,2,47,168,110,0,0,0,0,183,1340,0.48828125,0,12.8,33,47,92,140,559,168,110,0
582,1180,FF;FF;FF;FF;FF;2;18;71;17;5;51;19;0;FF;FF;80;49;57;5C;8D;2;2C;A8;6E;0;0;0;0;A4,FF;FF;FF;FF;FF;02;18;71;17;05;51;19;00;FF;FF;80;49;57;5C;8D;02;2C;A8;6E;00;00;00;00;A4,True,,True,58200.0,True,,True,255,255,255,255,255,2,24,113,23,5,81,25,0,255,255,128,73,87,92,141,2,44,168,110,0,0,0,0,164,1361,0.48828125,0,12.8,33,47,92,141,556,168,110,0
583,1182,FF;FF;FF;FF;FF;2;18;71;17;5;51;19;0;FF;FF;80;49;57;5C;8E;2;2C;A8;6E;0;0;0;0;A3,FF;FF;FF;FF;FF;02;18;71;17;05;51;19;00;FF;FF;80;49;57;5C;8E;02;2C;A8;6E;00;00;00;00;A3,True,,True,58300.0,True,,True,255,255,255,255,255,2,24,113,23,5,81,25,0,255,255,128,73,87,92,142,2,44,168,110,0,0,0,0,163,1361,0.48828125,0,12.8,33,47,92,142,556,168,110,0
584,1184,FF;FF;FF;FF;FF;2;18;71;17;5;51;19;0;FF;FF;80;49;57;5C;8F;2;2C;A8;6E;0;0;0;0;A2,FF;FF;FF;FF;FF;02;18;71;17;05;51;19;00;FF;FF;80;49;57;5C;8F;02;2C;A8;6E;00;00;00;00;A2,True,,True,58400.0,True,,True,255,255,255,255,255,2,24,113,23,5,81,25,0,255,255,128,73,87,92,143,2,44,168,110,0,0,0,0,162,1361,0.48828125,0,12.8,33,47,92,143,556,168,110,0
585,1186,FF;FF;FF;FF;FF;2;18;71;17;5;5D;19;0;FF;FF;80;49;57;5C;8D;2;2B;A8;6E;0;0;0;0;99,FF;FF;FF;FF;FF;02;18;71;17;05;5D;19;00;FF;FF;80;49;57;5C;8D;02;2B;A8;6E;00;00;00;00;99,True,,True,58500.0,True,,True,255,255,255,255,255,2,24,113,23,5,93,25,0,255,255,128,73,87,92,141,2,43,168,110,0,0,0,0,153,1373,0.48828125,0,12.8,33,47,92,141,555,168,110,0
586,1188,FF;FF;FF;FF;FF;2;18;71;17;5;6B;19;0;FF;FF;80;49;57;5C;8C;2;2A;A8;6E;0;0;0;0;8D,FF;FF;FF;FF;FF;02;18;71;17;05;6B;19;00;FF;FF;80;49;57;5C;8C;02;2A;A8;6E;00;00;00;00;8D,True,,True,58600.0,True,,True,255,255,255,255,255,2,24,113,23,5,107,25,0,255,255,128,73,87,92,140,2,42,168,110,0,0,0,0,141,1387,0.48828125,0,12.8,33,47,92,140,554,168,110,0
587,1190,FF;FF;FF;FF;FF;2;18;71;17;5;51;19;0;FF;FF;80;49;57;5C;8E;2;2C;A8;6E;0;0;0;0;A3,FF;FF;FF;FF;FF;02;18;71;17;05;51;19;00;FF;FF;80;49;57;5C;8E;02;2C;A8;6E;00;00;00;00;A3,True,,True,58700.0,True,,True,255,255,255,255,255,2,24,113,23,5,81,25,0,255,255,128,73,87,92,142,2,44,168,110,0,0,0,0,163,1361,0.48828125,0,12.8,33,47,92,142,556,168,110,0
588,1192,FF;FF;FF;FF;FF;2;18;71;17;5;5C;19;0;FF;FF;80;49;57;5C;8D;2;2B;A8;6E;0;0;0;0;9A,FF;FF;FF;FF;FF;02;18;71;17;05;5C;19;00;FF;FF;80;49;57;5C;8D;02;2B;A8;6E;00;00;00;00;9A,True,,True,58800.0,True,,True,255,255,255,255,255,2,24,113,23,5,92,25,0,255,255,128,73,87,92,141,2,43,168,110,0,0,0,0,154,1372,0.48828125,0,12.8,33,47,92,141,555,168,110,0
589,1194,FF;FF;FF;FF;FF;2;18;71;17;5;5C;19;0;FF;FF;80;49;57;5C;8F;2;2B;A8;6E;0;0;0;0;98,FF;FF;FF;FF;FF;02;18;71;17;05;5C;19;00;FF;FF;80;49;57;5C;8F;02;2B;A8;6E;00;00;00;00;98,True,,True,58900.0,True,,True,255,255,255,255,255,2,24,113,23,5,92,25,0,255,255,128,73,87,92,143,2,43,168,110,0,0,0,0,152,1372,0.48828125,0,12.8,33,47,92,143,555,168,110,0
590,1196,FF;FF;FF;FF;FF;2;18;71;17;5;26;19;0;FF;FF;80;49;57;5C;8D;2;31;A8;6E;0;0;0;0;CA,FF;FF;FF;FF;FF;02;18;71;17;05;26;19;00;FF;FF;80;49;57;5C;8D;02;31;A8;6E;00;00;00;00;CA,True,,True,59000.0,True,,True,255,255,255,255,255,2,24,113,23,5,38,25,0,255,255,128,73,87,92,141,2,49,168,110,0,0,0,0,202,1318,0.48828125,0,12.8,33,47,92,141,561,168,110,0
591,1198,FF;FF;FF;FF;FF;2;18;71;17;5;6F;19;0;FF;FF;80;49;57;5C;8D;2;2A;A8;6E;0;0;0;0;88,FF;FF;FF;FF;FF;02;18;71;17;05;6F;19;00;FF;FF;80;49;57;5C;8D;02;2A;A8;6E;00;00;00;00;88,True,,True,59100.0,True,,True,255,255,255,255,255,2,24,113,23,5,111,25,0,255,255,128,73,87,92,141,2,42,168,110,0,0,0,0,136,1391,0.48828125,0,12.8,33,47,92,141,554,168,110,0
592,1200,FF;FF;FF;FF;FF;2;18;71;17;5;75;19;0;FF;FF;80;49;57;5C;8E;2;29;A8;6E;0;0;0;0;82,FF;FF;FF;FF;FF;02;18;71;17;05;75;19;00;FF;FF;80;49;57;5C;8E;02;29;A8;6E;00;00;00;00;82,True,,True,59200.0,True,,True,255,255,255,255,255,2,24,113,23,5,117,25,0,255,255,128,73,87,92,142,2,41,168,110,0,0,0,0,130,1397,0.48828125,0,12.8,33,47,92,142,553,168,110,0
593,1202,FF;FF;FF;FF;FF;2;18;71;17;5;7E;19;0;FF;FF;80;49;57;5C;8E;2;26;A8;6E;0;0;0;0;7C,FF;FF;FF;FF;FF;02;18;71;17;05;7E;19;00;FF;FF;80;49;57;5C;8E;02;26;A8;6E;00;00;00;00;7C,True,,True,59300.0,True,,True,255,255,255,255,255,2,24,113,23,5,126,25,0,255,255,128,73,87,92,142,2,38,168,110,0,0,0,0,124,1406,0.48828125,0,12.8,33,47,92,142,550,168,110,0
594,1204,FF;FF;FF;FF;FF;2;18;71;17;5;6D;19;0;FF;FF;80;49;57;5C;90;2;2A;A8;6E;0;0;0;0;87,FF;FF;FF;FF;FF;02;18;71;17;05;6D;19;00;FF;FF;80;49;57;5C;90;02;2A;A8;6E;00;00;00;00;87,True,,True,59400.0,True,,True,255,255,255,255,255,2,24,113,23,5,109,25,0,255,255,128,73,87,92,144,2,42,168,110,0,0,0,0,135,1389,0.48828125,0,12.8,33,47,92,144,554,168,110,0
595,1206,FF;FF;FF;FF;FF;2;18;71;17;5;6D;19;0;FF;FF;80;49;57;5C;8E;2;2A;A8;6E;0;0;0;0;89,FF;FF;FF;FF;FF;02;18;71;17;05;6D;19;00;FF;FF;80;49;57;5C;8E;02;2A;A8;6E;00;00;00;00;89,True,,True,59500.0,True,,True,255,255,255,255,255,2,24,113,23,5,109,25,0,255,255,128,73,87,92,142,2,42,168,110,0,0,0,0,137,1389,0.48828125,0,12.8,33,47,92,142,554,168,110,0
596,1208,FF;FF;FF;FF;FF;2;18;71;17;5;51;19;0;FF;FF;80;49;57;5C;8E;2;2C;A8;6E;0;0;0;0;A3,FF;FF;FF;FF;FF;02;18;71;17;05;51;19;00;FF;FF;80;49;57;5C;8E;02;2C;A8;6E;00;00;00;00;A3,True,,True,59600.0,True,,True,255,255,255,255,255,2,24,113,23,5,81,25,0,255,255,128,73,87,92,142,2,44,168,110,0,0,0,0,163,1361,0.48828125,0,12.8,33,47,92,142,556,168,110,0
597,1210,FF;FF;FF;FF;FF;2;18;71;17;5;13;19;0;FF;FF;80;49;57;5C;8D;2;33;A8;6E;0;0;0;0;DB,FF;FF;FF;FF;FF;02;18;71;17;05;13;19;00;FF;FF;80;49;57;5C;8D;02;33;A8;6E;00;00;00;00;DB,True,,True,59700.0,True,,True,255,255,255,255,255,2,24,113,23,5,19,25,0,255,255,128,73,87,92,141,2,51,168,110,0,0,0,0,219,1299,0.48828125,0,12.8,33,47,92,141,563,168,110,0
598,1212,FF;FF;FF;FF;FF;2;18;71;17;5;45;19;0;FF;FF;80;49;57;5C;8D;2;2D;A8;6E;0;0;0;0;AF,FF;FF;FF;FF;FF;02;18;71;17;05;45;19;00;FF;FF;80;49;57;5C;8D;02;2D;A8;6E;00;00;00;00;AF,True,,True,59800.0,True,,True,255,255,255,255,255,2,24,113,23,5,69,25,0,255,255,128,73,87,92,141,2,45,168,110,0,0,0,0,175,1349,0.48828125,0,12.8,33,47,92,141,557,168,110,0
599,1214,FF;FF;FF;FF;FF;2;18;71;17;5;56;19;0;FF;FF;80;49;57;5C;90;2;2C;A8;6E;0;0;0;0;9C,FF;FF;FF;FF;FF;02;18;71;17;05;56;19;00;FF;FF;80;49;57;5C;90;02;2C;A8;6E;00;00;00;00;9C,True,,True,59900.0,True,,True,255,255,255,255,255,2,24,113,23,5,86,25,0,255,255,128,73,87,92,144,2,44,168,110,0,0,0,0,156,1366,0.48828125,0,12.8,33,47,92,144,556,168,110,0
600,1216,FF;FF;FF;FF;FF;2;18;71;17;5;56;19;0;FF;FF;80;49;57;5C;8F;2;2C;A8;6E;0;0;0;0;9D,FF;FF;FF;FF;FF;02;18;71;17;05;56;19;00;FF;FF;80;49;57;5C;8F;02;2C;A8;6E;00;00;00;00;9D,True,,True,60000.0,True,,True,255,255,255,255,255,2,24,113,23,5,86,25,0,255,255,128,73,87,92,143,2,44,168,110,0,0,0,0,157,1366,0.48828125,0,12.8,33,47,92,143,556,168,110,0
601,1218,FF;FF;FF;FF;FF;2;18;71;17;5;70;19;0;FF;FF;80;49;57;5C;8E;2;29;A8;6E;0;0;0;0;87,FF;FF;FF;FF;FF;02;18;71;17;05;70;19;00;FF;FF;80;49;57;5C;8E;02;29;A8;6E;00;00;00;00;87,True,,True,60100.0,True,,True,255,255,255,255,255,2,24,113,23,5,112,25,0,255,255,128,73,87,92,142,2,41,168,110,0,0,0,0,135,1392,0.48828125,0,12.8,33,47,92,142,553,168,110,0
602,1220,FF;FF;FF;FF;FF;2;18;71;17;5;6E;19;0;FF;FF;80;49;57;5C;8E;2;2A;A8;6E;0;0;0;0;88,FF;FF;FF;FF;FF;02;18;71;17;05;6E;19;00;FF;FF;80;49;57;5C;8E;02;2A;A8;6E;00;00;00;00;88,True,,True,60200.0,True,,True,255,255,255,255,255,2,24,113,23,5,110,25,0,255,255,128,73,87,92,142,2,42,168,110,0,0,0,0,136,1390,0.48828125,0,12.8,33,47,92,142,554,168,110,0
603,1222,FF;FF;FF;FF;FF;2;18;71;17;5;68;19;0;FF;FF;80;49;57;5C;8D;2;2A;A8;6E;0;0;0;0;8F,FF;FF;FF;FF;FF;02;18;71;17;05;68;19;00;FF;FF;80;49;57;5C;8D;02;2A;A8;6E;00;00;00;00;8F,True,,True,60300.0,True,,True,255,255,255,255,255,2,24,113,23,5,104,25,0,255,255,128,73,87,92,141,2,42,168,110,0,0,0,0,143,1384,0.48828125,0,12.8,33,47,92,141,554,168,110,0
604,1224,FF;FF;FF;FF;FF;2;18;71;17;5;4E;19;0;FF;FF;80;49;57;5C;8F;2;2C;A8;6E;0;0;0;0;A5,FF;FF;FF;FF;FF;02;18;71;17;05;4E;19;00;FF;FF;80;49;57;5C;8F;02;2C;A8;6E;00;00;00;00;A5,True,,True,60400.0,True,,True,255,255,255,255,255,2,24,113,23,5,78,25,0,255,255,128,73,87,92,143,2,44,168,110,0,0,0,0,165,1358,0.48828125,0,12.8,33,47,92,143,556,168,110,0
605,1226,FF;FF;FF;FF;FF;2;18;71;17;5;4E;19;0;FF;FF;80;49;57;5C;8F;2;2C;A8;6E;0;0;0;0;A5,FF;FF;FF;FF;FF;02;18;71;17;05;4E;19;00;FF;FF;80;49;57;5C;8F;02;2C;A8;6E;00;00;00;00;A5,True,,True,60500.0,True,,True,255,255,255,255,255,2,24,113,23,5,78,25,0,255,255,128,73,87,92,143,2,44,168,110,0,0,0,0,165,1358,0.48828125,0,12.8,33,47,92,143,556,168,110,0
606,1228,FF;FF;FF;FF;FF;2;18;71;17;5;5A;19;0;FF;FF;80;49;57;5C;8E;2;2B;A8;6E;0;0;0;0;9B,FF;FF;FF;FF;FF;02;18;71;17;05;5A;19;00;FF;FF;80;49;57;5C;8E;02;2B;A8;6E;00;00;00;00;9B,True,,True,60600.0,True,,True,255,255,255,255,255,2,24,113,23,5,90,25,0,255,255,128,73,87,92,142,2,43,168,110,0,0,0,0,155,1370,0.48828125,0,12.8,33,47,92,142,555,168,110,0
607,1231,FF;FF;FF;FF;FF;2;18;71;17;5;72;19;0;FF;FF;80;49;57;5C;8E;2;29;A8;6E;0;0;0;0;85,FF;FF;FF;FF;FF;02;18;71;17;05;72;19;00;FF;FF;80;49;57;5C;8E;02;29;A8;6E;00;00;00;00;85,True,,True,60700.0,True,,True,255,255,255,255,255,2,24,113,23,5,114,25,0,255,255,128,73,87,92,142,2,41,168,110,0,0,0,0,133,1394,0.48828125,0,12.8,33,47,92,142,553,168,110,0
608,1233,FF;FF;FF;FF;FF;2;18;71;17;5;65;19;0;FF;FF;80;49;57;5C;8F;2;2A;A8;6E;0;0;0;0;90,FF;FF;FF;FF;FF;02;18;71;17;05;65;19;00;FF;FF;80;49;57;5C;8F;02;2A;A8;6E;00;00;00;00;90,True,,True,60800.0,True,,True,255,255,255,255,255,2,24,113,23,5,101,25,0,255,255,128,73,87,92,143,2,42,168,110,0,0,0,0,144,1381,0.48828125,0,12.8,33,47,92,143,554,168,110,0
609,1235,FF;FF;FF;FF;FF;2;18;71;17;5;65;19;0;FF;FF;80;49;57;5C;8E;2;2A;A8;6E;0;0;0;0;91,FF;FF;FF;FF;FF;02;18;71;17;05;65;19;00;FF;FF;80;49;57;5C;8E;02;2A;A8;6E;00;00;00;00;91,True,,True,60900.0,True,,True,255,255,255,255,255,2,24,113,23,5,101,25,0,255,255,128,73,87,92,142,2,42,168,110,0,0,0,0,145,1381,0.48828125,0,12.8,33,47,92,142,554,168,110,0
610,1237,FF;FF;FF;FF;FF;2;18;71;17;5;41;1A;0;FF;FF;80;49;57;5C;8D;2;2D;A8;6E;0;0;0;0;B2,FF;FF;FF;FF;FF;02;18;71;17;05;41;1A;00;FF;FF;80;49;57;5C;8D;02;2D;A8;6E;00;00;00;00;B2,True,,True,61000.0,True,,True,255,255,255,255,255,2,24,113,23,5,65,26,0,255,255,128,73,87,92,141,2,45,168,110,0,0,0,0,178,1345,0.5078125,0,12.8,33,47,92,141,557,168,110,0
611,1239,FF;FF;FF;FF;FF;2;18;71;17;5;32;1A;0;FF;FF;80;49;57;5C;8C;2;30;A8;6E;0;0;0;0;BF,FF;FF;FF;FF;FF;02;18;71;17;05;32;1A;00;FF;FF;80;49;57;5C;8C;02;30;A8;6E;00;00;00;00;BF,True,,True,61100.0,True,,True,255,255,255,255,255,2,24,113,23,5,50,26,0,255,255,128,73,87,92,140,2,48,168,110,0,0,0,0,191,1330,0.5078125,0,12.8,33,47,92,140,560,168,110,0
612,1241,FF;FF;FF;FF;FF;2;18;71;17;5;3E;1A;0;FF;FF;80;49;57;5C;8C;2;2F;A8;6E;0;0;0;0;B4,FF;FF;FF;FF;FF;02;18;71;17;05;3E;1A;00;FF;FF;80;49;57;5C;8C;02;2F;A8;6E;00;00;00;00;B4,True,,True,61200.0,True,,True,255,255,255,255,255,2,24,113,23,5,62,26,0,255,255,128,73,87,92,140,2,47,168,110,0,0,0,0,180,1342,0.5078125,0,12.8,33,47,92,140,559,168,110,0
613,1243,FF;FF;FF;FF;FF;2;18;71;17;5;22;1C;1;FF;FF;80;49;57;5C;90;2;50;A4;55;0;0;0;0;C5,FF;FF;FF;FF;FF;02;18;71;17;05;22;1C;01;FF;FF;80;49;57;5C;90;02;50;A4;55;00;00;00;00;C5,True,,True,61300.0,True,,True,255,255,255,255,255,2,24,113,23,5,34,28,1,255,255,128,73,87,92,144,2,80,164,85,0,0,0,0,197,1314,0.546875,1,12.8,33,47,92,144,592,164,85,0
614,1245,FF;FF;FF;FF;FF;2;18;71;17;5;22;21;6;FF;FF;80;49;57;5C;8E;2;50;A4;55;0;0;0;0;BD,FF;FF;FF;FF;FF;02;18;71;17;05;22;21;06;FF;FF;80;49;57;5C;8E;02;50;A4;55;00;00;00;00;BD,True,,True,61400.0,True,,True,255,255,255,255,255,2,24,113,23,5,34,33,6,255,255,128,73,87,92,142,2,80,164,85,0,0,0,0,189,1314,0.64453125,6,12.8,33,47,92,142,592,164,85,0
615,1247,FF;FF;FF;FF;FF;2;18;71;17;5;55;29;C;FF;FF;80;49;57;5C;8E;2;E9;9C;55;0;0;0;0;EB,FF;FF;FF;FF;FF;02;18;71;17;05;55;29;0C;FF;FF;80;49;57;5C;8E;02;E9;9C;55;00;00;00;00;EB,True,,True,61500.0,True,,True,255,255,255,255,255,2,24,113,23,5,85,41,12,255,255,128,73,87,92,142,2,233,156,85,0,0,0,0,235,1365,0.80078125,12,12.8,33,47,92,142,745,156,85,0
616,1249,FF;FF;FF;FF;FF;2;18;71;17;5;6F;37;16;FF;FF;80;49;57;5C;8E;5;98;9C;7C;0;0;0;0;E0,FF;FF;FF;FF;FF;02;18;71;17;05;6F;37;16;FF;FF;80;49;57;5C;8E;05;98;9C;7C;00;00;00;00;E0,True,,True,61600.0,True,,True,255,255,255,255,255,2,24,113,23,5,111,55,22,255,255,128,73,87,92,142,5,152,156,124,0,0,0,0,224,1391,1.07421875,22,12.8,33,47,92,142,1432,156,124,0
617,1251,FF;FF;FF;FF;FF;2;18;71;17;6;68;3D;1B;FF;FF;80;49;56;5C;92;6;2C;9E;7C;0;0;0;0;41,FF;FF;FF;FF;FF;02;18;71;17;06;68;3D;1B;FF;FF;80;49;56;5C;92;06;2C;9E;7C;00;00;00;00;41,True,,True,61700.0,True,,True,255,255,255,255,255,2,24,113,23,6,104,61,27,255,255,128,73,86,92,146,6,44,158,124,0,0,0,0,65,1640,1.19140625,27,12.8,33,46,92,146,1580,158,124,0
618,1253,FF;FF;FF;FF;FF;2;18;71;17;9;73;3D;1B;FF;FF;80;49;57;5C;93;5;ED;A3;7C;0;0;0;0;6C,FF;FF;FF;FF;FF;02;18;71;17;09;73;3D;1B;FF;FF;80;49;57;5C;93;05;ED;A3;7C;00;00;00;00;6C,True,,True,61800.0,True,,True,255,255,255,255,255,2,24,113,23,9,115,61,27,255,255,128,73,87,92,147,5,237,163,124,0,0,0,0,108,2419,1.19140625,27,12.8,33,47,92,147,1517,163,124,0
619,1255,FF;FF;FF;FF;FF;2;18;71;17;A;CE;1F;4;FF;FF;80;49;57;5C;93;4;6C;B8;7C;0;0;0;0;B2,FF;FF;FF;FF;FF;02;18;71;17;0A;CE;1F;04;FF;FF;80;49;57;5C;93;04;6C;B8;7C;00;00;00;00;B2,True,,True,61900.0,True,,True,255,255,255,255,255,2,24,113,23,10,206,31,4,255,255,128,73,87,92,147,4,108,184,124,0,0,0,0,178,2766,0.60546875,4,12.8,33,47,92,147,1132,184,124,0
620,1257,FF;FF;FF;FF;FF;2;18;71;17;C;24;1A;0;FF;FF;80;49;56;5C;91;0;0;9C;6E;0;0;0;0;0,FF;FF;FF;FF;FF;02;18;71;17;0C;24;1A;00;FF;FF;80;49;56;5C;91;00;00;9C;6E;00;00;00;00;00,True,,True,62000.0,True,,True,255,255,255,255,255,2,24,113,23,12,36,26,0,255,255,128,73,86,92,145,0,0,156,110,0,0,0,0,0,3108,0.5078125,0,12.8,33,46,92,145,0,156,110,0
621,1259,FF;FF;FF;FF;FF;2;18;71;17;B;77;1A;0;FF;FF;80;49;56;5C;92;0;0;97;6E;0;0;0;0;B2,FF;FF;FF;FF;FF;02;18;71;17;0B;77;1A;00;FF;FF;80;49;56;5C;92;00;00;97;6E;00;00;00;00;B2,True,,True,62100.0,True,,True,255,255,255,255,255,2,24,113,23,11,119,26,0,255,255,128,73,86,92,146,0,0,151,110,0,0,0,0,178,2935,0.5078125,0,12.8,33,46,92,146,0,151,110,0
622,1261,FF;FF;FF;FF;FF;2;18;71;17;A;3E;1A;0;FF;FF;80;49;56;5C;92;0;0;97;6E;0;0;0;0;EC,FF;FF;FF;FF;FF;02;18;71;17;0A;3E;1A;00;FF;FF;80;49;56;5C;92;00;00;97;6E;00;00;00;00;EC,True,,True,62200.0,True,,True,255,255,255,255,255,2,24,113,23,10,62,26,0,255,255,128,73,86,92,146,0,0,151,110,0,0,0,0,236,2622,0.5078125,0,12.8,33,46,92,146,0,151,110,0
623,1263,FF;FF;FF;FF;FF;2;18;71;17;9;96;1A;0;FF;FF;80;49;56;5C;91;0;0;97;6E;0;0;0;0;96,FF;FF;FF;FF;FF;02;18;71;17;09;96;1A;00;FF;FF;80;49;56;5C;91;00;00;97;6E;00;00;00;00;96,True,,True,62300.0,True,,True,255,255,255,255,255,2,24,113,23,9,150,26,0,255,255,128,73,86,92,145,0,0,151,110,0,0,0,0,150,2454,0.5078125,0,12.8,33,46,92,145,0,151,110,0
624,1265,FF;FF;FF;FF;FF;2;18;71;17;8;E0;1A;0;FF;FF;80;49;56;5C;91;1;98;97;6E;0;0;0;0;B4,FF;FF;FF;FF;FF;02;18;71;17;08;E0;1A;00;FF;FF;80;49;56;5C;91;01;98;97;6E;00;00;00;00;B4,True,,True,62400.0,True,,True,255,255,255,255,255,2,24,113,23,8,224,26,0,255,255,128,73,86,92,145,1,152,151,110,0,0,0,0,180,2272,0.5078125,0,12.8,33,46,92,145,408,151,110,0
625,1267,FF;FF;FF;FF;FF;2;18;71;17;8;4D;1A;0;FF;FF;80;49;56;5C;91;1;A9;A1;6E;0;0;0;0;2C,FF;FF;FF;FF;FF;02;18;71;17;08;4D;1A;00;FF;FF;80;49;56;5C;91;01;A9;A1;6E;00;00;00;00;2C,True,,True,62500.0,True,,True,255,255,255,255,255,2,24,113,23,8,77,26,0,255,255,128,73,86,92,145,1,169,161,110,0,0,0,0,44,2125,0.5078125,0,12.8,33,46,92,145,425,161,110,0
626,1269,FF;FF;FF;FF;FF;2;18;71;17;7;5D;1A;0;FF;FF;80;49;56;5C;91;1;C8;AE;6E;0;0;0;0;F1,FF;FF;FF;FF;FF;02;18;71;17;07;5D;1A;00;FF;FF;80;49;56;5C;91;01;C8;AE;6E;00;00;00;00;F1,True,,True,62600.0,True,,True,255,255,255,255,255,2,24,113,23,7,93,26,0,255,255,128,73,86,92,145,1,200,174,110,0,0,0,0,241,1885,0.5078125,0,12.8,33,46,92,145,456,174,110,0
627,1271,FF;FF;FF;FF;FF;2;18;71;17;6;FD;19;0;FF;FF;80;49;56;5C;91;1;D9;AF;6E;0;0;0;0;41,FF;FF;FF;FF;FF;02;18;71;17;06;FD;19;00;FF;FF;80;49;56;5C;91;01;D9;AF;6E;00;00;00;00;41,True,,True,62700.0,True,,True,255,255,255,255,255,2,24,113,23,6,253,25,0,255,255,128,73,86,92,145,1,217,175,110,0,0,0,0,65,1789,0.48828125,0,12.8,33,46,92,145,473,175,110,0
628,1273,FF;FF;FF;FF;FF;2;18;71;17;6;89;19;0;FF;FF;80;49;56;5C;92;1;F1;AF;6E;0;0;0;0;9C,FF;FF;FF;FF;FF;02;18;71;17;06;89;19;00;FF;FF;80;49;56;5C;92;01;F1;AF;6E;00;00;00;00;9C,True,,True,62800.0,True,,True,255,255,255,255,255,2,24,113,23,6,137,25,0,255,255,128,73,86,92,146,1,241,175,110,0,0,0,0,156,1673,0.48828125,0,12.8,33,46,92,146,497,175,110,0
629,1275,FF;FF;FF;FF;FF;2;18;71;17;6;4D;19;0;FF;FF;80;49;56;5C;91;1;F8;AF;6E;0;0;0;0;D2,FF;FF;FF;FF;FF;02;18;71;17;06;4D;19;00;FF;FF;80;49;56;5C;91;01;F8;AF;6E;00;00;00;00;D2,True,,True,62900.0,True,,True,255,255,255,255,255,2,24,113,23,6,77,25,0,255,255,128,73,86,92,145,1,248,175,110,0,0,0,0,210,1613,0.48828125,0,12.8,33,46,92,145,504,175,110,0
630,1277,FF;FF;FF;FF;FF;2;18;71;17;6;4D;19;0;FF;FF;80;49;56;5C;91;1;F8;AF;6E;0;0;0;0;D2,FF;FF;FF;FF;FF;02;18;71;17;06;4D;19;00;FF;FF;80;49;56;5C;91;01;F8;AF;6E;00;00;00;00;D2,True,,True,63000.0,True,,True,255,255,255,255,255,2,24,113,23,6,77,25,0,255,255,128,73,86,92,145,1,248,175,110,0,0,0,0,210,1613,0.48828125,0,12.8,33,46,92,145,504,175,110,0
631,1279,FF;FF;FF;FF;FF;2;18;71;17;6;1;1A;0;FF;FF;80;49;56;5C;90;2;A;AF;6E;0;0;0;0;B,FF;FF;FF;FF;FF;02;18;71;17;06;01;1A;00;FF;FF;80;49;56;5C;90;02;0A;AF;6E;00;00;00;00;0B,True,,True,63100.0,True,,True,255,255,255,255,255,2,24,113,23,6,1,26,0,255,255,128,73,86,92,144,2,10,175,110,0,0,0,0,11,1537,0.5078125,0,12.8,33,46,92,144,522,175,110,0
632,1281,FF;FF;FF;FF;FF;2;18;71;17;5;E3;1A;0;FF;FF;80;49;56;5C;90;2;11;AF;6E;0;0;0;0;23,FF;FF;FF;FF;FF;02;18;71;17;05;E3;1A;00;FF;FF;80;49;56;5C;90;02;11;AF;6E;00;00;00;00;23,True,,True,63200.0,True,,True,255,255,255,255,255,2,24,113,23,5,227,26,0,255,255,128,73,86,92,144,2,17,175,110,0,0,0,0,35,1507,0.5078125,0,12.8,33,46,92,144,529,175,110,0
633,1283,FF;FF;FF;FF;FF;2;18;71;17;5;B8;1A;0;FF;FF;80;49;56;5C;90;2;1A;B2;6E;0;0;0;0;42,FF;FF;FF;FF;FF;02;18;71;17;05;B8;1A;00;FF;FF;80;49;56;5C;90;02;1A;B2;6E;00;00;00;00;42,True,,True,63300.0,True,,True,255,255,255,255,255,2,24,113,23,5,184,26,0,255,255,128,73,86,92,144,2,26,178,110,0,0,0,0,66,1464,0.5078125,0,12.8,33,46,92,144,538,178,110,0
634,1285,FF;FF;FF;FF;FF;2;18;71;17;5;BA;1A;0;FF;FF;80;49;56;5C;90;2;19;B2;6E;0;0;0;0;41,FF;FF;FF;FF;FF;02;18;71;17;05;BA;1A;00;FF;FF;80;49;56;5C;90;02;19;B2;6E;00;00;00;00;41,True,,True,63400.0,True,,True,255,255,255,255,255,2,24,113,23,5,186,26,0,255,255,128,73,86,92,144,2,25,178,110,0,0,0,0,65,1466,0.5078125,0,12.8,33,46,92,144,537,178,110,0
635,1287,FF;FF;FF;FF;FF;2;18;71;17;5;AA;1A;0;FF;FF;80;49;56;5C;90;2;1C;B3;6E;0;0;0;0;4D,FF;FF;FF;FF;FF;02;18;71;17;05;AA;1A;00;FF;FF;80;49;56;5C;90;02;1C;B3;6E;00;00;00;00;4D,True,,True,63500.0,True,,True,255,255,255,255,255,2,24,113,23,5,170,26,0,255,255,128,73,86,92,144,2,28,179,110,0,0,0,0,77,1450,0.5078125,0,12.8,33,46,92,144,540,179,110,0
636,1289,FF;FF;FF;FF;FF;2;18;71;17;5;B1;19;0;FF;FF;80;49;56;5C;90;2;1B;B2;6E;0;0;0;0;49,FF;FF;FF;FF;FF;02;18;71;17;05;B1;19;00;FF;FF;80;49;56;5C;90;02;1B;B2;6E;00;00;00;00;49,True,,True,63600.0,True,,True,255,255,255,255,255,2,24,113,23,5,177,25,0,255,255,128,73,86,92,144,2,27,178,110,0,0,0,0,73,1457,0.48828125,0,12.8,33,46,92,144,539,178,110,0
637,1291,FF;FF;FF;FF;FF;2;18;71;17;5;AC;19;0;FF;FF;80;49;56;5C;91;2;1C;B2;6E;0;0;0;0;4C,FF;FF;FF;FF;FF;02;18;71;17;05;AC;19;00;FF;FF;80;49;56;5C;91;02;1C;B2;6E;00;00;00;00;4C,True,,True,63700.0,True,,True,255,255,255,255,255,2,24,113,23,5,172,25,0,255,255,128,73,86,92,145,2,28,178,110,0,0,0,0,76,1452,0.48828125,0,12.8,33,46,92,145,540,178,110,0
638,1293,FF;FF;FF;FF;FF;2;18;71;17;5;AC;19;0;FF;FF;80;49;56;5C;90;2;1C;B3;6E;0;0;0;0;4C,FF;FF;FF;FF;FF;02;18;71;17;05;AC;19;00;FF;FF;80;49;56;5C;90;02;1C;B3;6E;00;00;00;00;4C,True,,True,63800.0,True,,True,255,255,255,255,255,2,24,113,23,5,172,25,0,255,255,128,73,86,92,144,2,28,179,110,0,0,0,0,76,1452,0.48828125,0,12.8,33,46,92,144,540,179,110,0
639,1295,FF;FF;FF;FF;FF;2;18;71;17;5;AA;1A;0;FF;FF;80;49;56;5C;8F;2;1C;B3;6E;0;0;0;0;4E,FF;FF;FF;FF;FF;02;18;71;17;05;AA;1A;00;FF;FF;80;49;56;5C;8F;02;1C;B3;6E;00;00;00;00;4E,True,,True,63900.0,True,,True,255,255,255,255,255,2,24,113,23,5,170,26,0,255,255,128,73,86,92,143,2,28,179,110,0,0,0,0,78,1450,0.5078125,0,12.8,33,46,92,143,540,179,110,0
640,1297,FF;FF;FF;FF;FF;2;18;71;17;5;85;1A;0;FF;FF;80;49;56;5C;8F;2;23;AB;6E;0;0;0;0;74,FF;FF;FF;FF;FF;02;18;71;17;05;85;1A;00;FF;FF;80;49;56;5C;8F;02;23;AB;6E;00;00;00;00;74,True,,True,64000.0,True,,True,255,255,255,255,255,2,24,113,23,5,133,26,0,255,255,128,73,86,92,143,2,35,171,110,0,0,0,0,116,1413,0.5078125,0,12.8,33,46,92,143,547,171,110,0
641,1299,FF;FF;FF;FF;FF;2;18;71;17;5;8B;1A;0;FF;FF;80;49;56;5C;8F;2;22;AD;6E;0;0;0;0;6D,FF;FF;FF;FF;FF;02;18;71;17;05;8B;1A;00;FF;FF;80;49;56;5C;8F;02;22;AD;6E;00;00;00;00;6D,True,,True,64100.0,True,,True,255,255,255,255,255,2,24,113,23,5,139,26,0,255,255,128,73,86,92,143,2,34,173,110,0,0,0,0,109,1419,0.5078125,0,12.8,33,46,92,143,546,173,110,0
642,1301,FF;FF;FF;FF;FF;2;18;71;17;5;80;1A;0;FF;FF;80;49;56;5C;8F;2;26;A9;6E;0;0;0;0;78,FF;FF;FF;FF;FF;02;18;71;17;05;80;1A;00;FF;FF;80;49;56;5C;8F;02;26;A9;6E;00;00;00;00;78,True,,True,64200.0,True,,True,255,255,255,255,255,2,24,113,23,5,128,26,0,255,255,128,73,86,92,143,2,38,169,110,0,0,0,0,120,1408,0.5078125,0,12.8,33,46,92,143,550,169,110,0
643,1303,FF;FF;FF;FF;FF;2;18;71;17;5;59;19;0;FF;FF;80;49;56;5C;90;2;2A;A9;6E;0;0;0;0;9B,FF;FF;FF;FF;FF;02;18;71;17;05;59;19;00;FF;FF;80;49;56;5C;90;02;2A;A9;6E;00;00;00;00;9B,True,,True,64300.0,True,,True,255,255,255,255,255,2,24,113,23,5,89,25,0,255,255,128,73,86,92,144,2,42,169,110,0,0,0,0,155,1369,0.48828125,0,12.8,33,46,92,144,554,169,110,0
644,1305,FF;FF;FF;FF;FF;2;18;71;17;5;59;19;0;FF;FF;80;49;56;5C;8E;2;2A;A8;6E;0;0;0;0;9E,FF;FF;FF;FF;FF;02;18;71;17;05;59;19;00;FF;FF;80;49;56;5C;8E;02;2A;A8;6E;00;00;00;00;9E,True,,True,64400.0,True,,True,255,255,255,255,255,2,24,113,23,5,89,25,0,255,255,128,73,86,92,142,2,42,168,110,0,0,0,0,158,1369,0.48828125,0,12.8,33,46,92,142,554,168,110,0
645,1307,FF;FF;FF;FF;FF;2;18;71;17;5;3A;1A;0;FF;FF;80;49;56;5C;8D;2;2E;A8;6E;0;0;0;0;B9,FF;FF;FF;FF;FF;02;18;71;17;05;3A;1A;00;FF;FF;80;49;56;5C;8D;02;2E;A8;6E;00;00;00;00;B9,True,,True,64500.0,True,,True,255,255,255,255,255,2,24,113,23,5,58,26,0,255,255,128,73,86,92,141,2,46,168,110,0,0,0,0,185,1338,0.5078125,0,12.8,33,46,92,141,558,168,110,0
646,1309,FF;FF;FF;FF;FF;2;18;71;17;5;49;1A;0;FF;FF;80;49;56;5C;8E;2;2D;A8;6E;0;0;0;0;AA,FF;FF;FF;FF;FF;02;18;71;17;05;49;1A;00;FF;FF;80;49;56;5C;8E;02;2D;A8;6E;00;00;00;00;AA,True,,True,64600.0,True,,True,255,255,255,255,255,2,24,113,23,5,73,26,0,255,255,128,73,86,92,142,2,45,168,110,0,0,0,0,170,1353,0.5078125,0,12.8,33,46,92,142,557,168,110,0
647,1311,FF;FF;FF;FF;FF;2;18;71;17;5;4E;1A;0;FF;FF;80;49;56;5C;8E;2;2C;A8;6E;0;0;0;0;A6,FF;FF;FF;FF;FF;02;18;71;17;05;4E;1A;00;FF;FF;80;49;56;5C;8E;02;2C;A8;6E;00;00;00;00;A6,True,,True,64700.0,True,,True,255,255,255,255,255,2,24,113,23,5,78,26,0,255,255,128,73,86,92,142,2,44,168,110,0,0,0,0,166,1358,0.5078125,0,12.8,33,46,92,142,556,168,110,0
648,1313,FF;FF;FF;FF;FF;2;18;71;17;5;5B;19;0;FF;FF;80;49;56;5C;90;2;2B;A8;6E;0;0;0;0;99,FF;FF;FF;FF;FF;02;18;71;17;05;5B;19;00;FF;FF;80;49;56;5C;90;02;2B;A8;6E;00;00;00;00;99,True,,True,64800.0,True,,True,255,255,255,255,255,2,24,113,23,5,91,25,0,255,255,128,73,86,92,144,2,43,168,110,0,0,0,0,153,1371,0.48828125,0,12.8,33,46,92,144,555,168,110,0
649,1315,FF;FF;FF;FF;FF;2;18;71;17;5;5B;19;0;FF;FF;80;49;56;5C;8E;2;2B;A8;6E;0;0;0;0;9B,FF;FF;FF;FF;FF;02;18;71;17;05;5B;19;00;FF;FF;80;49;56;5C;8E;02;2B;A8;6E;00;00;00;00;9B,True,,True,64900.0,True,,True,255,255,255,255,255,2,24,113,23,5,91,25,0,255,255,128,73,86,92,142,2,43,168,110,0,0,0,0,155,1371,0.48828125,0,12.8,33,46,92,142,555,168,110,0
650,1317,FF;FF;FF;FF;FF;2;18;71;17;5;49;1A;0;FF;FF;80;49;56;5C;8D;2;2D;A8;6E;0;0;0;0;AB,FF;FF;FF;FF;FF;02;18;71;17;05;49;1A;00;FF;FF;80;49;56;5C;8D;02;2D;A8;6E;00;00;00;00;AB,True,,True,65000.0,True,,True,255,255,255,255,255,2,24,113,23,5,73,26,0,255,255,128,73,86,92,141,2,45,168,110,0,0,0,0,171,1353,0.5078125,0,12.8,33,46,92,141,557,168,110,0
651,1319,FF;FF;FF;FF;FF;2;18;71;17;5;57;1A;0;FF;FF;80;49;56;5C;8D;2;2C;A8;6E;0;0;0;0;9E,FF;FF;FF;FF;FF;02;18;71;17;05;57;1A;00;FF;FF;80;49;56;5C;8D;02;2C;A8;6E;00;00;00;00;9E,True,,True,65100.0,True,,True,255,255,255,255,255,2,24,113,23,5,87,26,0,255,255,128,73,86,92,141,2,44,168,110,0,0,0,0,158,1367,0.5078125,0,12.8,33,46,92,141,556,168,110,0
652,1321,FF;FF;FF;FF;FF;2;18;71;17;5;52;1A;0;FF;FF;80;49;56;5C;8E;2;2C;A8;6E;0;0;0;0;A2,FF;FF;FF;FF;FF;02;18;71;17;05;52;1A;00;FF;FF;80;49;56;5C;8E;02;2C;A8;6E;00;00;00;00;A2,True,,True,65200.0,True,,True,255,255,255,255,255,2,24,113,23,5,82,26,0,255,255,128,73,86,92,142,2,44,168,110,0,0,0,0,162,1362,0.5078125,0,12.8,33,46,92,142,556,168,110,0
653,1323,FF;FF;FF;FF;FF;2;18;71;17;5;6D;19;0;FF;FF;80;49;56;5C;90;2;2A;A8;6E;0;0;0;0;88,FF;FF;FF;FF;FF;02;18;71;17;05;6D;19;00;FF;FF;80;49;56;5C;90;02;2A;A8;6E;00;00;00;00;88,True,,True,65300.0,True,,True,255,255,255,255,255,2,24,113,23,5,109,25,0,255,255,128,73,86,92,144,2,42,168,110,0,0,0,0,136,1389,0.48828125,0,12.8,33,46,92,144,554,168,110,0
654,1325,FF;FF;FF;FF;FF;2;18;71;17;5;6D;19;0;FF;FF;80;49;56;5C;8F;2;2A;A8;6E;0;0;0;0;89,FF;FF;FF;FF;FF;02;18;71;17;05;6D;19;00;FF;FF;80;49;56;5C;8F;02;2A;A8;6E;00;00;00;00;89,True,,True,65400.0,True,,True,255,255,255,255,255,2,24,113,23,5,109,25,0,255,255,128,73,86,92,143,2,42,168,110,0,0,0,0,137,1389,0.48828125,0,12.8,33,46,92,143,554,168,110,0
655,1327,FF;FF;FF;FF;FF;2;18;71;17;5;6D;19;0;FF;FF;80;49;56;5C;8E;2;2A;A8;6E;0;0;0;0;8A,FF;FF;FF;FF;FF;02;18;71;17;05;6D;19;00;FF;FF;80;49;56;5C;8E;02;2A;A8;6E;00;00;00;00;8A,True,,True,65500.0,True,,True,255,255,255,255,255,2,24,113,23,5,109,25,0,255,255,128,73,86,92,142,2,42,168,110,0,0,0,0,138,1389,0.48828125,0,12.8,33,46,92,142,554,168,110,0
656,1329,FF;FF;FF;FF;FF;2;18;71;17;5;78;19;0;FF;FF;80;49;56;5C;8E;2;27;A8;6E;0;0;0;0;82,FF;FF;FF;FF;FF;02;18;71;17;05;78;19;00;FF;FF;80;49;56;5C;8E;02;27;A8;6E;00;00;00;00;82,True,,True,65600.0,True,,True,255,255,255,255,255,2,24,113,23,5,120,25,0,255,255,128,73,86,92,142,2,39,168,110,0,0,0,0,130,1400,0.48828125,0,12.8,33,46,92,142,551,168,110,0
657,1331,FF;FF;FF;FF;FF;2;18;71;17;5;70;1A;0;FF;FF;80;49;56;5C;8E;2;28;A8;6E;0;0;0;0;88,FF;FF;FF;FF;FF;02;18;71;17;05;70;1A;00;FF;FF;80;49;56;5C;8E;02;28;A8;6E;00;00;00;00;88,True,,True,65700.0,True,,True,255,255,255,255,255,2,24,113,23,5,112,26,0,255,255,128,73,86,92,142,2,40,168,110,0,0,0,0,136,1392,0.5078125,0,12.8,33,46,92,142,552,168,110,0
658,1333,FF;FF;FF;FF;FF;2;18;71;17;5;4D;19;0;FF;FF;80;49;56;5C;8E;2;2C;A8;6E;0;0;0;0;A8,FF;FF;FF;FF;FF;02;18;71;17;05;4D;19;00;FF;FF;80;49;56;5C;8E;02;2C;A8;6E;00;00;00;00;A8,True,,True,65800.0,True,,True,255,255,255,255,255,2,24,113,23,5,77,25,0,255,255,128,73,86,92,142,2,44,168,110,0,0,0,0,168,1357,0.48828125,0,12.8,33,46,92,142,556,168,110,0
659,1335,FF;FF;FF;FF;FF;2;18;71;17;5;4D;19;0;FF;FF;80;49;56;5C;8F;2;2C;A8;6E;0;0;0;0;A7,FF;FF;FF;FF;FF;02;18;71;17;05;4D;19;00;FF;FF;80;49;56;5C;8F;02;2C;A8;6E;00;00;00;00;A7,True,,True,65900.0,True,,True,255,255,255,255,255,2,24,113,23,5,77,25,0,255,255,128,73,86,92,143,2,44,168,110,0,0,0,0,167,1357,0.48828125,0,12.8,33,46,92,143,556,168,110,0
660,1337,FF;FF;FF;FF;FF;2;18;71;17;5;32;19;0;FF;FF;80;49;56;5C;8D;2;2F;A8;6E;0;0;0;0;C1,FF;FF;FF;FF;FF;02;18;71;17;05;32;19;00;FF;FF;80;49;56;5C;8D;02;2F;A8;6E;00;00;00;00;C1,True,,True,66000.0,True,,True,255,255,255,255,255,2,24,113,23,5,50,25,0,255,255,128,73,86,92,141,2,47,168,110,0,0,0,0,193,1330,0.48828125,0,12.8,33,46,92,141,559,168,110,0
661,1339,FF;FF;FF;FF;FF;2;18;71;17;5;4B;19;0;FF;FF;80;49;56;5C;8C;2;2D;A8;6E;0;0;0;0;AB,FF;FF;FF;FF;FF;02;18;71;17;05;4B;19;00;FF;FF;80;49;56;5C;8C;02;2D;A8;6E;00;00;00;00;AB,True,,True,66100.0,True,,True,255,255,255,255,255,2,24,113,23,5,75,25,0,255,255,128,73,86,92,140,2,45,168,110,0,0,0,0,171,1355,0.48828125,0,12.8,33,46,92,140,557,168,110,0
662,1341,FF;FF;FF;FF;FF;2;18;71;17;5;46;19;0;FF;FF;80;49;56;5C;8E;2;2D;A8;6E;0;0;0;0;AE,FF;FF;FF;FF;FF;02;18;71;17;05;46;19;00;FF;FF;80;49;56;5C;8E;02;2D;A8;6E;00;00;00;00;AE,True,,True,66200.0,True,,True,255,255,255,255,255,2,24,113,23,5,70,25,0,255,255,128,73,86,92,142,2,45,168,110,0,0,0,0,174,1350,0.48828125,0,12.8,33,46,92,142,557,168,110,0
663,1343,FF;FF;FF;FF;FF;2;18;71;17;5;62;19;0;FF;FF;80;49;56;5C;8E;2;2B;A8;6E;0;0;0;0;94,FF;FF;FF;FF;FF;02;18;71;17;05;62;19;00;FF;FF;80;49;56;5C;8E;02;2B;A8;6E;00;00;00;00;94,True,,True,66300.0,True,,True,255,255,255,255,255,2,24,113,23,5,98,25,0,255,255,128,73,86,92,142,2,43,168,110,0,0,0,0,148,1378,0.48828125,0,12.8,33,46,92,142,555,168,110,0
664,1345,FF;FF;FF;FF;FF;2;18;71;17;5;4D;19;0;FF;FF;80;49;56;5C;8F;2;2C;A8;6E;0;0;0;0;A7,FF;FF;FF;FF;FF;02;18;71;17;05;4D;19;00;FF;FF;80;49;56;5C;8F;02;2C;A8;6E;00;00;00;00;A7,True,,True,66400.0,True,,True,255,255,255,255,255,2,24,113,23,5,77,25,0,255,255,128,73,86,92,143,2,44,168,110,0,0,0,0,167,1357,0.48828125,0,12.8,33,46,92,143,556,168,110,0
665,1347,FF;FF;FF;FF;FF;2;18;71;17;5;4D;19;0;FF;FF;80;49;56;5C;8E;2;2C;A8;6E;0;0;0;0;A8,FF;FF;FF;FF;FF;02;18;71;17;05;4D;19;00;FF;FF;80;49;56;5C;8E;02;2C;A8;6E;00;00;00;00;A8,True,,True,66500.0,True,,True,255,255,255,255,255,2,24,113,23,5,77,25,0,255,255,128,73,86,92,142,2,44,168,110,0,0,0,0,168,1357,0.48828125,0,12.8,33,46,92,142,556,168,110,0
666,1349,FF;FF;FF;FF;FF;2;18;71;17;5;51;19;0;FF;FF;80;49;56;5C;8C;2;2C;A8;6E;0;0;0;0;A6,FF;FF;FF;FF;FF;02;18;71;17;05;51;19;00;FF;FF;80;49;56;5C;8C;02;2C;A8;6E;00;00;00;00;A6,True,,True,66600.0,True,,True,255,255,255,255,255,2,24,113,23,5,81,25,0,255,255,128,73,86,92,140,2,44,168,110,0,0,0,0,166,1361,0.48828125,0,12.8,33,46,92,140,556,168,110,0
667,1351,FF;FF;FF;FF;FF;2;18;71;17;5;52;19;0;FF;FF;80;49;56;5C;8F;2;2C;A8;6E;0;0;0;0;A2,FF;FF;FF;FF;FF;02;18;71;17;05;52;19;00;FF;FF;80;49;56;5C;8F;02;2C;A8;6E;00;00;00;00;A2,True,,True,66700.0,True,,True,255,255,255,255,255,2,24,113,23,5,82,25,0,255,255,128,73,86,92,143,2,44,168,110,0,0,0,0,162,1362,0.48828125,0,12.8,33,46,92,143,556,168,110,0
668,1353,FF;FF;FF;FF;FF;2;18;71;17;5;5E;19;0;FF;FF;80;49;56;5C;8E;2;2B;A8;6E;0;0;0;0;98,FF;FF;FF;FF;FF;02;18;71;17;05;5E;19;00;FF;FF;80;49;56;5C;8E;02;2B;A8;6E;00;00;00;00;98,True,,True,66800.0,True,,True,255,255,255,255,255,2,24,113,23,5,94,25,0,255,255,128,73,86,92,142,2,43,168,110,0,0,0,0,152,1374,0.48828125,0,12.8,33,46,92,142,555,168,110,0
669,1355,FF;FF;FF;FF;FF;2;18;71;17;5;5E;19;0;FF;FF;80;49;56;5C;90;2;2B;A8;6E;0;0;0;0;96,FF;FF;FF;FF;FF;02;18;71;17;05;5E;19;00;FF;FF;80;49;56;5C;90;02;2B;A8;6E;00;00;00;00;96,True,,True,66900.0,True,,True,255,255,255,255,255,2,24,113,23,5,94,25,0,255,255,128,73,86,92,144,2,43,168,110,0,0,0,0,150,1374,0.48828125,0,12.8,33,46,92,144,555,168,110,0
670,1357,FF;FF;FF;FF;FF;2;18;71;17;5;5E;19;0;FF;FF;80;49;56;5C;8F;2;2B;A8;6E;0;0;0;0;97,FF;FF;FF;FF;FF;02;18;71;17;05;5E;19;00;FF;FF;80;49;56;5C;8F;02;2B;A8;6E;00;00;00;00;97,True,,True,67000.0,True,,True,255,255,255,255,255,2,24,113,23,5,94,25,0,255,255,128,73,86,92,143,2,43,168,110,0,0,0,0,151,1374,0.48828125,0,12.8,33,46,92,143,555,168,110,0
671,1359,FF;FF;FF;FF;FF;2;18;71;17;5;70;19;0;FF;FF;80;49;55;5D;8E;2;29;A8;6E;0;0;0;0;88,FF;FF;FF;FF;FF;02;18;71;17;05;70;19;00;FF;FF;80;49;55;5D;8E;02;29;A8;6E;00;00;00;00;88,True,,True,67100.0,True,,True,255,255,255,255,255,2,24,113,23,5,112,25,0,255,255,128,73,85,93,142,2,41,168,110,0,0,0,0,136,1392,0.48828125,0,12.8,33,45,93,142,553,168,110,0
672,1361,FF;FF;FF;FF;FF;2;18;71;17;5;70;19;0;FF;FF;80;49;56;5C;90;2;29;A8;6E;0;0;0;0;86,FF;FF;FF;FF;FF;02;18;71;17;05;70;19;00;FF;FF;80;49;56;5C;90;02;29;A8;6E;00;00;00;00;86,True,,True,67200.0,True,,True,255,255,255,255,255,2,24,113,23,5,112,25,0,255,255,128,73,86,92,144,2,41,168,110,0,0,0,0,134,1392,0.48828125,0,12.8,33,46,92,144,553,168,110,0
673,1363,FF;FF;FF;FF;FF;2;18;71;17;5;64;19;0;FF;FF;80;49;55;5D;90;2;27;A8;6E;0;0;0;0;94,FF;FF;FF;FF;FF;02;18;71;17;05;64;19;00;FF;FF;80;49;55;5D;90;02;27;A8;6E;00;00;00;00;94,True,,True,67300.0,True,,True,255,255,255,255,255,2,24,113,23,5,100,25,0,255,255,128,73,85,93,144,2,39,168,110,0,0,0,0,148,1380,0.48828125,0,12.8,33,45,93,144,551,168,110,0
674,1365,FF;FF;FF;FF;FF;2;18;71;17;5;53;19;0;FF;FF;80;49;55;5D;93;2;27;A8;6E;0;0;0;0;A2,FF;FF;FF;FF;FF;02;18;71;17;05;53;19;00;FF;FF;80;49;55;5D;93;02;27;A8;6E;00;00;00;00;A2,True,,True,67400.0,True,,True,255,255,255,255,255,2,24,113,23,5,83,25,0,255,255,128,73,85,93,147,2,39,168,110,0,0,0,0,162,1363,0.48828125,0,12.8,33,45,93,147,551,168,110,0
675,1367,FF;FF;FF;FF;FF;2;18;71;17;5;53;19;0;FF;FF;80;49;55;5D;91;2;27;A8;6E;0;0;0;0;A4,FF;FF;FF;FF;FF;02;18;71;17;05;53;19;00;FF;FF;80;49;55;5D;91;02;27;A8;6E;00;00;00;00;A4,True,,True,67500.0,True,,True,255,255,255,255,255,2,24,113,23,5,83,25,0,255,255,128,73,85,93,145,2,39,168,110,0,0,0,0,164,1363,0.48828125,0,12.8,33,45,93,145,551,168,110,0
676,1369,FF;FF;FF;FF;FF;2;18;71;17;5;49;19;0;FF;FF;80;49;55;5D;91;2;26;A8;6E;0;0;0;0;AF,FF;FF;FF;FF;FF;02;18;71;17;05;49;19;00;FF;FF;80;49;55;5D;91;02;26;A8;6E;00;00;00;00;AF,True,,True,67600.0,True,,True,255,255,255,255,255,2,24,113,23,5,73,25,0,255,255,128,73,85,93,145,2,38,168,110,0,0,0,0,175,1353,0.48828125,0,12.8,33,45,93,145,550,168,110,0
677,1371,FF;FF;FF;FF;FF;2;18;71;17;5;2;19;0;FF;FF;80;49;55;5D;8F;2;2F;A8;6E;0;0;0;0;EF,FF;FF;FF;FF;FF;02;18;71;17;05;02;19;00;FF;FF;80;49;55;5D;8F;02;2F;A8;6E;00;00;00;00;EF,True,,True,67700.0,True,,True,255,255,255,255,255,2,24,113,23,5,2,25,0,255,255,128,73,85,93,143,2,47,168,110,0,0,0,0,239,1282,0.48828125,0,12.8,33,45,93,143,559,168,110,0
678,1373,FF;FF;FF;FF;FF;2;18;71;17;5;29;19;0;FF;FF;80;49;55;5D;8E;2;2C;A8;6E;0;0;0;0;CC,FF;FF;FF;FF;FF;02;18;71;17;05;29;19;00;FF;FF;80;49;55;5D;8E;02;2C;A8;6E;00;00;00;00;CC,True,,True,67800.0,True,,True,255,255,255,255,255,2,24,113,23,5,41,25,0,255,255,128,73,85,93,142,2,44,168,110,0,0,0,0,204,1321,0.48828125,0,12.8,33,45,93,142,556,168,110,0
679,1375,FF;FF;FF;FF;FF;2;18;71;17;5;29;19;0;FF;FF;80;49;55;5D;90;2;2C;A8;6E;0;0;0;0;CA,FF;FF;FF;FF;FF;02;18;71;17;05;29;19;00;FF;FF;80;49;55;5D;90;02;2C;A8;6E;00;00;00;00;CA,True,,True,67900.0,True,,True,255,255,255,255,255,2,24,113,23,5,41,25,0,255,255,128,73,85,93,144,2,44,168,110,0,0,0,0,202,1321,0.48828125,0,12.8,33,45,93,144,556,168,110,0
680,1377,FF;FF;FF;FF;FF;2;18;71;17;4;E4;19;0;FF;FF;80;49;55;5D;8F;2;35;A8;6E;0;0;0;0;8,FF;FF;FF;FF;FF;02;18;71;17;04;E4;19;00;FF;FF;80;49;55;5D;8F;02;35;A8;6E;00;00;00;00;08,True,,True,68000.0,True,,True,255,255,255,255,255,2,24,113,23,4,228,25,0,255,255,128,73,85,93,143,2,53,168,110,0,0,0,0,8,1252,0.48828125,0,12.8,33,45,93,143,565,168,110,0
681,1379,FF;FF;FF;FF;FF;2;18;71;17;5;3A;19;0;FF;FF;80;49;55;5D;8F;2;2B;A8;6E;0;0;0;0;BB,FF;FF;FF;FF;FF;02;18;71;17;05;3A;19;00;FF;FF;80;49;55;5D;8F;02;2B;A8;6E;00;00;00;00;BB,True,,True,68100.0,True,,True,255,255,255,255,255,2,24,113,23,5,58,25,0,255,255,128,73,85,93,143,2,43,168,110,0,0,0,0,187,1338,0.48828125,0,12.8,33,45,93,143,555,168,110,0
682,1381,FF;FF;FF;FF;FF;2;18;71;17;5;37;19;0;FF;FF;80;49;55;5D;91;2;2B;A8;6E;0;0;0;0;BC,FF;FF;FF;FF;FF;02;18;71;17;05;37;19;00;FF;FF;80;49;55;5D;91;02;2B;A8;6E;00;00;00;00;BC,True,,True,68200.0,True,,True,255,255,255,255,255,2,24,113,23,5,55,25,0,255,255,128,73,85,93,145,2,43,168,110,0,0,0,0,188,1335,0.48828125,0,12.8,33,45,93,145,555,168,110,0
683,1383,FF;FF;FF;FF;FF;2;18;71;17;5;49;19;0;FF;FF;80;49;55;5D;91;2;28;A8;6E;0;0;0;0;AD,FF;FF;FF;FF;FF;02;18;71;17;05;49;19;00;FF;FF;80;49;55;5D;91;02;28;A8;6E;00;00;00;00;AD,True,,True,68300.0,True,,True,255,255,255,255,255,2,24,113,23,5,73,25,0,255,255,128,73,85,93,145,2,40,168,110,0,0,0,0,173,1353,0.48828125,0,12.8,33,45,93,145,552,168,110,0
684,1385,FF;FF;FF;FF;FF;2;18;71;17;5;49;19;0;FF;FF;80;49;55;5D;93;2;28;A8;6E;0;0;0;0;AB,FF;FF;FF;FF;FF;02;18;71;17;05;49;19;00;FF;FF;80;49;55;5D;93;02;28;A8;6E;00;00;00;00;AB,True,,True,68400.0,True,,True,255,255,255,255,255,2,24,113,23,5,73,25,0,255,255,128,73,85,93,147,2,40,168,110,0,0,0,0,171,1353,0.48828125,0,12.8,33,45,93,147,552,168,110,0
685,1387,FF;FF;FF;FF;FF;2;18;71;17;5;3C;19;0;FF;FF;80;49;55;5D;91;2;29;A8;6E;0;0;0;0;B9,FF;FF;FF;FF;FF;02;18;71;17;05;3C;19;00;FF;FF;80;49;55;5D;91;02;29;A8;6E;00;00;00;00;B9,True,,True,68500.0,True,,True,255,255,255,255,255,2,24,113,23,5,60,25,0,255,255,128,73,85,93,145,2,41,168,110,0,0,0,0,185,1340,0.48828125,0,12.8,33,45,93,145,553,168,110,0
686,1389,FF;FF;FF;FF;FF;2;18;71;17;5;69;19;0;FF;FF;80;49;55;5D;8F;2;23;A8;6E;0;0;0;0;94,FF;FF;FF;FF;FF;02;18;71;17;05;69;19;00;FF;FF;80;49;55;5D;8F;02;23;A8;6E;00;00;00;00;94,True,,True,68600.0,True,,True,255,255,255,255,255,2,24,113,23,5,105,25,0,255,255,128,73,85,93,143,2,35,168,110,0,0,0,0,148,1385,0.48828125,0,12.8,33,45,93,143,547,168,110,0
687,1391,FF;FF;FF;FF;FF;2;18;71;17;5;60;19;0;FF;FF;80;49;55;5D;93;2;26;A8;6E;0;0;0;0;96,FF;FF;FF;FF;FF;02;18;71;17;05;60;19;00;FF;FF;80;49;55;5D;93;02;26;A8;6E;00;00;00;00;96,True,,True,68700.0,True,,True,255,255,255,255,255,2,24,113,23,5,96,25,0,255,255,128,73,85,93,147,2,38,168,110,0,0,0,0,150,1376,0.48828125,0,12.8,33,45,93,147,550,168,110,0
688,1393,FF;FF;FF;FF;FF;2;18;71;17;5;83;19;0;FF;FF;80;49;55;5D;91;2;20;A9;6E;0;0;0;0;7A,FF;FF;FF;FF;FF;02;18;71;17;05;83;19;00;FF;FF;80;49;55;5D;91;02;20;A9;6E;00;00;00;00;7A,True,,True,68800.0,True,,True,255,255,255,255,255,2,24,113,23,5,131,25,0,255,255,128,73,85,93,145,2,32,169,110,0,0,0,0,122,1411,0.48828125,0,12.8,33,45,93,145,544,169,110,0
689,1395,FF;FF;FF;FF;FF;2;18;71;17;5;67;19;0;FF;FF;80;49;55;5D;93;2;25;A9;6E;0;0;0;0;8F,FF;FF;FF;FF;FF;02;18;71;17;05;67;19;00;FF;FF;80;49;55;5D;93;02;25;A9;6E;00;00;00;00;8F,True,,True,68900.0,True,,True,255,255,255,255,255,2,24,113,23,5,103,25,0,255,255,128,73,85,93,147,2,37,169,110,0,0,0,0,143,1383,0.48828125,0,12.8,33,45,93,147,549,169,110,0
690,1397,FF;FF;FF;FF;FF;2;18;71;17;5;67;19;0;FF;FF;80;49;55;5D;92;2;25;A8;6E;0;0;0;0;91,FF;FF;FF;FF;FF;02;18;71;17;05;67;19;00;FF;FF;80;49;55;5D;92;02;25;A8;6E;00;00;00;00;91,True,,True,69000.0,True,,True,255,255,255,255,255,2,24,113,23,5,103,25,0,255,255,128,73,85,93,146,2,37,168,110,0,0,0,0,145,1383,0.48828125,0,12.8,33,45,93,146,549,168,110,0
691,1399,FF;FF;FF;FF;FF;2;18;71;17;5;89;19;0;FF;FF;80;49;55;5D;90;2;1F;AB;6E;0;0;0;0;74,FF;FF;FF;FF;FF;02;18;71;17;05;89;19;00;FF;FF;80;49;55;5D;90;02;1F;AB;6E;00;00;00;00;74,True,,True,69100.0,True,,True,255,255,255,255,255,2,24,113,23,5,137,25,0,255,255,128,73,85,93,144,2,31,171,110,0,0,0,0,116,1417,0.48828125,0,12.8,33,45,93,144,543,171,110,0
692,1401,FF;FF;FF;FF;FF;2;18;71;17;5;79;19;0;FF;FF;80;49;55;5D;91;2;24;A9;6E;0;0;0;0;80,FF;FF;FF;FF;FF;02;18;71;17;05;79;19;00;FF;FF;80;49;55;5D;91;02;24;A9;6E;00;00;00;00;80,True,,True,69200.0,True,,True,255,255,255,255,255,2,24,113,23,5,121,25,0,255,255,128,73,85,93,145,2,36,169,110,0,0,0,0,128,1401,0.48828125,0,12.8,33,45,93,145,548,169,110,0
693,1403,FF;FF;FF;FF;FF;2;18;71;17;5;89;19;0;FF;FF;80;49;55;5D;90;2;1F;AA;6E;0;0;0;0;75,FF;FF;FF;FF;FF;02;18;71;17;05;89;19;00;FF;FF;80;49;55;5D;90;02;1F;AA;6E;00;00;00;00;75,True,,True,69300.0,True,,True,255,255,255,255,255,2,24,113,23,5,137,25,0,255,255,128,73,85,93,144,2,31,170,110,0,0,0,0,117,1417,0.48828125,0,12.8,33,45,93,144,543,170,110,0
694,1405,FF;FF;FF;FF;FF;2;18;71;17;5;71;19;0;FF;FF;80;49;55;5D;92;2;24;A8;6E;0;0;0;0;88,FF;FF;FF;FF;FF;02;18;71;17;05;71;19;00;FF;FF;80;49;55;5D;92;02;24;A8;6E;00;00;00;00;88,True,,True,69400.0,True,,True,255,255,255,255,255,2,24,113,23,5,113,25,0,255,255,128,73,85,93,146,2,36,168,110,0,0,0,0,136,1393,0.48828125,0,12.8,33,45,93,146,548,168,110,0
695,1407,FF;FF;FF;FF;FF;2;18;71;17;5;91;19;0;FF;FF;80;49;55;5D;92;2;1D;AD;6E;0;0;0;0;6A,FF;FF;FF;FF;FF;02;18;71;17;05;91;19;00;FF;FF;80;49;55;5D;92;02;1D;AD;6E;00;00;00;00;6A,True,,True,69500.0,True,,True,255,255,255,255,255,2,24,113,23,5,145,25,0,255,255,128,73,85,93,146,2,29,173,110,0,0,0,0,106,1425,0.48828125,0,12.8,33,45,93,146,541,173,110,0
696,1409,FF;FF;FF;FF;FF;2;18;71;17;5;91;19;0;FF;FF;80;49;55;5D;92;2;1D;AD;6E;0;0;0;0;6A,FF;FF;FF;FF;FF;02;18;71;17;05;91;19;00;FF;FF;80;49;55;5D;92;02;1D;AD;6E;00;00;00;00;6A,True,,True,69600.0,True,,True,255,255,255,255,255,2,24,113,23,5,145,25,0,255,255,128,73,85,93,146,2,29,173,110,0,0,0,0,106,1425,0.48828125,0,12.8,33,45,93,146,541,173,110,0
697,1411,FF;FF;FF;FF;FF;2;18;71;17;5;7F;19;0;FF;FF;80;49;55;5D;91;2;22;AB;6E;1;0;0;0;79,FF;FF;FF;FF;FF;02;18;71;17;05;7F;19;00;FF;FF;80;49;55;5D;91;02;22;AB;6E;01;00;00;00;79,True,,True,69700.0,True,,True,255,255,255,255,255,2,24,113,23,5,127,25,0,255,255,128,73,85,93,145,2,34,171,110,1,0,0,0,121,1407,0.48828125,0,12.8,33,45,93,145,546,171,110,1
698,1413,FF;FF;FF;FF;FF;2;18;71;17;5;97;19;0;FF;FF;80;49;55;5D;90;2;1C;AF;6E;1;0;0;0;64,FF;FF;FF;FF;FF;02;18;71;17;05;97;19;00;FF;FF;80;49;55;5D;90;02;1C;AF;6E;01;00;00;00;64,True,,True,69800.0,True,,True,255,255,255,255,255,2,24,113,23,5,151,25,0,255,255,128,73,85,93,144,2,28,175,110,1,0,0,0,100,1431,0.48828125,0,12.8,33,45,93,144,540,175,110,1
699,1415,FF;FF;FF;FF;FF;2;18;71;17;5;83;19;0;FF;FF;80;49;55;5D;91;2;22;AD;6E;0;0;0;0;74,FF;FF;FF;FF;FF;02;18;71;17;05;83;19;00;FF;FF;80;49;55;5D;91;02;22;AD;6E;00;00;00;00;74,True,,True,69900.0,True,,True,255,255,255,255,255,2,24,113,23,5,131,25,0,255,255,128,73,85,93,145,2,34,173,110,0,0,0,0,116,1411,0.48828125,0,12.8,33,45,93,145,546,173,110,0
700,1417,FF;FF;FF;FF;FF;2;18;71;17;5;B7;19;0;FF;FF;80;49;55;5D;91;2;16;B2;6E;0;0;0;0;47,FF;FF;FF;FF;FF;02;18;71;17;05;B7;19;00;FF;FF;80;49;55;5D;91;02;16;B2;6E;00;00;00;00;47,True,,True,70000.0,True,,True,255,255,255,255,255,2,24,113,23,5,183,25,0,255,255,128,73,85,93,145,2,22,178,110,0,0,0,0,71,1463,0.48828125,0,12.8,33,45,93,145,534,178,110,0
701,1419,FF;FF;FF;FF;FF;2;18;71;17;5;BD;19;0;FF;FF;80;49;55;5D;93;2;15;B1;6E;1;0;0;0;40,FF;FF;FF;FF;FF;02;18;71;17;05;BD;19;00;FF;FF;80;49;55;5D;93;02;15;B1;6E;01;00;00;00;40,True,,True,70100.0,True,,True,255,255,255,255,255,2,24,113,23,5,189,25,0,255,255,128,73,85,93,147,2,21,177,110,1,0,0,0,64,1469,0.48828125,0,12.8,33,45,93,147,533,177,110,1
702,1421,FF;FF;FF;FF;FF;2;18;71;17;5;C9;19;0;FF;FF;80;49;55;5D;93;2;13;B1;6E;1;0;0;0;36,FF;FF;FF;FF;FF;02;18;71;17;05;C9;19;00;FF;FF;80;49;55;5D;93;02;13;B1;6E;01;00;00;00;36,True,,True,70200.0,True,,True,255,255,255,255,255,2,24,113,23,5,201,25,0,255,255,128,73,85,93,147,2,19,177,110,1,0,0,0,54,1481,0.48828125,0,12.8,33,45,93,147,531,177,110,1
703,1423,FF;FF;FF;FF;FF;2;18;71;17;5;C9;19;0;FF;FF;80;49;55;5D;92;2;13;B0;6E;1;0;0;0;38,FF;FF;FF;FF;FF;02;18;71;17;05;C9;19;00;FF;FF;80;49;55;5D;92;02;13;B0;6E;01;00;00;00;38,True,,True,70300.0,True,,True,255,255,255,255,255,2,24,113,23,5,201,25,0,255,255,128,73,85,93,146,2,19,176,110,1,0,0,0,56,1481,0.48828125,0,12.8,33,45,93,146,531,176,110,1
704,1425,FF;FF;FF;FF;FF;2;18;71;17;5;C3;19;0;FF;FF;80;49;55;5D;91;2;14;B0;6E;1;0;0;0;3E,FF;FF;FF;FF;FF;02;18;71;17;05;C3;19;00;FF;FF;80;49;55;5D;91;02;14;B0;6E;01;00;00;00;3E,True,,True,70400.0,True,,True,255,255,255,255,255,2,24,113,23,5,195,25,0,255,255,128,73,85,93,145,2,20,176,110,1,0,0,0,62,1475,0.48828125,0,12.8,33,45,93,145,532,176,110,1
705,1427,FF;FF;FF;FF;FF;2;18;71;17;5;DF;19;0;FF;FF;80;49;55;5D;90;2;F;AF;6E;1;0;0;0;29,FF;FF;FF;FF;FF;02;18;71;17;05;DF;19;00;FF;FF;80;49;55;5D;90;02;0F;AF;6E;01;00;00;00;29,True,,True,70500.0,True,,True,255,255,255,255,255,2,24,113,23,5,223,25,0,255,255,128,73,85,93,144,2,15,175,110,1,0,0,0,41,1503,0.48828125,0,12.8,33,45,93,144,527,175,110,1
706,1429,FF;FF;FF;FF;FF;2;18;71;17;5;D0;19;0;FF;FF;80;49;55;5D;90;2;14;AF;6E;1;0;0;0;33,FF;FF;FF;FF;FF;02;18;71;17;05;D0;19;00;FF;FF;80;49;55;5D;90;02;14;AF;6E;01;00;00;00;33,True,,True,70600.0,True,,True,255,255,255,255,255,2,24,113,23,5,208,25,0,255,255,128,73,85,93,144,2,20,175,110,1,0,0,0,51,1488,0.48828125,0,12.8,33,45,93,144,532,175,110,1
707,1431,FF;FF;FF;FF;FF;2;18;71;17;5;EC;19;0;FF;FF;80;49;55;5D;90;2;E;AF;6E;1;0;0;0;1D,FF;FF;FF;FF;FF;02;18;71;17;05;EC;19;00;FF;FF;80;49;55;5D;90;02;0E;AF;6E;01;00;00;00;1D,True,,True,70700.0,True,,True,255,255,255,255,255,2,24,113,23,5,236,25,0,255,255,128,73,85,93,144,2,14,175,110,1,0,0,0,29,1516,0.48828125,0,12.8,33,45,93,144,526,175,110,1
708,1433,FF;FF;FF;FF;FF;2;18;71;17;5;FA;19;0;FF;FF;80;49;55;5D;91;2;A;AF;6E;1;0;0;0;12,FF;FF;FF;FF;FF;02;18;71;17;05;FA;19;00;FF;FF;80;49;55;5D;91;02;0A;AF;6E;01;00;00;00;12,True,,True,70800.0,True,,True,255,255,255,255,255,2,24,113,23,5,250,25,0,255,255,128,73,85,93,145,2,10,175,110,1,0,0,0,18,1530,0.48828125,0,12.8,33,45,93,145,522,175,110,1
709,1435,FF;FF;FF;FF;FF;2;18;71;17;5;FC;19;0;FF;FF;80;49;55;5D;91;2;8;AF;6E;1;0;0;0;12,FF;FF;FF;FF;FF;02;18;71;17;05;FC;19;00;FF;FF;80;49;55;5D;91;02;08;AF;6E;01;00;00;00;12,True,,True,70900.0,True,,True,255,255,255,255,255,2,24,113,23,5,252,25,0,255,255,128,73,85,93,145,2,8,175,110,1,0,0,0,18,1532,0.48828125,0,12.8,33,45,93,145,520,175,110,1
710,1437,FF;FF;FF;FF;FF;2;18;71;17;5;ED;19;0;FF;FF;80;49;55;5D;91;2;D;AF;6E;1;0;0;0;1C,FF;FF;FF;FF;FF;02;18;71;17;05;ED;19;00;FF;FF;80;49;55;5D;91;02;0D;AF;6E;01;00;00;00;1C,True,,True,71000.0,True,,True,255,255,255,255,255,2,24,113,23,5,237,25,0,255,255,128,73,85,93,145,2,13,175,110,1,0,0,0,28,1517,0.48828125,0,12.8,33,45,93,145,525,175,110,1
711,1439,FF;FF;FF;FF;FF;2;18;71;17;5;EB;19;0;FF;FF;80;49;55;5D;8F;2;E;AF;6E;1;0;0;0;1F,FF;FF;FF;FF;FF;02;18;71;17;05;EB;19;00;FF;FF;80;49;55;5D;8F;02;0E;AF;6E;01;00;00;00;1F,True,,True,71100.0,True,,True,255,255,255,255,255,2,24,113,23,5,235,25,0,255,255,128,73,85,93,143,2,14,175,110,1,0,0,0,31,1515,0.48828125,0,12.8,33,45,93,143,526,175,110,1
712,1441,FF;FF;FF;FF;FF;2;18;71;17;5;D3;1A;0;FF;FF;80;49;55;5D;91;2;16;AF;6E;1;0;0;0;2C,FF;FF;FF;FF;FF;02;18;71;17;05;D3;1A;00;FF;FF;80;49;55;5D;91;02;16;AF;6E;01;00;00;00;2C,True,,True,71200.0,True,,True,255,255,255,255,255,2,24,113,23,5,211,26,0,255,255,128,73,85,93,145,2,22,175,110,1,0,0,0,44,1491,0.5078125,0,12.8,33,45,93,145,534,175,110,1
713,1443,FF;FF;FF;FF;FF;2;18;71;17;5;D3;1A;0;FF;FF;80;49;55;5D;90;2;16;B0;6E;1;0;0;0;2C,FF;FF;FF;FF;FF;02;18;71;17;05;D3;1A;00;FF;FF;80;49;55;5D;90;02;16;B0;6E;01;00;00;00;2C,True,,True,71300.0,True,,True,255,255,255,255,255,2,24,113,23,5,211,26,0,255,255,128,73,85,93,144,2,22,176,110,1,0,0,0,44,1491,0.5078125,0,12.8,33,45,93,144,534,176,110,1
714,1445,FF;FF;FF;FF;FF;2;18;71;17;5;A2;1A;0;FF;FF;80;49;55;5D;8F;2;1F;B3;6E;1;0;0;0;52,FF;FF;FF;FF;FF;02;18;71;17;05;A2;1A;00;FF;FF;80;49;55;5D;8F;02;1F;B3;6E;01;00;00;00;52,True,,True,71400.0,True,,True,255,255,255,255,255,2,24,113,23,5,162,26,0,255,255,128,73,85,93,143,2,31,179,110,1,0,0,0,82,1442,0.5078125,0,12.8,33,45,93,143,543,179,110,1
715,1447,FF;FF;FF;FF;FF;2;18;71;17;5;88;1A;0;FF;FF;80;49;55;5D;8D;2;23;AC;6E;1;0;0;0;71,FF;FF;FF;FF;FF;02;18;71;17;05;88;1A;00;FF;FF;80;49;55;5D;8D;02;23;AC;6E;01;00;00;00;71,True,,True,71500.0,True,,True,255,255,255,255,255,2,24,113,23,5,136,26,0,255,255,128,73,85,93,141,2,35,172,110,1,0,0,0,113,1416,0.5078125,0,12.8,33,45,93,141,547,172,110,1
716,1449,FF;FF;FF;FF;FF;2;18;71;17;5;7F;1A;0;FF;FF;80;49;55;5D;8F;2;26;AA;6E;1;0;0;0;77,FF;FF;FF;FF;FF;02;18;71;17;05;7F;1A;00;FF;FF;80;49;55;5D;8F;02;26;AA;6E;01;00;00;00;77,True,,True,71600.0,True,,True,255,255,255,255,255,2,24,113,23,5,127,26,0,255,255,128,73,85,93,143,2,38,170,110,1,0,0,0,119,1407,0.5078125,0,12.8,33,45,93,143,550,170,110,1
717,1451,FF;FF;FF;FF;FF;2;18;71;17;5;7D;1A;0;FF;FF;80;49;55;5D;90;2;26;A8;6E;1;0;0;0;7A,FF;FF;FF;FF;FF;02;18;71;17;05;7D;1A;00;FF;FF;80;49;55;5D;90;02;26;A8;6E;01;00;00;00;7A,True,,True,71700.0,True,,True,255,255,255,255,255,2,24,113,23,5,125,26,0,255,255,128,73,85,93,144,2,38,168,110,1,0,0,0,122,1405,0.5078125,0,12.8,33,45,93,144,550,168,110,1
718,1453,FF;FF;FF;FF;FF;2;18;71;17;5;7E;1A;0;FF;FF;80;49;55;5D;91;2;26;A8;6E;1;0;0;0;78,FF;FF;FF;FF;FF;02;18;71;17;05;7E;1A;00;FF;FF;80;49;55;5D;91;02;26;A8;6E;01;00;00;00;78,True,,True,71800.0,True,,True,255,255,255,255,255,2,24,113,23,5,126,26,0,255,255,128,73,85,93,145,2,38,168,110,1,0,0,0,120,1406,0.5078125,0,12.8,33,45,93,145,550,168,110,1
719,1455,FF;FF;FF;FF;FF;2;18;71;17;5;7E;1A;0;FF;FF;80;49;55;5D;8F;2;26;AA;6E;1;0;0;0;78,FF;FF;FF;FF;FF;02;18;71;17;05;7E;1A;00;FF;FF;80;49;55;5D;8F;02;26;AA;6E;01;00;00;00;78,True,,True,71900.0,True,,True,255,255,255,255,255,2,24,113,23,5,126,26,0,255,255,128,73,85,93,143,2,38,170,110,1,0,0,0,120,1406,0.5078125,0,12.8,33,45,93,143,550,170,110,1
720,1457,FF;FF;FF;FF;FF;2;18;71;17;5;6C;1A;0;FF;FF;80;49;55;5D;8C;2;28;A8;6E;1;0;0;0;8D,FF;FF;FF;FF;FF;02;18;71;17;05;6C;1A;00;FF;FF;80;49;55;5D;8C;02;28;A8;6E;01;00;00;00;8D,True,,True,72000.0,True,,True,255,255,255,255,255,2,24,113,23,5,108,26,0,255,255,128,73,85,93,140,2,40,168,110,1,0,0,0,141,1388,0.5078125,0,12.8,33,45,93,140,552,168,110,1
721,1459,FF;FF;FF;FF;FF;2;18;71;17;5;35;1A;0;FF;FF;80;49;55;5D;8F;2;2F;A8;6E;1;0;0;0;BA,FF;FF;FF;FF;FF;02;18;71;17;05;35;1A;00;FF;FF;80;49;55;5D;8F;02;2F;A8;6E;01;00;00;00;BA,True,,True,72100.0,True,,True,255,255,255,255,255,2,24,113,23,5,53,26,0,255,255,128,73,85,93,143,2,47,168,110,1,0,0,0,186,1333,0.5078125,0,12.8,33,45,93,143,559,168,110,1
722,1461,FF;FF;FF;FF;FF;2;18;71;17;5;55;1A;0;FF;FF;80;49;55;5D;8D;2;2A;A8;6E;1;0;0;0;A1,FF;FF;FF;FF;FF;02;18;71;17;05;55;1A;00;FF;FF;80;49;55;5D;8D;02;2A;A8;6E;01;00;00;00;A1,True,,True,72200.0,True,,True,255,255,255,255,255,2,24,113,23,5,85,26,0,255,255,128,73,85,93,141,2,42,168,110,1,0,0,0,161,1365,0.5078125,0,12.8,33,45,93,141,554,168,110,1
723,1463,FF;FF;FF;FF;FF;2;18;71;17;5;2B;1A;0;FF;FF;80;49;55;5D;90;2;2F;A8;6E;1;0;0;0;C3,FF;FF;FF;FF;FF;02;18;71;17;05;2B;1A;00;FF;FF;80;49;55;5D;90;02;2F;A8;6E;01;00;00;00;C3,True,,True,72300.0,True,,True,255,255,255,255,255,2,24,113,23,5,43,26,0,255,255,128,73,85,93,144,2,47,168,110,1,0,0,0,195,1323,0.5078125,0,12.8,33,45,93,144,559,168,110,1
724,1465,FF;FF;FF;FF;FF;2;18;71;17;5;2B;1A;0;FF;FF;80;49;55;5D;8F;2;2F;A8;6E;1;0;0;0;C4,FF;FF;FF;FF;FF;02;18;71;17;05;2B;1A;00;FF;FF;80;49;55;5D;8F;02;2F;A8;6E;01;00;00;00;C4,True,,True,72400.0,True,,True,255,255,255,255,255,2,24,113,23,5,43,26,0,255,255,128,73,85,93,143,2,47,168,110,1,0,0,0,196,1323,0.5078125,0,12.8,33,45,93,143,559,168,110,1
725,1467,FF;FF;FF;FF;FF;2;18;71;17;5;6F;1A;0;FF;FF;80;49;55;5D;8E;2;28;A8;6E;1;0;0;0;88,FF;FF;FF;FF;FF;02;18;71;17;05;6F;1A;00;FF;FF;80;49;55;5D;8E;02;28;A8;6E;01;00;00;00;88,True,,True,72500.0,True,,True,255,255,255,255,255,2,24,113,23,5,111,26,0,255,255,128,73,85,93,142,2,40,168,110,1,0,0,0,136,1391,0.5078125,0,12.8,33,45,93,142,552,168,110,1
726,1469,FF;FF;FF;FF;FF;2;18;71;17;5;5F;1A;0;FF;FF;80;49;54;5D;8E;2;29;A8;6E;1;0;0;0;98,FF;FF;FF;FF;FF;02;18;71;17;05;5F;1A;00;FF;FF;80;49;54;5D;8E;02;29;A8;6E;01;00;00;00;98,True,,True,72600.0,True,,True,255,255,255,255,255,2,24,113,23,5,95,26,0,255,255,128,73,84,93,142,2,41,168,110,1,0,0,0,152,1375,0.5078125,0,12.8,33,44,93,142,553,168,110,1
727,1471,FF;FF;FF;FF;FF;2;18;71;17;5;6B;1A;0;FF;FF;80;49;54;5D;8E;2;28;A8;6E;0;0;0;0;8E,FF;FF;FF;FF;FF;02;18;71;17;05;6B;1A;00;FF;FF;80;49;54;5D;8E;02;28;A8;6E;00;00;00;00;8E,True,,True,72700.0,True,,True,255,255,255,255,255,2,24,113,23,5,107,26,0,255,255,128,73,84,93,142,2,40,168,110,0,0,0,0,142,1387,0.5078125,0,12.8,33,44,93,142,552,168,110,0
728,1473,FF;FF;FF;FF;FF;2;18;71;17;5;6C;1A;0;FF;FF;80;49;54;5D;90;2;28;A8;6E;0;0;0;0;8B,FF;FF;FF;FF;FF;02;18;71;17;05;6C;1A;00;FF;FF;80;49;54;5D;90;02;28;A8;6E;00;00;00;00;8B,True,,True,72800.0,True,,True,255,255,255,255,255,2,24,113,23,5,108,26,0,255,255,128,73,84,93,144,2,40,168,110,0,0,0,0,139,1388,0.5078125,0,12.8,33,44,93,144,552,168,110,0
729,1475,FF;FF;FF;FF;FF;2;18;71;17;5;6C;1A;0;FF;FF;80;49;54;5D;90;2;28;A8;6E;0;0;0;0;8B,FF;FF;FF;FF;FF;02;18;71;17;05;6C;1A;00;FF;FF;80;49;54;5D;90;02;28;A8;6E;00;00;00;00;8B,True,,True,72900.0,True,,True,255,255,255,255,255,2,24,113,23,5,108,26,0,255,255,128,73,84,93,144,2,40,168,110,0,0,0,0,139,1388,0.5078125,0,12.8,33,44,93,144,552,168,110,0
730,1477,FF;FF;FF;FF;FF;2;18;71;17;5;79;1A;0;FF;FF;80;49;54;5D;8F;2;27;A8;6E;0;0;0;0;80,FF;FF;FF;FF;FF;02;18;71;17;05;79;1A;00;FF;FF;80;49;54;5D;8F;02;27;A8;6E;00;00;00;00;80,True,,True,73000.0,True,,True,255,255,255,255,255,2,24,113,23,5,121,26,0,255,255,128,73,84,93,143,2,39,168,110,0,0,0,0,128,1401,0.5078125,0,12.8,33,44,93,143,551,168,110,0
731,1479,FF;FF;FF;FF;FF;2;18;71;17;5;59;1A;0;FF;FF;80;49;54;5D;8D;2;2A;A8;6E;0;0;0;0;9F,FF;FF;FF;FF;FF;02;18;71;17;05;59;1A;00;FF;FF;80;49;54;5D;8D;02;2A;A8;6E;00;00;00;00;9F,True,,True,73100.0,True,,True,255,255,255,255,255,2,24,113,23,5,89,26,0,255,255,128,73,84,93,141,2,42,168,110,0,0,0,0,159,1369,0.5078125,0,12.8,33,44,93,141,554,168,110,0
732,1481,FF;FF;FF;FF;FF;2;18;71;17;5;7B;1A;0;FF;FF;80;49;54;5D;8E;2;26;A8;6E;0;0;0;0;80,FF;FF;FF;FF;FF;02;18;71;17;05;7B;1A;00;FF;FF;80;49;54;5D;8E;02;26;A8;6E;00;00;00;00;80,True,,True,73200.0,True,,True,255,255,255,255,255,2,24,113,23,5,123,26,0,255,255,128,73,84,93,142,2,38,168,110,0,0,0,0,128,1403,0.5078125,0,12.8,33,44,93,142,550,168,110,0
733,1483,FF;FF;FF;FF;FF;2;18;71;17;5;6B;1A;0;FF;FF;80;49;54;5D;8F;2;28;A8;6E;0;0;0;0;8D,FF;FF;FF;FF;FF;02;18;71;17;05;6B;1A;00;FF;FF;80;49;54;5D;8F;02;28;A8;6E;00;00;00;00;8D,True,,True,73300.0,True,,True,255,255,255,255,255,2,24,113,23,5,107,26,0,255,255,128,73,84,93,143,2,40,168,110,0,0,0,0,141,1387,0.5078125,0,12.8,33,44,93,143,552,168,110,0
734,1485,FF;FF;FF;FF;FF;2;18;71;17;5;84;1A;0;FF;FF;80;49;54;5D;90;2;25;AA;6E;0;0;0;0;74,FF;FF;FF;FF;FF;02;18;71;17;05;84;1A;00;FF;FF;80;49;54;5D;90;02;25;AA;6E;00;00;00;00;74,True,,True,73400.0,True,,True,255,255,255,255,255,2,24,113,23,5,132,26,0,255,255,128,73,84,93,144,2,37,170,110,0,0,0,0,116,1412,0.5078125,0,12.8,33,44,93,144,549,170,110,0
735,1487,FF;FF;FF;FF;FF;2;18;71;17;5;84;1A;0;FF;FF;80;49;54;5D;90;2;25;AA;6E;0;0;0;0;74,FF;FF;FF;FF;FF;02;18;71;17;05;84;1A;00;FF;FF;80;49;54;5D;90;02;25;AA;6E;00;00;00;00;74,True,,True,73500.0,True,,True,255,255,255,255,255,2,24,113,23,5,132,26,0,255,255,128,73,84,93,144,2,37,170,110,0,0,0,0,116,1412,0.5078125,0,12.8,33,44,93,144,549,170,110,0
736,1489,FF;FF;FF;FF;FF;2;18;71;17;5;72;1A;0;FF;FF;80;49;54;5D;8F;2;27;A8;6E;0;0;0;0;87,FF;FF;FF;FF;FF;02;18;71;17;05;72;1A;00;FF;FF;80;49;54;5D;8F;02;27;A8;6E;00;00;00;00;87,True,,True,73600.0,True,,True,255,255,255,255,255,2,24,113,23,5,114,26,0,255,255,128,73,84,93,143,2,39,168,110,0,0,0,0,135,1394,0.5078125,0,12.8,33,44,93,143,551,168,110,0
737,1491,FF;FF;FF;FF;FF;2;18;71;17;5;81;1A;0;FF;FF;80;49;54;5D;8E;2;25;A9;6E;0;0;0;0;7A,FF;FF;FF;FF;FF;02;18;71;17;05;81;1A;00;FF;FF;80;49;54;5D;8E;02;25;A9;6E;00;00;00;00;7A,True,,True,73700.0,True,,True,255,255,255,255,255,2,24,113,23,5,129,26,0,255,255,128,73,84,93,142,2,37,169,110,0,0,0,0,122,1409,0.5078125,0,12.8,33,44,93,142,549,169,110,0
738,1493,FF;FF;FF;FF;FF;2;18;71;17;5;66;1A;0;FF;FF;80;49;54;5D;8F;2;29;A8;6E;0;0;0;0;91,FF;FF;FF;FF;FF;02;18;71;17;05;66;1A;00;FF;FF;80;49;54;5D;8F;02;29;A8;6E;00;00;00;00;91,True,,True,73800.0,True,,True,255,255,255,255,255,2,24,113,23,5,102,26,0,255,255,128,73,84,93,143,2,41,168,110,0,0,0,0,145,1382,0.5078125,0,12.8,33,44,93,143,553,168,110,0
739,1495,FF;FF;FF;FF;FF;2;18;71;17;5;7B;1A;0;FF;FF;80;49;54;5D;8F;2;26;A8;6E;0;0;0;0;7F,FF;FF;FF;FF;FF;02;18;71;17;05;7B;1A;00;FF;FF;80;49;54;5D;8F;02;26;A8;6E;00;00;00;00;7F,True,,True,73900.0,True,,True,255,255,255,255,255,2,24,113,23,5,123,26,0,255,255,128,73,84,93,143,2,38,168,110,0,0,0,0,127,1403,0.5078125,0,12.8,33,44,93,143,550,168,110,0
740,1497,FF;FF;FF;FF;FF;2;18;71;17;5;7B;1A;0;FF;FF;80;49;54;5D;90;2;36;A8;6E;0;0;0;0;6E,FF;FF;FF;FF;FF;02;18;71;17;05;7B;1A;00;FF;FF;80;49;54;5D;90;02;36;A8;6E;00;00;00;00;6E,True,,True,74000.0,True,,True,255,255,255,255,255,2,24,113,23,5,123,26,0,255,255,128,73,84,93,144,2,54,168,110,0,0,0,0,110,1403,0.5078125,0,12.8,33,44,93,144,566,168,110,0
741,1499,FF;FF;FF;FF;FF;2;18;71;17;5;7B;1A;0;FF;FF;80;49;54;5D;90;2;36;A8;6E;0;0;0;0;6E,FF;FF;FF;FF;FF;02;18;71;17;05;7B;1A;00;FF;FF;80;49;54;5D;90;02;36;A8;6E;00;00;00;00;6E,True,,True,74100.0,True,,True,255,255,255,255,255,2,24,113,23,5,123,26,0,255,255,128,73,84,93,144,2,54,168,110,0,0,0,0,110,1403,0.5078125,0,12.8,33,44,93,144,566,168,110,0
742,1501,FF;FF;FF;FF;FF;2;18;71;17;5;75;1A;0;FF;FF;80;49;54;5D;8E;2;27;A8;6E;0;0;0;0;85,FF;FF;FF;FF;FF;02;18;71;17;05;75;1A;00;FF;FF;80;49;54;5D;8E;02;27;A8;6E;00;00;00;00;85,True,,True,74200.0,True,,True,255,255,255,255,255,2,24,113,23,5,117,26,0,255,255,128,73,84,93,142,2,39,168,110,0,0,0,0,133,1397,0.5078125,0,12.8,33,44,93,142,551,168,110,0
743,1503,FF;FF;FF;FF;FF;2;18;71;17;5;71;1A;0;FF;FF;80;49;54;5D;8D;2;28;A8;6E;0;0;0;0;89,FF;FF;FF;FF;FF;02;18;71;17;05;71;1A;00;FF;FF;80;49;54;5D;8D;02;28;A8;6E;00;00;00;00;89,True,,True,74300.0,True,,True,255,255,255,255,255,2,24,113,23,5,113,26,0,255,255,128,73,84,93,141,2,40,168,110,0,0,0,0,137,1393,0.5078125,0,12.8,33,44,93,141,552,168,110,0
744,1505,FF;FF;FF;FF;FF;2;18;71;17;5;66;1A;0;FF;FF;80;49;54;5D;8F;2;29;A8;6E;0;0;0;0;91,FF;FF;FF;FF;FF;02;18;71;17;05;66;1A;00;FF;FF;80;49;54;5D;8F;02;29;A8;6E;00;00;00;00;91,True,,True,74400.0,True,,True,255,255,255,255,255,2,24,113,23,5,102,26,0,255,255,128,73,84,93,143,2,41,168,110,0,0,0,0,145,1382,0.5078125,0,12.8,33,44,93,143,553,168,110,0
745,1507,FF;FF;FF;FF;FF;2;18;71;17;5;67;1C;1;FF;FF;80;49;54;5D;8F;2;38;A8;6E;0;0;0;0;7E,FF;FF;FF;FF;FF;02;18;71;17;05;67;1C;01;FF;FF;80;49;54;5D;8F;02;38;A8;6E;00;00;00;00;7E,True,,True,74500.0,True,,True,255,255,255,255,255,2,24,113,23,5,103,28,1,255,255,128,73,84,93,143,2,56,168,110,0,0,0,0,126,1383,0.546875,1,12.8,33,44,93,143,568,168,110,0
746,1509,FF;FF;FF;FF;FF;2;18;71;17;5;67;2D;F;FF;FF;7F;4A;54;5D;90;2;38;A8;6E;0;0;0;0;5E,FF;FF;FF;FF;FF;02;18;71;17;05;67;2D;0F;FF;FF;7F;4A;54;5D;90;02;38;A8;6E;00;00;00;00;5E,True,,True,74600.0,True,,True,255,255,255,255,255,2,24,113,23,5,103,45,15,255,255,127,74,84,93,144,2,56,168,110,0,0,0,0,94,1383,0.87890625,15,12.7,34,44,93,144,568,168,110,0
747,1511,FF;FF;FF;FF;FF;2;18;71;17;5;42;32;12;FF;FF;80;49;54;5D;90;5;74;9A;7C;0;0;0;0;3C,FF;FF;FF;FF;FF;02;18;71;17;05;42;32;12;FF;FF;80;49;54;5D;90;05;74;9A;7C;00;00;00;00;3C,True,,True,74700.0,True,,True,255,255,255,255,255,2,24,113,23,5,66,50,18,255,255,128,73,84,93,144,5,116,154,124,0,0,0,0,60,1346,0.9765625,18,12.8,33,44,93,144,1396,154,124,0
748,1513,FF;FF;FF;FF;FF;2;18;71;17;5;E8;31;12;FF;FF;80;49;54;5D;93;5;9A;9E;7C;0;0;0;0;6A,FF;FF;FF;FF;FF;02;18;71;17;05;E8;31;12;FF;FF;80;49;54;5D;93;05;9A;9E;7C;00;00;00;00;6A,True,,True,74800.0,True,,True,255,255,255,255,255,2,24,113,23,5,232,49,18,255,255,128,73,84,93,147,5,154,158,124,0,0,0,0,106,1512,0.95703125,18,12.8,33,44,93,147,1434,158,124,0
749,1515,FF;FF;FF;FF;FF;2;18;71;17;8;B2;1A;0;FF;FF;80;49;54;5D;92;2;37;C0;55;0;0;0;0;32,FF;FF;FF;FF;FF;02;18;71;17;08;B2;1A;00;FF;FF;80;49;54;5D;92;02;37;C0;55;00;00;00;00;32,True,,True,74900.0,True,,True,255,255,255,255,255,2,24,113,23,8,178,26,0,255,255,128,73,84,93,146,2,55,192,85,0,0,0,0,50,2226,0.5078125,0,12.8,33,44,93,146,567,192,85,0
750,1517,FF;FF;FF;FF;FF;2;18;71;17;9;6E;1A;0;FF;FF;80;49;54;5D;91;0;0;97;6E;0;0;0;0;BF,FF;FF;FF;FF;FF;02;18;71;17;09;6E;1A;00;FF;FF;80;49;54;5D;91;00;00;97;6E;00;00;00;00;BF,True,,True,75000.0,True,,True,255,255,255,255,255,2,24,113,23,9,110,26,0,255,255,128,73,84,93,145,0,0,151,110,0,0,0,0,191,2414,0.5078125,0,12.8,33,44,93,145,0,151,110,0
751,1519,FF;FF;FF;FF;FF;2;18;71;17;8;BA;1A;0;FF;FF;80;49;54;5D;93;1;9A;97;6E;0;0;0;0;D7,FF;FF;FF;FF;FF;02;18;71;17;08;BA;1A;00;FF;FF;80;49;54;5D;93;01;9A;97;6E;00;00;00;00;D7,True,,True,75100.0,True,,True,255,255,255,255,255,2,24,113,23,8,186,26,0,255,255,128,73,84,93,147,1,154,151,110,0,0,0,0,215,2234,0.5078125,0,12.8,33,44,93,147,410,151,110,0
752,1521,FF;FF;FF;FF;FF;2;18;71;17;8;9;1A;0;FF;FF;80;49;54;5D;91;1;AF;A8;6E;0;0;0;0;64,FF;FF;FF;FF;FF;02;18;71;17;08;09;1A;00;FF;FF;80;49;54;5D;91;01;AF;A8;6E;00;00;00;00;64,True,,True,75200.0,True,,True,255,255,255,255,255,2,24,113,23,8,9,26,0,255,255,128,73,84,93,145,1,175,168,110,0,0,0,0,100,2057,0.5078125,0,12.8,33,44,93,145,431,168,110,0
753,1523,FF;FF;FF;FF;FF;2;18;71;17;7;75;1A;0;FF;FF;80;49;54;5D;91;1;C3;AE;6E;0;0;0;0;DF,FF;FF;FF;FF;FF;02;18;71;17;07;75;1A;00;FF;FF;80;49;54;5D;91;01;C3;AE;6E;00;00;00;00;DF,True,,True,75300.0,True,,True,255,255,255,255,255,2,24,113,23,7,117,26,0,255,255,128,73,84,93,145,1,195,174,110,0,0,0,0,223,1909,0.5078125,0,12.8,33,44,93,145,451,174,110,0
754,1525,FF;FF;FF;FF;FF;2;18;71;17;6;E5;1A;0;FF;FF;80;49;54;5D;90;1;D9;AE;6E;0;0;0;0;5B,FF;FF;FF;FF;FF;02;18;71;17;06;E5;1A;00;FF;FF;80;49;54;5D;90;01;D9;AE;6E;00;00;00;00;5B,True,,True,75400.0,True,,True,255,255,255,255,255,2,24,113,23,6,229,26,0,255,255,128,73,84,93,144,1,217,174,110,0,0,0,0,91,1765,0.5078125,0,12.8,33,44,93,144,473,174,110,0
755,1527,FF;FF;FF;FF;FF;2;18;71;17;6;80;1A;0;FF;FF;80;49;54;5D;90;1;ED;AE;6E;0;0;0;0;AC,FF;FF;FF;FF;FF;02;18;71;17;06;80;1A;00;FF;FF;80;49;54;5D;90;01;ED;AE;6E;00;00;00;00;AC,True,,True,75500.0,True,,True,255,255,255,255,255,2,24,113,23,6,128,26,0,255,255,128,73,84,93,144,1,237,174,110,0,0,0,0,172,1664,0.5078125,0,12.8,33,44,93,144,493,174,110,0
756,1529,FF;FF;FF;FF;FF;2;18;71;17;6;2A;1A;0;FF;FF;80;49;54;5D;90;1;FB;AE;6E;0;0;0;0;F4,FF;FF;FF;FF;FF;02;18;71;17;06;2A;1A;00;FF;FF;80;49;54;5D;90;01;FB;AE;6E;00;00;00;00;F4,True,,True,75600.0,True,,True,255,255,255,255,255,2,24,113,23,6,42,26,0,255,255,128,73,84,93,144,1,251,174,110,0,0,0,0,244,1578,0.5078125,0,12.8,33,44,93,144,507,174,110,0
757,1531,FF;FF;FF;FF;FF;2;18;71;17;5;F7;19;0;FF;FF;80;49;54;5D;90;2;5;AE;6E;0;0;0;0;1E,FF;FF;FF;FF;FF;02;18;71;17;05;F7;19;00;FF;FF;80;49;54;5D;90;02;05;AE;6E;00;00;00;00;1E,True,,True,75700.0,True,,True,255,255,255,255,255,2,24,113,23,5,247,25,0,255,255,128,73,84,93,144,2,5,174,110,0,0,0,0,30,1527,0.48828125,0,12.8,33,44,93,144,517,174,110,0
758,1533,FF;FF;FF;FF;FF;2;18;71;17;5;AF;1A;0;FF;FF;80;49;54;5D;91;2;12;AE;6E;0;0;0;0;57,FF;FF;FF;FF;FF;02;18;71;17;05;AF;1A;00;FF;FF;80;49;54;5D;91;02;12;AE;6E;00;00;00;00;57,True,,True,75800.0,True,,True,255,255,255,255,255,2,24,113,23,5,175,26,0,255,255,128,73,84,93,145,2,18,174,110,0,0,0,0,87,1455,0.5078125,0,12.8,33,44,93,145,530,174,110,0
759,1535,FF;FF;FF;FF;FF;2;18;71;17;5;AF;1A;0;FF;FF;80;49;54;5D;90;2;12;B2;6E;0;0;0;0;54,FF;FF;FF;FF;FF;02;18;71;17;05;AF;1A;00;FF;FF;80;49;54;5D;90;02;12;B2;6E;00;00;00;00;54,True,,True,75900.0,True,,True,255,255,255,255,255,2,24,113,23,5,175,26,0,255,255,128,73,84,93,144,2,18,178,110,0,0,0,0,84,1455,0.5078125,0,12.8,33,44,93,144,530,178,110,0
760,1537,FF;FF;FF;FF;FF;2;18;71;17;5;92;1A;0;FF;FF;80;49;54;5D;8F;2;15;AF;6E;0;0;0;0;72,FF;FF;FF;FF;FF;02;18;71;17;05;92;1A;00;FF;FF;80;49;54;5D;8F;02;15;AF;6E;00;00;00;00;72,True,,True,76000.0,True,,True,255,255,255,255,255,2,24,113,23,5,146,26,0,255,255,128,73,84,93,143,2,21,175,110,0,0,0,0,114,1426,0.5078125,0,12.8,33,44,93,143,533,175,110,0
761,1539,FF;FF;FF;FF;FF;2;18;71;17;5;86;1A;0;FF;FF;80;49;54;5D;8F;2;17;AC;6E;0;0;0;0;7F,FF;FF;FF;FF;FF;02;18;71;17;05;86;1A;00;FF;FF;80;49;54;5D;8F;02;17;AC;6E;00;00;00;00;7F,True,,True,76100.0,True,,True,255,255,255,255,255,2,24,113,23,5,134,26,0,255,255,128,73,84,93,143,2,23,172,110,0,0,0,0,127,1414,0.5078125,0,12.8,33,44,93,143,535,172,110,0
762,1541,FF;FF;FF;FF;FF;2;18;71;17;5;84;1A;0;FF;FF;80;49;54;5D;8F;2;15;AA;6E;0;0;0;0;85,FF;FF;FF;FF;FF;02;18;71;17;05;84;1A;00;FF;FF;80;49;54;5D;8F;02;15;AA;6E;00;00;00;00;85,True,,True,76200.0,True,,True,255,255,255,255,255,2,24,113,23,5,132,26,0,255,255,128,73,84,93,143,2,21,170,110,0,0,0,0,133,1412,0.5078125,0,12.8,33,44,93,143,533,170,110,0
763,1543,FF;FF;FF;FF;FF;2;18;71;17;5;60;1A;0;FF;FF;80;49;54;5D;8F;2;29;A8;6E;0;0;0;0;97,FF;FF;FF;FF;FF;02;18;71;17;05;60;1A;00;FF;FF;80;49;54;5D;8F;02;29;A8;6E;00;00;00;00;97,True,,True,76300.0,True,,True,255,255,255,255,255,2,24,113,23,5,96,26,0,255,255,128,73,84,93,143,2,41,168,110,0,0,0,0,151,1376,0.5078125,0,12.8,33,44,93,143,553,168,110,0
764,1545,FF;FF;FF;FF;FF;2;18;71;17;5;64;1A;0;FF;FF;7F;4A;54;5D;90;2;29;A8;6E;0;0;0;0;92,FF;FF;FF;FF;FF;02;18;71;17;05;64;1A;00;FF;FF;7F;4A;54;5D;90;02;29;A8;6E;00;00;00;00;92,True,,True,76400.0,True,,True,255,255,255,255,255,2,24,113,23,5,100,26,0,255,255,127,74,84,93,144,2,41,168,110,0,0,0,0,146,1380,0.5078125,0,12.7,34,44,93,144,553,168,110,0
765,1547,FF;FF;FF;FF;FF;2;18;71;17;5;64;1A;0;FF;FF;80;49;54;5D;8F;2;29;A8;6E;0;0;0;0;93,FF;FF;FF;FF;FF;02;18;71;17;05;64;1A;00;FF;FF;80;49;54;5D;8F;02;29;A8;6E;00;00;00;00;93,True,,True,76500.0,True,,True,255,255,255,255,255,2,24,113,23,5,100,26,0,255,255,128,73,84,93,143,2,41,168,110,0,0,0,0,147,1380,0.5078125,0,12.8,33,44,93,143,553,168,110,0
766,1549,FF;FF;FF;FF;FF;2;18;71;17;5;66;1A;0;FF;FF;80;49;54;5D;8D;2;29;A8;6E;0;0;0;0;93,FF;FF;FF;FF;FF;02;18;71;17;05;66;1A;00;FF;FF;80;49;54;5D;8D;02;29;A8;6E;00;00;00;00;93,True,,True,76600.0,True,,True,255,255,255,255,255,2,24,113,23,5,102,26,0,255,255,128,73,84,93,141,2,41,168,110,0,0,0,0,147,1382,0.5078125,0,12.8,33,44,93,141,553,168,110,0
767,1551,FF;FF;FF;FF;FF;2;18;71;17;5;53;1A;0;FF;FF;7F;4A;54;5D;8E;2;2C;A8;6E;0;0;0;0;A2,FF;FF;FF;FF;FF;02;18;71;17;05;53;1A;00;FF;FF;7F;4A;54;5D;8E;02;2C;A8;6E;00;00;00;00;A2,True,,True,76700.0,True,,True,255,255,255,255,255,2,24,113,23,5,83,26,0,255,255,127,74,84,93,142,2,44,168,110,0,0,0,0,162,1363,0.5078125,0,12.7,34,44,93,142,556,168,110,0
768,1553,FF;FF;FF;FF;FF;2;18;71;17;5;3F;1A;0;FF;FF;80;49;54;5D;8D;2;2E;A8;6E;0;0;0;0;B5,FF;FF;FF;FF;FF;02;18;71;17;05;3F;1A;00;FF;FF;80;49;54;5D;8D;02;2E;A8;6E;00;00;00;00;B5,True,,True,76800.0,True,,True,255,255,255,255,255,2,24,113,23,5,63,26,0,255,255,128,73,84,93,141,2,46,168,110,0,0,0,0,181,1343,0.5078125,0,12.8,33,44,93,141,558,168,110,0
769,1555,FF;FF;FF;FF;FF;2;18;71;17;5;29;1A;0;FF;FF;7F;4A;54;5D;90;2;2F;A8;6E;0;0;0;0;C7,FF;FF;FF;FF;FF;02;18;71;17;05;29;1A;00;FF;FF;7F;4A;54;5D;90;02;2F;A8;6E;00;00;00;00;C7,True,,True,76900.0,True,,True,255,255,255,255,255,2,24,113,23,5,41,26,0,255,255,127,74,84,93,144,2,47,168,110,0,0,0,0,199,1321,0.5078125,0,12.7,34,44,93,144,559,168,110,0
770,1557,FF;FF;FF;FF;FF;2;18;71;17;5;29;1A;0;FF;FF;7F;4A;54;5D;8E;2;2F;A8;6E;0;0;0;0;C9,FF;FF;FF;FF;FF;02;18;71;17;05;29;1A;00;FF;FF;7F;4A;54;5D;8E;02;2F;A8;6E;00;00;00;00;C9,True,,True,77000.0,True,,True,255,255,255,255,255,2,24,113,23,5,41,26,0,255,255,127,74,84,93,142,2,47,168,110,0,0,0,0,201,1321,0.5078125,0,12.7,34,44,93,142,559,168,110,0
771,1559,FF;FF;FF;FF;FF;2;18;71;17;5;5D;1A;0;FF;FF;80;49;54;5D;8E;2;2B;A8;6E;0;0;0;0;99,FF;FF;FF;FF;FF;02;18;71;17;05;5D;1A;00;FF;FF;80;49;54;5D;8E;02;2B;A8;6E;00;00;00;00;99,True,,True,77100.0,True,,True,255,255,255,255,255,2,24,113,23,5,93,26,0,255,255,128,73,84,93,142,2,43,168,110,0,0,0,0,153,1373,0.5078125,0,12.8,33,44,93,142,555,168,110,0
772,1561,FF;FF;FF;FF;FF;2;18;71;17;5;67;1A;0;FF;FF;7F;4A;54;5D;90;2;29;A8;6E;0;0;0;0;8F,FF;FF;FF;FF;FF;02;18;71;17;05;67;1A;00;FF;FF;7F;4A;54;5D;90;02;29;A8;6E;00;00;00;00;8F,True,,True,77200.0,True,,True,255,255,255,255,255,2,24,113,23,5,103,26,0,255,255,127,74,84,93,144,2,41,168,110,0,0,0,0,143,1383,0.5078125,0,12.7,34,44,93,144,553,168,110,0
773,1563,FF;FF;FF;FF;FF;2;18;71;17;5;64;1A;0;FF;FF;80;49;54;5D;91;2;27;A8;6E;0;0;0;0;93,FF;FF;FF;FF;FF;02;18;71;17;05;64;1A;00;FF;FF;80;49;54;5D;91;02;27;A8;6E;00;00;00;00;93,True,,True,77300.0,True,,True,255,255,255,255,255,2,24,113,23,5,100,26,0,255,255,128,73,84,93,145,2,39,168,110,0,0,0,0,147,1380,0.5078125,0,12.8,33,44,93,145,551,168,110,0
774,1565,FF;FF;FF;FF;FF;2;18;71;17;5;62;1A;0;FF;FF;80;49;54;5D;93;2;26;A8;6E;0;0;0;0;94,FF;FF;FF;FF;FF;02;18;71;17;05;62;1A;00;FF;FF;80;49;54;5D;93;02;26;A8;6E;00;00;00;00;94,True,,True,77400.0,True,,True,255,255,255,255,255,2,24,113,23,5,98,26,0,255,255,128,73,84,93,147,2,38,168,110,0,0,0,0,148,1378,0.5078125,0,12.8,33,44,93,147,550,168,110,0
775,1567,FF;FF;FF;FF;FF;2;18;71;17;5;62;1A;0;FF;FF;80;49;54;5D;92;2;26;A8;6E;0;0;0;0;95,FF;FF;FF;FF;FF;02;18;71;17;05;62;1A;00;FF;FF;80;49;54;5D;92;02;26;A8;6E;00;00;00;00;95,True,,True,77500.0,True,,True,255,255,255,255,255,2,24,113,23,5,98,26,0,255,255,128,73,84,93,146,2,38,168,110,0,0,0,0,149,1378,0.5078125,0,12.8,33,44,93,146,550,168,110,0
776,1569,FF;FF;FF;FF;FF;2;18;71;17;5;68;1A;0;FF;FF;80;49;54;5D;90;2;23;A8;6E;0;0;0;0;94,FF;FF;FF;FF;FF;02;18;71;17;05;68;1A;00;FF;FF;80;49;54;5D;90;02;23;A8;6E;00;00;00;00;94,True,,True,77600.0,True,,True,255,255,255,255,255,2,24,113,23,5,104,26,0,255,255,128,73,84,93,144,2,35,168,110,0,0,0,0,148,1384,0.5078125,0,12.8,33,44,93,144,547,168,110,0
777,1571,FF;FF;FF;FF;FF;2;18;71;17;5;56;1A;0;FF;FF;80;49;54;5D;90;2;25;A8;6E;0;0;0;0;A4,FF;FF;FF;FF;FF;02;18;71;17;05;56;1A;00;FF;FF;80;49;54;5D;90;02;25;A8;6E;00;00;00;00;A4,True,,True,77700.0,True,,True,255,255,255,255,255,2,24,113,23,5,86,26,0,255,255,128,73,84,93,144,2,37,168,110,0,0,0,0,164,1366,0.5078125,0,12.8,33,44,93,144,549,168,110,0
778,1573,FF;FF;FF;FF;FF;2;18;71;17;5;4A;1A;0;FF;FF;7F;4A;54;5D;90;2;26;A8;6E;0;0;0;0;AF,FF;FF;FF;FF;FF;02;18;71;17;05;4A;1A;00;FF;FF;7F;4A;54;5D;90;02;26;A8;6E;00;00;00;00;AF,True,,True,77800.0,True,,True,255,255,255,255,255,2,24,113,23,5,74,26,0,255,255,127,74,84,93,144,2,38,168,110,0,0,0,0,175,1354,0.5078125,0,12.7,34,44,93,144,550,168,110,0
779,1575,FF;FF;FF;FF;FF;2;18;71;17;5;3C;19;0;FF;FF;7F;4A;54;5D;92;2;29;A8;6E;0;0;0;0;B9,FF;FF;FF;FF;FF;02;18;71;17;05;3C;19;00;FF;FF;7F;4A;54;5D;92;02;29;A8;6E;00;00;00;00;B9,True,,True,77900.0,True,,True,255,255,255,255,255,2,24,113,23,5,60,25,0,255,255,127,74,84,93,146,2,41,168,110,0,0,0,0,185,1340,0.48828125,0,12.7,34,44,93,146,553,168,110,0
780,1577,FF;FF;FF;FF;FF;2;18;71;17;5;3C;19;0;FF;FF;7F;4A;54;5D;92;2;29;A8;6E;0;0;0;0;B9,FF;FF;FF;FF;FF;02;18;71;17;05;3C;19;00;FF;FF;7F;4A;54;5D;92;02;29;A8;6E;00;00;00;00;B9,True,,True,78000.0,True,,True,255,255,255,255,255,2,24,113,23,5,60,25,0,255,255,127,74,84,93,146,2,41,168,110,0,0,0,0,185,1340,0.48828125,0,12.7,34,44,93,146,553,168,110,0
781,1579,FF;FF;FF;FF;FF;2;18;71;17;5;5F;19;0;FF;FF;7F;4A;53;5E;91;2;24;A8;6E;0;0;0;0;9C,FF;FF;FF;FF;FF;02;18;71;17;05;5F;19;00;FF;FF;7F;4A;53;5E;91;02;24;A8;6E;00;00;00;00;9C,True,,True,78100.0,True,,True,255,255,255,255,255,2,24,113,23,5,95,25,0,255,255,127,74,83,94,145,2,36,168,110,0,0,0,0,156,1375,0.48828125,0,12.7,34,43,94,145,548,168,110,0
782,1581,FF;FF;FF;FF;FF;2;18;71;17;5;5C;19;0;FF;FF;7F;4A;53;5E;91;2;24;A8;6E;0;0;0;0;9F,FF;FF;FF;FF;FF;02;18;71;17;05;5C;19;00;FF;FF;7F;4A;53;5E;91;02;24;A8;6E;00;00;00;00;9F,True,,True,78200.0,True,,True,255,255,255,255,255,2,24,113,23,5,92,25,0,255,255,127,74,83,94,145,2,36,168,110,0,0,0,0,159,1372,0.48828125,0,12.7,34,43,94,145,548,168,110,0
783,1583,FF;FF;FF;FF;FF;2;18;71;17;5;71;19;0;FF;FF;7F;4A;53;5E;91;2;23;A8;6E;0;0;0;0;8B,FF;FF;FF;FF;FF;02;18;71;17;05;71;19;00;FF;FF;7F;4A;53;5E;91;02;23;A8;6E;00;00;00;00;8B,True,,True,78300.0,True,,True,255,255,255,255,255,2,24,113,23,5,113,25,0,255,255,127,74,83,94,145,2,35,168,110,0,0,0,0,139,1393,0.48828125,0,12.7,34,43,94,145,547,168,110,0
784,1585,FF;FF;FF;FF;FF;2;18;71;17;5;6C;19;0;FF;FF;7F;4A;53;5E;92;2;23;A8;6E;0;0;0;0;8F,FF;FF;FF;FF;FF;02;18;71;17;05;6C;19;00;FF;FF;7F;4A;53;5E;92;02;23;A8;6E;00;00;00;00;8F,True,,True,78400.0,True,,True,255,255,255,255,255,2,24,113,23,5,108,25,0,255,255,127,74,83,94,146,2,35,168,110,0,0,0,0,143,1388,0.48828125,0,12.7,34,43,94,146,547,168,110,0
785,1587,FF;FF;FF;FF;FF;2;18;71;17;5;95;19;0;FF;FF;7F;4A;53;5E;93;2;1D;A8;6E;0;0;0;0;6B,FF;FF;FF;FF;FF;02;18;71;17;05;95;19;00;FF;FF;7F;4A;53;5E;93;02;1D;A8;6E;00;00;00;00;6B,True,,True,78500.0,True,,True,255,255,255,255,255,2,24,113,23,5,149,25,0,255,255,127,74,83,94,147,2,29,168,110,0,0,0,0,107,1429,0.48828125,0,12.7,34,43,94,147,541,168,110,0
786,1589,FF;FF;FF;FF;FF;2;18;71;17;5;95;19;0;FF;FF;80;49;53;5E;92;2;1D;AF;6E;0;0;0;0;65,FF;FF;FF;FF;FF;02;18;71;17;05;95;19;00;FF;FF;80;49;53;5E;92;02;1D;AF;6E;00;00;00;00;65,True,,True,78600.0,True,,True,255,255,255,255,255,2,24,113,23,5,149,25,0,255,255,128,73,83,94,146,2,29,175,110,0,0,0,0,101,1429,0.48828125,0,12.8,33,43,94,146,541,175,110,0
787,1591,FF;FF;FF;FF;FF;2;18;71;17;5;8A;19;0;FF;FF;7F;4A;53;5E;90;2;21;AE;6E;0;0;0;0;6F,FF;FF;FF;FF;FF;02;18;71;17;05;8A;19;00;FF;FF;7F;4A;53;5E;90;02;21;AE;6E;00;00;00;00;6F,True,,True,78700.0,True,,True,255,255,255,255,255,2,24,113,23,5,138,25,0,255,255,127,74,83,94,144,2,33,174,110,0,0,0,0,111,1418,0.48828125,0,12.7,34,43,94,144,545,174,110,0
788,1593,FF;FF;FF;FF;FF;2;18;71;17;5;9A;19;0;FF;FF;7F;4A;53;5E;90;2;1E;B0;6E;0;0;0;0;60,FF;FF;FF;FF;FF;02;18;71;17;05;9A;19;00;FF;FF;7F;4A;53;5E;90;02;1E;B0;6E;00;00;00;00;60,True,,True,78800.0,True,,True,255,255,255,255,255,2,24,113,23,5,154,25,0,255,255,127,74,83,94,144,2,30,176,110,0,0,0,0,96,1434,0.48828125,0,12.7,34,43,94,144,542,176,110,0
789,1595,FF;FF;FF;FF;FF;2;18;71;17;5;8E;19;0;FF;FF;7F;4A;53;5E;91;2;20;B0;6E;0;0;0;0;69,FF;FF;FF;FF;FF;02;18;71;17;05;8E;19;00;FF;FF;7F;4A;53;5E;91;02;20;B0;6E;00;00;00;00;69,True,,True,78900.0,True,,True,255,255,255,255,255,2,24,113,23,5,142,25,0,255,255,127,74,83,94,145,2,32,176,110,0,0,0,0,105,1422,0.48828125,0,12.7,34,43,94,145,544,176,110,0
790,1597,FF;FF;FF;FF;FF;2;18;71;17;5;B8;19;0;FF;FF;7F;4A;53;5E;91;2;16;B0;6E;0;0;0;0;49,FF;FF;FF;FF;FF;02;18;71;17;05;B8;19;00;FF;FF;7F;4A;53;5E;91;02;16;B0;6E;00;00;00;00;49,True,,True,79000.0,True,,True,255,255,255,255,255,2,24,113,23,5,184,25,0,255,255,127,74,83,94,145,2,22,176,110,0,0,0,0,73,1464,0.48828125,0,12.7,34,43,94,145,534,176,110,0
